﻿,,,,,,,,Standard,Standard,Standard,Standard,Standard,Standard,Standard,Standard,Standard,Standard,Standard,Standard,Expected,Expected,Expected,Expected,Expected,,#NAME?
Rk,Player,Nation,Pos,Squad,Age,Born,90s,Gls,Sh,SoT,SoT%,Sh/90,SoT/90,G/Sh,G/SoT,Dist,FK,PK,PKatt,xG,npxG,npxG/Sh,G-xG,np:G-xG,Matches,-9999
1,Rodrigo Abascal,uy URU,DF,Boavista,27,1994,26.5,1,11,3,27.3,0.41,0.11,0.09,0.33,22.9,2,0,0,0.4,0.4,0.04,0.6,0.6,Matches,088ae0d1
2,Giorgi Aburjania,ge GEO,MF,Gil Vicente FC,26,1995,8.6,2,10,3,30,1.16,0.35,0.2,0.67,22.7,3,0,0,0.8,0.8,0.08,1.2,1.2,Matches,0921a46c
3,Antonio Adán,es ESP,GK,Sporting CP,34,1987,33,0,0,0,,0,0,,,,0,0,0,0,0,,0,0,Matches,65d62814
4,João Afonso Crispim,br BRA,MF,Gil Vicente FC,26,1995,0.2,0,0,0,,0,0,,,,0,0,0,0,0,,0,0,Matches,e40bdb5d
5,João Afonso,pt POR,DF,Santa Clara,31,1990,12.4,0,5,2,40,0.4,0.16,0,0,14.5,0,0,0,0.5,0.5,0.11,-0.5,-0.5,Matches,a8f07c8f
6,Lucas Áfrico,br BRA,DF,Estoril,26,1995,10.7,0,5,1,20,0.47,0.09,0,0,23.4,2,0,0,0.3,0.3,0.05,-0.3,-0.3,Matches,8fd083bb
7,Salvador Agra,pt POR,FWMF,Tondela,29,1991,29,6,54,24,44.4,1.86,0.83,0.09,0.21,21.9,12,1,1,6.6,5.8,0.11,-0.6,-0.8,Matches,a130741a
8,Mohamed Aidara,ci CIV,DF,Vizela,24,1996,15,1,8,1,12.5,0.53,0.07,0.13,1,9.1,0,0,0,1.2,1.2,0.14,-0.2,-0.2,Matches,09c61cb2
9,Chima Akas,ng NGA,DF,B-SAD,27,1994,19.5,1,7,2,28.6,0.36,0.1,0.14,0.5,17.4,0,0,0,0.5,0.5,0.07,0.5,0.5,Matches,6187871f
10,Alex,br BRA,DF,Famalicão,22,1999,16.4,0,3,1,33.3,0.18,0.06,0,0,9.8,0,0,0,0.2,0.2,0.08,-0.2,-0.2,Matches,7367baf7
11,Almoatasembellah Ali,ly LBY,MF,Braga,25,1996,28.5,1,20,7,35,0.7,0.25,0.05,0.14,22.9,0,0,0,1.5,1.5,0.07,-0.5,-0.5,Matches,cd6a1a59
12,Ali Alipour,ir IRN,FW,Marítimo,25,1995,20,7,40,18,45,2,0.9,0.15,0.33,13.9,0,1,1,7.2,6.4,0.16,-0.2,-0.4,Matches,488ee64c
13,Allano,br BRA,FWMF,Santa Clara,26,1995,12.1,2,11,0,0,0.91,0,0,,22.9,0,2,2,2.9,1.3,0.12,-0.9,-1.3,Matches,9c1245f8
14,André Almeida,pt POR,DF,Benfica,30,1990,8.9,0,4,0,0,0.45,0,0,,16.5,0,0,0,0.4,0.4,0.1,-0.4,-0.4,Matches,67b3d74b
15,Domingos André Ribeiro Almeida,pt POR,MFFW,Vitória,21,2000,20.2,0,22,0,0,1.09,0,0,,24.3,0,0,1,1.4,1.3,0.06,-1.4,-1.3,Matches,e6697917
16,Baptiste Aloé,fr FRA,DF,Arouca,27,1994,0.7,0,1,0,0,1.34,0,0,,7.6,0,0,0,0.2,0.2,0.21,-0.2,-0.2,Matches,dd83724a
17,Omri Altman,il ISR,MF,Arouca,27,1994,1.5,0,5,1,20,3.28,0.66,0,0,16.1,0,0,0,0.2,0.2,0.05,-0.2,-0.2,Matches,0afff3b7
18,Alejandro Alvarado Jr.,us USA,MFFW,Vizela,18,2003,0.7,0,0,0,,0,0,,,,0,0,0,0,0,,0,0,Matches,14c93be3
19,Luís Alves,pt POR,DF,Paços,19,2001,3.4,0,4,0,0,1.17,0,0,,29.3,2,0,0,0.1,0.1,0.03,-0.1,-0.1,Matches,2102b074
20,Marcelo Alves,br BRA,DF,Tondela,23,1998,8.1,0,1,0,0,0.12,0,0,,6.2,0,0,0,0.2,0.2,0.18,-0.2,-0.2,Matches,29f81bd9
21,Ricardo Miguel Martins Alves,pt POR,DFMF,Tondela,30,1991,9.2,0,10,2,20,1.09,0.22,0,0,15.5,0,0,0,1,1,0.11,-1,-1,Matches,cc5eeb16
22,Pedro Amador,pt POR,MFDF,Moreirense,22,1998,13.3,0,8,2,25,0.6,0.15,0,0,18.5,1,0,0,0.8,0.8,0.1,-0.8,-0.8,Matches,00dad262
23,Amarildo,br BRA,DF,Famalicão,22,1999,0,0,0,0,,0,0,,,,0,0,0,0,0,,0,0,Matches,b5dd8abd
24,André Amaro,co COL,DF,Vitória,18,2002,6.3,0,0,0,,0,0,,,,0,0,0,0,0,,0,0,Matches,cdb9b8f2
25,Artur Jorge Marques Amorim,pt POR,DF,Moreirense,26,1994,22.2,1,8,3,37.5,0.36,0.14,0.13,0.33,14.6,0,0,0,1,1,0.13,0,0,Matches,801f3d1d
26,Anderson,br BRA,FWMF,Portimonense,23,1998,11.4,1,15,5,33.3,1.31,0.44,0.07,0.2,22,1,0,1,1.8,1.1,0.07,-0.8,-0.1,Matches,4242a0a1
27,Rodrigo Andrad,pt POR,MF,Marítimo,19,2001,0.1,0,0,0,,0,0,,,,0,0,0,0,0,,0,0,Matches,f667eb16
28,Léo Andrade,br BRA,DF,Marítimo,23,1998,14.3,0,4,0,0,0.28,0,0,,6.3,0,0,0,0.6,0.6,0.14,-0.6,-0.6,Matches,070eb3e3
29,André André,pt POR,MF,Vitória,31,1989,10.4,1,6,0,0,0.58,0,0,,21.8,0,1,1,1,0.3,0.04,0,-0.3,Matches,9f31b1d3
30,Mauro Andrés Caballero,py PAR,FW,Arouca,26,1994,0,0,0,0,,0,0,,,,0,0,0,0,0,,0,0,Matches,6a321e80
31,Andrew,br BRA,GK,Gil Vicente FC,20,2001,10,0,0,0,,0,0,,,,0,0,0,0,0,,0,0,Matches,40406a00
32,Iván Angulo,co COL,FWMF,Portimonense,22,1999,26.2,1,18,5,27.8,0.69,0.19,0.06,0.2,18.4,0,0,0,1.4,1.4,0.08,-0.4,-0.4,Matches,55a5d959
33,Antony,br BRA,FWMF,Arouca,19,2001,7.4,2,11,4,36.4,1.49,0.54,0.18,0.5,19.1,0,0,0,1.4,1.4,0.13,0.6,0.6,Matches,6a2381f7
34,Vitorino Antunes,pt POR,DF,Paços,34,1987,28.2,3,32,6,18.8,1.13,0.21,0.03,0.17,30.5,15,2,2,3.1,1.5,0.05,-0.1,-0.5,Matches,3e4f735d
35,Bilel Aouacheria,fr FRA,FWMF,Gil Vicente FC,27,1994,7.1,0,9,2,22.2,1.26,0.28,0,0,22.1,0,0,0,0.4,0.4,0.05,-0.4,-0.4,Matches,77bbc5b1
36,Wilinton Aponzá,co COL,FWMF,Portimonense,21,2000,8.3,1,14,6,42.9,1.69,0.73,0.07,0.17,15,0,0,0,1.6,1.6,0.12,-0.6,-0.6,Matches,6d058717
37,Brian Araújo,fr FRA,GK,Gil Vicente FC,21,2000,1,0,0,0,,0,0,,,,0,0,0,0,0,,0,0,Matches,100104d1
38,Henrique Araújo,pt POR,FW,Benfica,19,2002,1.4,3,11,4,36.4,8.11,2.95,0.27,0.75,8.2,0,0,0,2.9,2.9,0.26,0.1,0.1,Matches,353eb529
39,Guilherme Araújo Soares,pt POR,DF,Braga,20,2001,0.5,0,0,0,,0,0,,,,0,0,0,0,0,,0,0,Matches,925dd6eb
40,Tiago Araújo,pt POR,DFFW,Arouca,20,2001,5.3,0,5,2,40,0.95,0.38,0,0,20.5,0,0,0,0.4,0.4,0.08,-0.4,-0.4,Matches,1b54edb3
41,Tomás Araújo,pt POR,DF,Benfica,19,2002,1.1,0,1,0,0,0.94,0,0,,8.5,0,0,0,0.1,0.1,0.06,-0.1,-0.1,Matches,354d98ae
42,Telmo Arcanjo,cv CPV,MFFW,Tondela,20,2001,1.4,0,6,1,16.7,4.43,0.74,0,0,28.8,0,0,0,0.2,0.2,0.04,-0.2,-0.2,Matches,c692cef2
43,Arthur,br BRA,FWMF,Estoril,23,1998,24.4,2,26,8,30.8,1.07,0.33,0.08,0.25,20.2,1,0,0,1.9,1.9,0.07,0.1,0.1,Matches,184ad240
44,Gustavo Assuncao,pt POR,MF,Famalicão,21,2000,6.7,0,8,2,25,1.19,0.3,0,0,24,1,0,0,0.3,0.3,0.04,-0.3,-0.3,Matches,065c8786
45,Fernando Augusto,br BRA,GK,Arouca,24,1997,6.9,0,0,0,,0,0,,,,0,0,0,0,0,,0,0,Matches,b8a82624
46,Javier Avilés,es ESP,MFFW,Tondela,23,1997,1.7,0,1,0,0,0.59,0,0,,31.1,0,0,0,0,0,0.02,0,0,Matches,53ddba36
47,Chidozie Awaziem,ng NGA,DF,Boavista,24,1997,3,0,0,0,,0,0,,,,0,0,0,0,0,,0,0,Matches,70d8e84c
48,Abdoulaye Ba,sn SEN,DF,Arouca,30,1991,14.9,0,6,1,16.7,0.4,0.07,0,0,16.3,0,0,0,0.7,0.7,0.12,-0.7,-0.7,Matches,1f54ed90
49,Abdoulaye Ba,sn SEN,DF,Moreirense,30,1991,1,0,2,1,50,2,1,0,0,23.4,1,0,0,0.2,0.2,0.1,-0.2,-0.2,Matches,1f54ed90
50,Marco Baixinho,pt POR,DF,Paços,32,1989,24.3,0,7,1,14.3,0.29,0.04,0,0,12.6,0,0,0,0.6,0.6,0.09,-0.6,-0.6,Matches,11db0750
51,Ibrahima Bamba,ci CIV,MF,Vitória,19,2002,3.3,0,2,0,0,0.61,0,0,,30,0,0,0,0,0,0.02,0,0,Matches,09327ec3
52,Daniel Bandeira,pt POR,MF,Vitória,21,2000,0.2,0,1,0,0,4.09,0,0,,28.1,0,0,0,0,0,0.04,0,0,Matches,56fca564
53,Simon Banza,fr FRA,FW,Famalicão,24,1996,25.9,14,77,41,53.2,2.98,1.58,0.17,0.32,13.2,1,1,2,13.3,11.7,0.16,0.7,1.3,Matches,be47b750
54,Yves Baraye,sn SEN,FWMF,B-SAD,29,1992,11.8,2,15,5,33.3,1.27,0.42,0.13,0.4,16.5,1,0,0,2,2,0.13,0,0,Matches,9cf87d33
55,Rafael Barbosa,pt POR,MFFW,Tondela,25,1996,19.2,2,30,17,56.7,1.56,0.88,0.07,0.12,20.3,1,0,0,3.2,3.2,0.11,-1.2,-1.2,Matches,2a34574e
56,Romário Baró,pt POR,MF,Estoril,21,2000,4.3,0,7,1,14.3,1.64,0.23,0,0,21.5,0,0,0,0.4,0.4,0.05,-0.4,-0.4,Matches,a4e16ab4
57,Oscar Barreto,co COL,FWMF,Santa Clara,28,1993,3.9,0,8,2,25,2.06,0.51,0,0,17.7,0,0,0,1,1,0.13,-1,-1,Matches,9964fc60
58,Gil Bastião Dias,pt POR,DFFW,Benfica,24,1996,7.3,1,14,5,35.7,1.93,0.69,0.07,0.2,20.7,0,0,0,1.3,1.3,0.09,-0.3,-0.3,Matches,e61bdd69
59,Dylan Batubinsika,fr FRA,DF,Famalicão,25,1996,16.7,1,8,1,12.5,0.48,0.06,0.13,1,7.8,0,0,0,1.7,1.7,0.22,-0.7,-0.7,Matches,37d39918
60,Clésio Baúque,mz MOZ,DFFW,Marítimo,26,1994,5.3,0,5,2,40,0.95,0.38,0,0,23.6,0,0,0,0.2,0.2,0.03,-0.2,-0.2,Matches,c9b32c60
61,Bebeto,br BRA,DFMF,Tondela,31,1990,15.4,0,3,0,0,0.2,0,0,,22.4,0,0,0,0.2,0.2,0.06,-0.2,-0.2,Matches,835e8327
62,Alireza Beiranvand,ir IRN,GK,Boavista,28,1992,7.5,0,0,0,,0,0,,,,0,0,0,0,0,,0,0,Matches,6ca0b04a
63,Stefano Beltrame,it ITA,MF,Marítimo,28,1993,15.4,1,18,5,27.8,1.17,0.32,0.06,0.2,25.2,4,0,0,0.9,0.9,0.05,0.1,0.1,Matches,b50a9c75
64,Berna,pt POR,MF,Braga,18,2002,0,0,0,0,,0,0,,,,0,0,0,0,0,,0,0,Matches,1c14c246
65,Paulo Bernardo,pt POR,MF,Benfica,19,2002,8.7,0,18,5,27.8,2.08,0.58,0,0,19.1,0,0,0,1.6,1.6,0.09,-1.6,-1.6,Matches,4142f132
66,Beto,gw GNB,FW,Portimonense,23,1998,3,2,7,4,57.1,2.36,1.35,0.29,0.5,10.9,0,0,0,1.3,1.3,0.19,0.7,0.7,Matches,ed5c0319
67,Aylton Boa Morte,pt POR,FWMF,Portimonense,27,1993,12.3,3,15,5,33.3,1.22,0.41,0.13,0.4,18.5,0,1,1,1.6,0.8,0.05,1.4,1.2,Matches,b0332f23
68,Kennedy Boateng,tg TOG,DF,Santa Clara,24,1996,23.3,0,13,1,7.7,0.56,0.04,0,0,8.7,0,0,0,1.6,1.6,0.12,-1.6,-1.6,Matches,8ac5a646
69,Kiko Bondoso,pt POR,FW,Vizela,25,1995,30.2,6,45,15,33.3,1.49,0.5,0.13,0.4,16.4,0,0,0,4.6,4.6,0.1,1.4,1.4,Matches,eb60757f
70,Trova Boni,bf BFA,MF,B-SAD,21,1999,4.9,0,1,0,0,0.2,0,0,,31.3,0,0,0,0,0,0.03,0,0,Matches,43aea3c8
71,Toni Borevkovic,hr CRO,DF,Vitória,24,1997,22.1,0,9,2,22.2,0.41,0.09,0,0,11.2,0,0,0,1.3,1.3,0.15,-1.3,-1.3,Matches,d05eeced
72,Gonçalo Borges,pt POR,MF,Porto,20,2001,0.1,0,0,0,,0,0,,,,0,0,0,0,0,,0,0,Matches,4d1c4a5d
73,Neto Borges,br BRA,DFMF,Tondela,24,1996,23.7,1,14,4,28.6,0.59,0.17,0.07,0.25,20.2,0,0,0,0.7,0.7,0.05,0.3,0.3,Matches,9f936061
74,Pedro Borges,br BRA,MF,Tondela,24,1997,22.1,2,12,6,50,0.54,0.27,0.17,0.33,17.6,0,0,0,1.5,1.5,0.13,0.5,0.5,Matches,5bb699c4
75,Mohamed Bouldini,ma MAR,FW,Santa Clara,25,1995,1.7,0,9,2,22.2,5.33,1.18,0,0,10.2,0,0,0,1.6,1.6,0.18,-1.6,-1.6,Matches,bcd0b89f
76,Rafael Bracalli,br BRA,GK,Boavista,40,1981,26.5,0,0,0,,0,0,,,,0,0,0,0,0,,0,0,Matches,5f7d2dfe
77,Victor Braga,br BRA,GK,Arouca,29,1992,23.1,0,0,0,,0,0,,,,0,0,0,0,0,,0,0,Matches,871b35e7
78,Daniel Bragança,pt POR,MF,Sporting CP,22,1999,8.7,2,14,5,35.7,1.62,0.58,0.14,0.4,23,0,0,0,1.3,1.3,0.09,0.7,0.7,Matches,0c152537
79,Pedro Brazão,pt POR,MFFW,Famalicão,18,2002,4.2,1,4,2,50,0.96,0.48,0.25,0.5,15.2,0,0,0,0.6,0.6,0.15,0.4,0.4,Matches,0589c701
80,Brunão,br BRA,MF,Arouca,24,1997,0.2,0,0,0,,0,0,,,,0,0,0,0,0,,0,0,Matches,b1ed8257
81,Bruninho,br BRA,FW,Arouca,22,1999,3.3,1,27,8,29.6,8.21,2.43,0.04,0.13,15.5,0,0,0,2.4,2.4,0.09,-1.4,-1.4,Matches,6d31b1da
82,David Bruno,pt POR,DF,Estoril,29,1992,13.5,0,2,1,50,0.15,0.07,0,0,26.6,0,0,0,0.1,0.1,0.04,-0.1,-0.1,Matches,4b9e5cba
83,Matheus Bueno,br BRA,MFFW,Gil Vicente FC,23,1998,7.3,1,10,3,30,1.37,0.41,0.1,0.33,21.9,1,0,0,0.9,0.9,0.09,0.1,0.1,Matches,e90ec8d0
84,André Bukia,cd COD,FWMF,Arouca,26,1995,28.5,4,55,11,20,1.93,0.39,0.07,0.36,21.7,1,0,0,4.3,4.3,0.08,-0.3,-0.3,Matches,f9a92ea5
85,Leonardo Buta,pt POR,DF,Braga,19,2002,1.5,0,1,0,0,0.68,0,0,,24.5,0,0,0,0.1,0.1,0.06,-0.1,-0.1,Matches,dee3d535
86,Adrián Butzke,es ESP,FW,Paços,22,1999,6.4,2,13,4,30.8,2.02,0.62,0.15,0.5,17.7,0,0,0,1.1,1.1,0.08,0.9,0.9,Matches,505dce2b
87,Jovane Cabral,cv CPV,MFFW,Sporting CP,23,1998,3.8,1,8,1,12.5,2.09,0.26,0.13,1,16.6,0,0,1,1.6,0.8,0.1,-0.6,0.2,Matches,e34e086c
88,Paulo Henrique Rodrigues Cabral,pt POR,DF,Santa Clara,24,1996,13.9,0,8,1,12.5,0.58,0.07,0,0,10.9,0,0,0,1.1,1.1,0.13,-1.1,-1.1,Matches,750e1b50
89,Jhonder Cádiz,ve VEN,FWDF,Famalicão,26,1995,5,1,21,9,42.9,4.22,1.81,0.05,0.11,14.2,0,0,0,2.3,2.3,0.11,-1.3,-1.3,Matches,e8edfdc9
90,João Caiado,pt POR,FW,Gil Vicente FC,22,1999,0,0,0,0,,0,0,,,,0,0,0,0,0,,0,0,Matches,508433d7
91,Juan Calero,co COL,FW,Gil Vicente FC,22,1998,1.6,1,3,1,33.3,1.9,0.63,0.33,1,17.8,0,0,0,0.3,0.3,0.1,0.7,0.7,Matches,9a179298
92,Diogo Calila,pt POR,DFMF,B-SAD,22,1998,21.3,0,3,1,33.3,0.14,0.05,0,0,29.6,0,0,0,0.1,0.1,0.03,-0.1,-0.1,Matches,32044ced
93,Rafael Camacho,pt POR,FWMF,B-SAD,21,2000,9.8,0,20,7,35,2.05,0.72,0,0,21.7,2,0,0,1.5,1.5,0.07,-1.5,-1.5,Matches,91b43c98
94,Abel Camará,gw GNB,FW,B-SAD,31,1990,17.3,5,47,18,38.3,2.71,1.04,0.11,0.28,14.6,0,0,0,6.1,6.1,0.13,-1.1,-1.1,Matches,be80b225
95,Ibrahima Camará,gn GUI,MF,Moreirense,22,1999,18.9,0,35,6,17.1,1.86,0.32,0,0,24.8,3,0,1,2.2,1.4,0.04,-2.2,-1.4,Matches,922f894e
96,Gastón Campi,ar ARG,DF,Arouca,30,1991,4,0,3,0,0,0.75,0,0,,13,0,0,0,0.3,0.3,0.09,-0.3,-0.3,Matches,74223a01
97,Fali Candé,gw GNB,DF,Portimonense,23,1998,14.6,1,10,3,30,0.69,0.21,0.1,0.33,27.3,4,0,0,0.4,0.4,0.04,0.6,0.6,Matches,3cc4bb19
98,Francis Cann,gh GHA,FWMF,Vizela,23,1998,2.4,0,2,1,50,0.85,0.42,0,0,27.7,0,0,0,0.1,0.1,0.07,-0.1,-0.1,Matches,b182800f
99,Reggie Cannon,us USA,DF,Boavista,23,1998,19,0,4,0,0,0.21,0,0,,24.8,0,0,0,0.2,0.2,0.05,-0.2,-0.2,Matches,ad9ffc7e
100,Fábio Cardoso,pt POR,DF,Porto,27,1994,12,0,5,0,0,0.42,0,0,,12.3,0,0,0,0.4,0.4,0.08,-0.4,-0.4,Matches,4a5839fa
101,Carlinhos,br BRA,MF,Portimonense,27,1994,25.4,3,46,15,32.6,1.81,0.59,0.07,0.2,26.6,8,0,1,2.9,2.1,0.05,0.1,0.9,Matches,e19ca5b9
102,Carlos,br BRA,FW,Santa Clara,25,1995,2,2,9,1,11.1,4.5,0.5,0.11,1,20.5,0,1,1,1.6,0.8,0.09,0.4,0.2,Matches,901e930c
103,José Carlos,pt POR,DF,Gil Vicente FC,23,1998,27.3,0,8,2,25,0.29,0.07,0,0,21.8,0,0,0,0.3,0.3,0.04,-0.3,-0.3,Matches,4e2da7f7
104,Luíz Carlos,br BRA,MF,Paços,36,1985,28.9,0,11,1,9.1,0.38,0.03,0,0,23.5,0,0,0,0.4,0.4,0.04,-0.4,-0.4,Matches,296f0b3f
105,João Carlos Teixeira,pt POR,FWMF,Famalicão,28,1993,8.8,2,15,7,46.7,1.7,0.79,0.13,0.29,19.2,0,0,0,1.3,1.3,0.1,0.7,0.7,Matches,6.01E+14
106,David Carmo,pt POR,DF,Braga,22,1999,11,0,4,1,25,0.36,0.09,0,0,12.8,0,0,0,0.2,0.2,0.05,-0.2,-0.2,Matches,3ce20eda
107,Carraça,pt POR,DFMF,B-SAD,28,1993,24.5,0,31,7,22.6,1.26,0.29,0,0,28.1,10,0,0,1.4,1.4,0.05,-1.4,-1.4,Matches,d96144c9
108,Anderson Carvalho,br BRA,MF,Santa Clara,31,1990,21.1,0,21,1,4.8,1,0.05,0,0,23.1,0,0,0,0.9,0.9,0.04,-0.9,-0.9,Matches,043168bf
109,Duarte Carvalho,pt POR,MF,Estoril,19,2002,0.2,0,0,0,,0,0,,,,0,0,0,0,0,,0,0,Matches,de3e9cf9
110,Martim Carvalho,pt POR,MF,Benfica,18,2003,0.2,0,0,0,,0,0,,,,0,0,0,0,0,,0,0,Matches,f98c4f0a
111,Vitor Carvalho,br BRA,MF,Gil Vicente FC,24,1997,24.8,0,15,3,20,0.6,0.12,0,0,19.4,0,0,0,1.1,1.1,0.07,-1.1,-1.1,Matches,adc77724
112,Cassiano,br BRA,FW,Vizela,32,1989,17.7,7,46,11,23.9,2.61,0.62,0.13,0.55,14.9,2,1,1,6.8,6,0.13,0.2,0,Matches,46fa8966
113,Mateo Cassierra,co COL,FW,B-SAD,24,1997,1.9,0,0,0,,0,0,,,,0,0,0,0,0,,0,0,Matches,0f714df2
114,Moises Castillo,co COL,DFFW,Marítimo,20,2001,0.2,0,0,0,,0,0,,,,0,0,0,0,0,,0,0,Matches,0057a058
115,André Castro,pt POR,MF,Braga,33,1988,12.8,0,14,4,28.6,1.1,0.31,0,0,12.8,0,0,0,1.6,1.6,0.12,-1.6,-1.6,Matches,37d0048f
116,Tomás Castro,pt POR,MF,B-SAD,22,1999,0.6,0,0,0,,0,0,,,,0,0,0,0,0,,0,0,Matches,3e5f2323
117,Geny Catamo,mz MOZ,DF,Sporting CP,20,2001,0.3,0,0,0,,0,0,,,,0,0,0,0,0,,0,0,Matches,28cb9f21
118,Geny Catamo,mz MOZ,FWMF,Vitória,20,2001,2.5,0,8,1,12.5,3.16,0.39,0,0,23.4,0,0,0,0.5,0.5,0.06,-0.5,-0.5,Matches,28cb9f21
119,Charles,br BRA,GK,Vizela,27,1994,14,0,0,0,,0,0,,,,0,0,0,0,0,,0,0,Matches,9dadc297
120,Francisco Chico,pt POR,MFFW,B-SAD,23,1998,6.1,0,4,1,25,0.66,0.16,0,0,12.3,0,0,0,0.1,0.1,0.03,-0.1,-0.1,Matches,647bf324
121,Fábio China,pt POR,DF,Marítimo,29,1992,6.4,0,2,1,50,0.31,0.16,0,0,21.3,0,0,0,0.1,0.1,0.04,-0.1,-0.1,Matches,8c014897
122,Chiquinho,pt POR,FW,Estoril,21,2000,9.3,3,20,7,35,2.15,0.75,0.15,0.43,17.6,2,0,0,1.8,1.8,0.09,1.2,1.2,Matches,dc6c2f02
123,Chiquinho,pt POR,MFFW,Braga,26,1995,2.3,0,5,3,60,2.18,1.31,0,0,16,0,0,0,0.7,0.7,0.13,-0.7,-0.7,Matches,262e5a82
124,André Clóvis,br BRA,FW,Estoril,23,1997,9.7,1,21,6,28.6,2.16,0.62,0.05,0.17,15.7,0,0,1,2.6,1.9,0.09,-1.6,-0.9,Matches,42995526
125,Sebastián Coates,uy URU,DF,Sporting CP,30,1990,29.3,2,33,11,33.3,1.13,0.38,0.06,0.18,10.3,0,0,0,3.7,3.6,0.11,-1.7,-1.6,Matches,1fbbfbde
126,Racine Coly,sn SEN,DF,Estoril,25,1995,1.9,0,1,0,0,0.53,0,0,,32.7,0,0,0,0,0,0.02,0,0,Matches,166a981d
127,Francisco Conceição,pt POR,MFFW,Porto,18,2002,5.5,2,25,8,32,4.58,1.47,0.08,0.25,14.6,0,0,0,2.8,2.8,0.11,-0.8,-0.8,Matches,5ef3d210
128,Rodrigo Conceição,pt POR,DFMF,Moreirense,21,2000,4.3,0,1,0,0,0.23,0,0,,15.3,0,0,0,0.1,0.1,0.11,-0.1,-0.1,Matches,6fee9966
129,Abdu Conté,pt POR,DFMF,Moreirense,23,1998,15.3,0,5,1,20,0.33,0.07,0,0,13.3,0,0,0,0.4,0.4,0.07,-0.4,-0.4,Matches,cfa49cc1
130,Jeriel Córdova,ve VEN,FWMF,Boavista,19,2002,2.3,2,8,3,37.5,3.43,1.29,0.25,0.67,12.1,0,0,0,1.5,1.5,0.19,0.5,0.5,Matches,8898f8a2
131,Jesús Corona,mx MEX,DFMF,Porto,28,1993,4.3,0,3,2,66.7,0.7,0.46,0,0,12.7,0,0,0,0.6,0.6,0.21,-0.6,-0.6,Matches,fb938d24
132,Rui Filipe Cunha Correia,pt POR,MF,Santa Clara,26,1995,13.4,0,5,1,20,0.37,0.07,0,0,22.9,1,0,0,0.3,0.3,0.05,-0.3,-0.3,Matches,34270aeb
133,Bruno Xavier Almeida Costa,pt POR,MFDF,Porto,24,1997,7.5,0,7,3,42.9,0.94,0.4,0,0,25.5,1,0,0,0.4,0.4,0.06,-0.4,-0.4,Matches,7b4c1f6e
134,Diogo Costa,pt POR,GK,Porto,21,1999,33,0,0,0,,0,0,,,,0,0,0,0,0,,0,0,Matches,93fffbcf
135,Edgar Costa,pt POR,MFFW,Marítimo,34,1987,14.4,1,20,4,20,1.39,0.28,0.05,0.25,28.2,3,0,0,1.3,1.3,0.07,-0.3,-0.3,Matches,95469c7f
136,Matheus Costa,br BRA,DF,Marítimo,26,1995,21.1,5,15,9,60,0.71,0.43,0.33,0.56,9.4,0,0,0,2.7,2.7,0.18,2.3,2.3,Matches,3b87c918
137,Murilo Costa,br BRA,FWMF,Gil Vicente FC,26,1994,9.4,2,28,14,50,2.99,1.49,0.07,0.14,20.3,0,0,0,2.7,2.7,0.1,-0.7,-0.7,Matches,85733f33
138,Diogo Costa Rodrigues,pt POR,MF,Portimonense,21,1999,0.1,0,0,0,,0,0,,,,0,0,0,0,0,,0,0,Matches,a6f248e1
139,Rui Costa,pt POR,FW,Santa Clara,25,1996,21.8,5,55,21,38.2,2.52,0.96,0.09,0.24,21.1,0,0,0,7,7,0.13,-2,-2,Matches,ee43adcd
140,Tomás Costa Silva,pt POR,FWMF,Vizela,21,1999,0.4,0,2,1,50,4.62,2.31,0,0,9.5,0,0,0,0.3,0.3,0.13,-0.3,-0.3,Matches,4cf7d718
141,Vitor Costa,br BRA,DF,Marítimo,27,1994,28.4,0,14,1,7.1,0.49,0.04,0,0,24.7,5,0,0,0.7,0.7,0.05,-0.7,-0.7,Matches,e28ae695
142,Costinha,pt POR,FW,Santa Clara,28,1992,0.9,0,2,0,0,2.34,0,0,,30,0,0,0,0.1,0.1,0.03,-0.1,-0.1,Matches,af857562
143,Filipe Couto,pt POR,MF,Marítimo,27,1994,0.2,0,0,0,,0,0,,,,0,0,0,0,0,,0,0,Matches,a289c752
144,Yan Couto,br BRA,DFMF,Braga,19,2002,20,1,18,2,11.1,0.9,0.1,0.06,0.5,19,0,0,0,1.5,1.5,0.09,-0.5,-0.5,Matches,1944818c
145,Crespo,pt POR,MFFW,Estoril,24,1996,2.9,1,2,1,50,0.69,0.34,0.5,1,16,0,0,0,0.1,0.1,0.07,0.9,0.9,Matches,922dfade
146,Sandro Cruz,pt POR,DF,Benfica,20,2001,1.8,0,0,0,,0,0,,,,0,0,0,0,0,,0,0,Matches,e9543ec7
147,Crysan,br BRA,FW,Santa Clara,25,1996,15.9,7,43,19,44.2,2.71,1.2,0.14,0.32,16.8,2,1,1,6.5,5.7,0.13,0.5,0.3,Matches,70acbadc
148,Lucas Cunha,br BRA,DF,Gil Vicente FC,24,1997,32,2,7,2,28.6,0.22,0.06,0.29,1,18.3,0,0,0,0.8,0.8,0.12,1.2,1.2,Matches,0b8748ac
149,Sessi D'Almeida,bj BEN,MF,Tondela,25,1995,2.4,0,3,0,0,1.24,0,0,,23.1,0,0,0,0.2,0.2,0.05,-0.2,-0.2,Matches,2c574121
150,Oday Dabbagh,ps PLE,FWMF,Arouca,22,1998,7.6,4,27,11,40.7,3.55,1.45,0.15,0.36,15.2,0,0,0,4.2,4.2,0.16,-0.2,-0.2,Matches,cd384d5a
151,Julien Dacosta,fr FRA,DFMF,Portimonense,25,1996,4.4,0,4,2,50,0.9,0.45,0,0,14.4,0,0,0,0.2,0.2,0.05,-0.2,-0.2,Matches,6564b5c1
152,Renat Dadaşov,az AZE,FW,Tondela,22,1999,16,2,24,11,45.8,1.5,0.69,0.08,0.18,16.3,1,0,0,2.7,2.7,0.11,-0.7,-0.7,Matches,06dc2511
153,Dalberson,br BRA,GK,Famalicão,24,1997,2,0,0,0,,0,0,,,,0,0,0,0,0,,0,0,Matches,f9a8ed14
154,Daniel,br BRA,FW,Tondela,25,1996,17.7,4,28,7,25,1.58,0.39,0.11,0.43,17.5,3,1,1,3.8,3,0.11,0.2,0,Matches,fc2a8364
155,Tiago Dantas,pt POR,MF,Tondela,20,2000,12.2,1,10,4,40,0.82,0.33,0.1,0.25,21.6,0,0,0,1.1,1.1,0.11,-0.1,-0.1,Matches,234204f4
156,Or Dasa,il ISR,MFFW,Arouca,22,1998,0.6,0,1,0,0,1.61,0,0,,21.3,0,0,0,0,0,0.04,0,0,Matches,151d78b3
157,Hernán De La Fuente,ar ARG,DFMF,Famalicão,24,1997,10.3,0,10,3,30,0.97,0.29,0,0,16.3,0,0,0,1.4,1.4,0.14,-1.4,-1.4,Matches,035db54d
158,Juan Delgado,cl CHI,DFFW,Paços,28,1993,21.9,2,8,5,62.5,0.36,0.23,0.25,0.4,12.1,0,0,0,1.1,1.1,0.14,0.9,0.9,Matches,45a91d07
159,Denílson,br BRA,FW,Paços,26,1995,20.1,6,48,23,47.9,2.38,1.14,0.08,0.17,17.7,0,2,2,6.4,4.8,0.1,-0.4,-0.8,Matches,4447f575
160,Jordan van der Gaag,nl NED,MFFW,B-SAD,22,1999,2,0,1,1,100,0.51,0.51,0,0,18.1,0,0,0,0.1,0.1,0.11,-0.1,-0.1,Matches,f494d090
161,Lamine Diaby,fr FRA,MFFW,Paços,24,1996,2.5,0,9,2,22.2,3.58,0.8,0,0,19.5,0,0,0,0.5,0.5,0.06,-0.5,-0.5,Matches,8c410668
162,Luis Díaz,co COL,MFFW,Porto,24,1997,16.6,14,62,25,40.3,3.74,1.51,0.23,0.56,15.1,1,0,1,12.4,11.7,0.19,1.6,2.3,Matches,4a1a9578
163,Marcelo Djaló,gw GNB,DF,Boavista,27,1993,0.6,0,1,0,0,1.67,0,0,,14.3,0,0,0,0.1,0.1,0.11,-0.1,-0.1,Matches,2ba40342
164,Matchoi Djaló,pt POR,MFFW,Paços,18,2003,7.9,1,13,3,23.1,1.65,0.38,0.08,0.33,23.2,3,0,0,1.1,1.1,0.09,-0.1,-0.1,Matches,a4cfe0ea
165,Ivan Dolček,hr CRO,DFMF,Famalicão,21,2000,2.2,1,3,3,100,1.36,1.36,0.33,0.33,15.4,0,0,0,0.2,0.2,0.08,0.8,0.8,Matches,fc30b347
166,Bruno Duarte,br BRA,FWMF,Vitória,25,1996,11.2,7,29,12,41.4,2.58,1.07,0.21,0.5,14.2,0,1,1,6.1,5,0.17,0.9,1,Matches,d9b89391
167,Rodrigo Duarte,pt POR,FW,Sporting CP,16,2005,0.5,0,5,1,20,10.47,2.09,0,0,18.1,0,0,0,0.3,0.3,0.06,-0.3,-0.3,Matches,484a3eae
168,Marcus Edwards,eng ENG,MFFW,Sporting CP,22,1998,5.8,3,18,7,38.9,3.09,1.2,0.17,0.43,18.7,0,0,0,1.3,1.3,0.07,1.7,1.7,Matches,5.78E+70
169,Marcus Edwards,eng ENG,FW,Vitória,22,1998,14.3,7,28,7,25,1.96,0.49,0.14,0.57,16.8,2,3,3,5.2,2.8,0.1,1.8,1.2,Matches,5.78E+70
170,Ricardo Esgaio,pt POR,DFMF,Sporting CP,28,1993,16.3,0,11,5,45.5,0.68,0.31,0,0,15.7,0,0,0,1.5,1.5,0.14,-1.5,-1.5,Matches,12dcbdcc
171,Tiago Esgaio,pt POR,DF,Arouca,25,1995,10.2,0,2,1,50,0.2,0.1,0,0,14.1,0,0,0,0.1,0.1,0.04,-0.1,-0.1,Matches,9c14a96b
172,Tiago Esgaio,pt POR,DF,Braga,25,1995,0.8,0,1,0,0,1.3,0,0,,34.8,0,0,0,0,0,0.02,0,0,Matches,9c14a96b
173,Dario Essugo,pt POR,MF,Sporting CP,16,2005,0.5,0,1,0,0,2,0,0,,29.6,0,0,0,0,0,0.03,0,0,Matches,1e4319ac
174,Gonçalo Esteves,pt POR,DFFW,Sporting CP,17,2004,1.6,0,1,0,0,0.64,0,0,,31.1,0,0,0,0,0,0.03,0,0,Matches,ea3b4578
175,Luís Esteves,pt POR,MF,Vitória,23,1998,0.4,0,2,0,0,4.74,0,0,,29,0,0,0,0.1,0.1,0.03,-0.1,-0.1,Matches,f9ea45ed
176,Paulo Estrela Moreira,pt POR,MF,Portimonense,22,1999,0.1,0,0,0,,0,0,,,,0,0,0,0,0,,0,0,Matches,edf2b497
177,Oscar Estupiñan,co COL,FW,Vitória,24,1996,24.1,15,69,32,46.4,2.87,1.33,0.2,0.44,11,0,1,1,13.5,12.7,0.19,1.5,1.3,Matches,213ab9bb
178,Friday Etim,ng NGA,FWMF,Vizela,19,2002,0.2,0,0,0,,0,0,,,,0,0,0,0,0,,0,0,Matches,28eedd20
179,Stephen Eustáquio,ca CAN,MF,Porto,24,1996,1,0,1,0,0,1.03,0,0,,22.6,0,0,0,0.1,0.1,0.06,-0.1,-0.1,Matches,577efaec
180,Stephen Eustáquio,ca CAN,MF,Paços,24,1996,16.4,0,25,6,24,1.52,0.37,0,0,21.1,2,0,0,1.5,1.5,0.06,-1.5,-1.5,Matches,577efaec
181,Evanilson,br BRA,FW,Porto,21,1999,22.5,14,62,34,54.8,2.76,1.51,0.23,0.41,12.4,0,0,1,14.2,13.4,0.22,-0.2,0.6,Matches,6f3cc2fe
182,Ewerton,br BRA,MF,Portimonense,28,1992,8.1,1,9,3,33.3,1.11,0.37,0.11,0.33,21.9,1,0,0,1.2,1.2,0.13,-0.2,-0.2,Matches,46e98743
183,Fabiano,br BRA,DFMF,Braga,21,2000,15.8,0,1,0,0,0.06,0,0,,34,0,0,0,0,0,0.01,0,0,Matches,f5e7fdf9
184,Miguel Falé,pt POR,FWMF,Braga,17,2004,2.8,0,3,2,66.7,1.08,0.72,0,0,16.7,0,0,0,0.6,0.6,0.2,-0.6,-0.6,Matches,6b0802ea
185,Zouhair Feddal,ma MAR,DF,Sporting CP,32,1989,11.2,0,5,1,20,0.44,0.09,0,0,11.7,0,0,0,0.4,0.4,0.08,-0.4,-0.4,Matches,89151b16
186,Luiz Felipe,br BRA,GK,B-SAD,24,1997,32,0,0,0,,0,0,,,,0,0,0,0,0,,0,0,Matches,185084a1
187,Volnei Feltes,br BRA,DF,Estoril,21,2000,1.7,0,0,0,,0,0,,,,0,0,0,0,0,,0,0,Matches,b48349d9
188,Gedson Fernandes,pt POR,MF,Benfica,22,1999,0.6,0,0,0,,0,0,,,,0,0,0,0,0,,0,0,Matches,e2dde94c
189,Ivanildo Fernandes,pt POR,DF,Vizela,25,1996,15.1,0,11,2,18.2,0.73,0.13,0,0,12.3,0,0,0,0.6,0.6,0.06,-0.6,-0.6,Matches,11e5e469
190,Jorge Filipe Oliveira Fernandes,pt POR,DF,Vitória,24,1997,13.6,0,7,2,28.6,0.51,0.15,0,0,9.3,0,0,0,0.9,0.9,0.13,-0.9,-0.9,Matches,a17ef4d1
191,Lucas Fernandes,br BRA,MF,Portimonense,23,1997,15.8,1,18,8,44.4,1.14,0.51,0.06,0.13,25.7,0,0,0,0.8,0.8,0.05,0.2,0.2,Matches,a109d777
192,Ricardo Fernandes,pt POR,GK,Santa Clara,26,1994,5.9,0,0,0,,0,0,,,,0,0,0,0,0,,0,0,Matches,93d5feb6
193,Roger Fernandes,gw GNB,MFDF,Braga,15,2005,1.3,2,6,3,50,4.54,2.27,0.33,0.67,16.1,0,0,0,1,1,0.17,1,1,Matches,de8f6250
194,Rúben Fernandes,pt POR,DF,Gil Vicente FC,35,1986,32.8,1,16,2,12.5,0.49,0.06,0.06,0.5,11.6,0,0,0,1.3,1.3,0.08,-0.3,-0.3,Matches,c6bdf383
195,Fernando,br BRA,FW,Porto,28,1993,0.1,1,1,1,100,18,18,1,1,11.6,0,0,0,0.2,0.2,0.15,0.8,0.8,Matches,ccd88b8e
196,Nahuel Ferraresi,ve VEN,DF,Estoril,22,1998,22.1,0,9,2,22.2,0.41,0.09,0,0,11.6,0,0,0,0.6,0.6,0.06,-0.6,-0.6,Matches,719aab45
197,André Ferreira,pt POR,GK,Paços,25,1996,32,0,0,0,,0,0,,,,0,0,0,0,0,,0,0,Matches,12c6cbef
198,Filipe Ferreira,pt POR,DFMF,Boavista,30,1990,15.8,0,3,1,33.3,0.19,0.06,0,0,34.2,1,0,0,0.1,0.1,0.02,-0.1,-0.1,Matches,12f1293b
199,Fernando Ferreira Fonseca,pt POR,DF,Paços,24,1997,16.6,0,3,0,0,0.18,0,0,,24.8,0,0,0,0.1,0.1,0.04,-0.1,-0.1,Matches,ed4fef1c
200,Hélder Ferreira,pt POR,FWMF,Paços,24,1997,17.5,2,26,6,23.1,1.49,0.34,0.08,0.33,18.1,1,0,0,2.2,2.2,0.08,-0.2,-0.2,Matches,6407ce4d
201,João Ferreira,pt POR,DF,Vitória,20,2001,10.9,0,3,0,0,0.27,0,0,,26.1,0,0,0,0.2,0.2,0.07,-0.2,-0.2,Matches,fb37a645
202,Joel Ferreira,pt POR,DF,Arouca,29,1992,0.5,0,0,0,,0,0,,,,0,0,0,0,0,,0,0,Matches,03b64727
203,Diogo Figueiras,pt POR,DF,Famalicão,30,1991,14.1,0,10,4,40,0.71,0.28,0,0,17.2,0,0,0,0.7,0.7,0.07,-0.7,-0.7,Matches,3e587547
204,Tiago Fonseca Morais,pt POR,MFFW,Boavista,17,2003,3.4,0,7,2,28.6,2.03,0.58,0,0,23.5,0,0,0,0.6,0.6,0.09,-0.6,-0.6,Matches,a951ca82
205,Rui Fonte,pt POR,FW,Estoril,31,1990,14.2,4,22,9,40.9,1.55,0.63,0.18,0.44,14,0,0,0,1.2,1.2,0.05,2.8,2.8,Matches,6ff8ef56
206,Rui Fonte,pt POR,DF,Braga,31,1990,0.1,0,0,0,,0,0,,,,0,0,0,0,0,,0,0,Matches,6ff8ef56
207,André Franco,pt POR,MF,Estoril,23,1998,28,11,54,19,35.2,1.93,0.68,0.11,0.32,21.2,9,5,5,10.2,6.3,0.12,0.8,-0.3,Matches,86df4d6b
208,Gonçalo Franco,pt POR,MF,Moreirense,20,2000,12.7,0,19,2,10.5,1.49,0.16,0,0,23.2,0,0,0,0.9,0.9,0.05,-0.9,-0.9,Matches,9029d5f2
209,Fransérgio,br BRA,MF,Braga,30,1990,1.6,0,4,1,25,2.48,0.62,0,0,27.3,0,0,0,0.1,0.1,0.03,-0.1,-0.1,Matches,deba6b05
210,Žiga Frelih,si SVN,GK,Gil Vicente FC,23,1998,19,0,0,0,,0,0,,,,0,0,0,0,0,,0,0,Matches,58bef7b2
211,Godfried Frimpong,nl NED,DFMF,Moreirense,22,1999,6.5,0,0,0,,0,0,,,,0,0,0,0,0,,0,0,Matches,fb5f19d5
212,Kanya Fujimoto,jp JPN,MFFW,Gil Vicente FC,22,1999,26.6,3,31,13,41.9,1.17,0.49,0.1,0.23,18.2,0,0,0,2.4,2.4,0.08,0.6,0.6,Matches,be040b84
213,Rodolfo Furtado,pt POR,GK,Santa Clara,23,1997,0.1,0,0,0,,0,0,,,,0,0,0,0,0,,0,0,Matches,f5cc8631
214,Nicolás Gaitán,ar ARG,MF,Paços,33,1988,3.3,2,3,2,66.7,0.91,0.6,0.67,1,10.5,0,0,0,0.4,0.4,0.14,1.6,1.6,Matches,7ebfac0f
215,Jefferson Galego,br BRA,MFFW,Moreirense,24,1997,1,0,5,0,0,5.17,0,0,,18.1,0,0,0,0.4,0.4,0.07,-0.4,-0.4,Matches,a14b8d2d
216,Galeno,br BRA,MFFW,Porto,23,1997,3.5,1,13,5,38.5,3.74,1.44,0.08,0.2,15.6,1,0,0,2,2,0.15,-1,-1,Matches,5b3d1a7a
217,Galeno,br BRA,MFDF,Braga,23,1997,10.6,3,21,10,47.6,1.99,0.95,0.1,0.2,21.7,0,1,1,2,1.2,0.06,1,0.8,Matches,5b3d1a7a
218,Nino Galović,hr CRO,DF,Arouca,29,1992,10.3,0,3,1,33.3,0.29,0.1,0,0,8.4,0,0,0,0.1,0.1,0.05,-0.1,-0.1,Matches,d280923b
219,João Gamboa,pt POR,MF,Estoril,24,1996,23.5,0,18,3,16.7,0.77,0.13,0,0,22.5,1,0,0,1.2,1.2,0.07,-1.2,-1.2,Matches,f5dfeb5d
220,Pedro Ganchas,pt POR,DF,Paços,21,2000,1.6,0,1,0,0,0.64,0,0,,10.7,0,0,0,0,0,0.05,0,0,Matches,fe743953
221,Javi García,es ESP,DFMF,Boavista,34,1987,13.8,1,8,2,25,0.58,0.15,0.13,0.5,13.4,0,0,0,0.5,0.5,0.06,0.5,0.5,Matches,167c1bb0
222,Geovani,br BRA,FWMF,Famalicão,20,2001,0.8,0,0,0,,0,0,,,,0,0,0,0,0,,0,0,Matches,cead8aa3
223,Francisco Geraldes,pt POR,MF,Estoril,26,1995,18.2,1,29,7,24.1,1.59,0.38,0.03,0.14,25.1,2,0,0,2.3,2.3,0.08,-1.3,-1.3,Matches,dbde9724
224,Gilberto,br BRA,DFMF,Benfica,28,1993,15,2,12,2,16.7,0.8,0.13,0.17,1,17.6,0,0,0,1.1,1.1,0.09,0.9,0.9,Matches,1338e42b
225,Henrique Gomes,pt POR,DF,Gil Vicente FC,25,1995,2.6,1,3,1,33.3,1.13,0.38,0.33,1,14.5,0,0,0,0.2,0.2,0.05,0.8,0.8,Matches,f7ef0388
226,Rodrigo Gomes,pt POR,MFDF,Braga,18,2003,8.2,0,15,6,40,1.83,0.73,0,0,19.1,0,0,0,1.1,1.1,0.07,-1.1,-1.1,Matches,8dcf77c0
227,Sana Gomes,gw GNB,DF,Portimonense,19,2002,4.1,0,1,0,0,0.25,0,0,,32.6,1,0,0,0,0,0.03,0,0,Matches,af638463
228,Luis Gómez,co COL,MFFW,Santa Clara,21,1999,0.7,0,1,0,0,1.48,0,0,,33.2,0,0,0,0,0,0.01,0,0,Matches,e41c025a
229,Nuno Gonçalo Moreira,pt POR,FW,Vizela,22,1999,18.8,1,54,10,18.5,2.88,0.53,0.02,0.1,22.4,2,0,0,3.6,3.6,0.07,-2.6,-2.6,Matches,c28df63c
230,Diogo Gonçalves,pt POR,MFFW,Benfica,24,1997,9.6,0,11,3,27.3,1.15,0.31,0,0,15.4,0,0,0,1.3,1.3,0.11,-1.3,-1.3,Matches,f4b52308
231,Ivo Gonçalves,pt POR,GK,Vizela,37,1984,1,0,0,0,,0,0,,,,0,0,0,0,0,,0,0,Matches,3f75e889
232,Jota Gonçalves,pt POR,DF,Tondela,21,2000,4.1,0,0,0,,0,0,,,,0,0,0,0,0,,0,0,Matches,f6f756b0
233,Pedro Gonçalves,pt POR,MFFW,Sporting CP,23,1998,22.4,8,88,38,43.2,3.93,1.7,0.08,0.18,19.4,1,1,2,13.7,12.1,0.14,-5.7,-5.1,Matches,c275947b
234,Cristian González,uy URU,DF,Santa Clara,25,1996,14.9,0,7,0,0,0.47,0,0,,15.2,0,0,0,0.4,0.4,0.06,-0.4,-0.4,Matches,dba66719
235,Mario González,es ESP,FW,Braga,25,1996,6.2,2,21,7,33.3,3.36,1.12,0.1,0.29,13.7,0,0,0,3.1,3.1,0.15,-1.1,-1.1,Matches,d189e48f
236,Jean Gorby,fr FRA,MF,Braga,19,2002,2.3,1,2,1,50,0.85,0.43,0.5,1,26.6,0,0,0,0.1,0.1,0.03,0.9,0.9,Matches,4e4b59a4
237,Kenji Gorré,cw CUW,FWMF,Boavista,26,1994,18.5,4,36,11,30.6,1.95,0.6,0.11,0.36,22.2,1,0,0,2.5,2.5,0.07,1.5,1.5,Matches,52d1a4c6
238,Tiago Gouveia,pt POR,FWMF,Benfica,20,2001,1,0,3,3,100,3.14,3.14,0,0,22.5,0,0,0,0.2,0.2,0.05,-0.2,-0.2,Matches,68cf59f0
239,Álex Grimaldo,es ESP,DFMF,Benfica,25,1995,25.8,5,32,14,43.8,1.24,0.54,0.16,0.36,21.3,8,0,0,2.7,2.7,0.09,2.3,2.3,Matches,b1f4086c
240,Marko Grujić,rs SRB,MF,Porto,25,1996,9.9,1,18,4,22.2,1.82,0.4,0.06,0.25,15.1,0,0,0,1.6,1.6,0.09,-0.6,-0.6,Matches,8b8e759d
241,Gui Guedes,pt POR,MF,Vitória,19,2002,0.7,0,1,0,0,1.45,0,0,,14.8,0,0,0,0,0,0.03,0,0,Matches,022c1bf7
242,Rafik Guitane,fr FRA,FWMF,Marítimo,22,1999,21.2,4,20,10,50,0.94,0.47,0.15,0.3,17.8,0,1,1,2.6,1.8,0.09,1.4,1.2,Matches,7091324a
243,Raphael Guzzo,pt POR,MF,Vizela,26,1995,9.1,2,14,5,35.7,1.53,0.55,0.14,0.4,13.8,1,0,0,2.6,2.6,0.19,-0.6,-0.6,Matches,2f002854
244,Emmanuel Hackman,tg TOG,DF,Gil Vicente FC,26,1995,7.4,0,2,0,0,0.27,0,0,,23,0,0,0,0.1,0.1,0.03,-0.1,-0.1,Matches,8430028c
245,Yanis Hamache,dz ALG,MFDF,Boavista,22,1999,20.5,4,39,11,28.2,1.91,0.54,0.08,0.27,26.4,8,1,2,3.5,1.9,0.05,0.5,1.1,Matches,4f95c5a3
246,Tomás Händel,pt POR,MF,Vitória,20,2000,11.5,0,8,2,25,0.69,0.17,0,0,19.3,0,0,0,0.4,0.4,0.05,-0.4,-0.4,Matches,bbfb51ed
247,Boubacar Hanne,pt POR,FWMF,Gil Vicente FC,22,1999,2.8,1,8,2,25,2.82,0.71,0.13,0.5,22.1,0,0,0,0.5,0.5,0.06,0.5,0.5,Matches,1d9a8efe
248,Norbert Haymamba,cm CMR,GK,Arouca,22,1999,3,0,0,0,,0,0,,,,0,0,0,0,0,,0,0,Matches,8f63b5ef
249,Henrique,br BRA,FWMF,Marítimo,27,1993,8.9,2,18,4,22.2,2.01,0.45,0.11,0.5,17.1,0,0,0,1.8,1.8,0.1,0.2,0.2,Matches,19e74ea6
250,Danny Henriques,nl NED,DF,B-SAD,24,1997,21.9,0,4,0,0,0.18,0,0,,16.2,0,0,0,0.8,0.8,0.19,-0.8,-0.8,Matches,5.71E+26
251,Manu Hernando,es ESP,DF,Tondela,23,1998,17.8,3,8,5,62.5,0.45,0.28,0.38,0.6,8.2,0,0,0,1.2,1.2,0.15,1.8,1.8,Matches,5920c7c7
252,Lukáš Horníček,cz CZE,GK,Braga,19,2002,1,0,0,0,,0,0,,,,0,0,0,0,0,,0,0,Matches,cc8312b4
253,André Horta,pt POR,MF,Braga,24,1996,17.4,1,43,9,20.9,2.47,0.52,0.02,0.11,27.2,0,0,0,2.3,2.3,0.05,-1.3,-1.3,Matches,951f1739
254,Ricardo Horta,pt POR,FWMF,Braga,26,1994,31,19,81,32,39.5,2.61,1.03,0.2,0.5,19.4,7,3,4,13.9,10.7,0.14,5.1,5.3,Matches,6603fed7
255,Abbas Ibrahim,ng NGA,MFFW,Paços,23,1998,2,0,2,0,0,0.99,0,0,,26.4,0,0,0,0.1,0.1,0.04,-0.1,-0.1,Matches,fe68a954
256,Abdulwahab Ibrahim,gh GHA,MF,Famalicão,22,1999,0,0,0,0,,0,0,,,,0,0,0,0,0,,0,0,Matches,86c37491
257,Tiago Ilori,pt POR,DF,Boavista,28,1993,5.6,1,2,1,50,0.36,0.18,0.5,1,18.5,0,0,0,0.6,0.6,0.32,0.4,0.4,Matches,a64b4786
258,Giannelli Imbula,cd COD,MFFW,Portimonense,28,1992,1.5,0,3,0,0,1.94,0,0,,28.6,0,0,0,0.1,0.1,0.03,-0.1,-0.1,Matches,b86fe156
259,Gonçalo Inácio,pt POR,DF,Sporting CP,19,2001,27.5,4,19,5,26.3,0.69,0.18,0.21,0.8,15.4,0,0,0,2,2,0.1,2,2,Matches,33651873
260,Ivan Jaime Pajuelo,es ESP,MFFW,Famalicão,20,2000,14,1,32,10,31.3,2.28,0.71,0.03,0.1,21.9,5,0,0,2.4,2.4,0.08,-1.4,-1.4,Matches,90ba7fa6
261,Nikola Jambor,hr CRO,MF,Moreirense,25,1995,1.1,0,1,1,100,0.94,0.94,0,0,25.2,0,0,0,0,0,0.01,0,0,Matches,496a7037
262,Nicolas Janvier,fr FRA,MF,Vitória,22,1998,12.1,2,28,8,28.6,2.31,0.66,0.07,0.25,25.5,2,0,0,1.2,1.2,0.04,0.8,0.8,Matches,22a62523
263,Jean,br BRA,MF,Gil Vicente FC,26,1994,0.1,0,0,0,,0,0,,,,0,0,0,0,0,,0,0,Matches,69a34ec0
264,Jefferson,br BRA,MF,Moreirense,27,1994,11,2,19,8,42.1,1.73,0.73,0.11,0.25,24.5,2,0,0,1.1,1.1,0.06,0.9,0.9,Matches,52e88991
265,Jeimes,br BRA,GK,Paços,20,2001,1.9,0,0,0,,0,0,,,,0,0,0,0,0,,0,0,Matches,a8f0414f
266,Anderson Jesus,br BRA,DF,Vizela,26,1995,17,0,7,1,14.3,0.41,0.06,0,0,10.8,0,0,0,0.5,0.5,0.08,-0.5,-0.5,Matches,d4d63c3f
267,Joãozinho,pt POR,DF,Estoril,32,1989,32.1,1,8,2,25,0.25,0.06,0.13,0.5,24.5,1,0,0,0.3,0.3,0.04,0.7,0.7,Matches,86168d75
268,Henrique Jocú,pt POR,MF,Portimonense,19,2001,6.6,0,3,0,0,0.45,0,0,,26.8,0,0,0,0.1,0.1,0.02,-0.1,-0.1,Matches,fb7dfb84
269,Diederrick Joel,cm CMR,FW,Marítimo,27,1993,16.9,9,40,21,52.5,2.37,1.24,0.15,0.29,14.2,0,3,5,8.7,5.2,0.13,0.3,0.8,Matches,2986e65c
270,Jójó,cv CPV,DF,B-SAD,20,2001,0.5,0,0,0,,0,0,,,,0,0,0,0,0,,0,0,Matches,234e8319
271,Igor Julião,br BRA,DF,Vizela,26,1994,11.1,0,5,0,0,0.45,0,0,,22.3,0,0,0,0.2,0.2,0.04,-0.2,-0.2,Matches,103349a9
272,Luiz Lúcio Reis Júnior,br BRA,GK,Famalicão,20,2001,31,0,0,0,,0,0,,,,0,0,0,0,0,,0,0,Matches,d0530e29
273,Renato Junior,br BRA,FW,Portimonense,19,2002,3.8,0,8,3,37.5,2.11,0.79,0,0,10.3,0,0,0,1.4,1.4,0.17,-1.4,-1.4,Matches,80b72720
274,Welinton Júnior,br BRA,FW,Portimonense,28,1993,9.3,5,30,10,33.3,3.23,1.08,0.17,0.5,18.2,2,0,0,4.2,4.2,0.15,0.8,0.8,Matches,f1ef2def
275,Zainadine Júnior,mz MOZ,DF,Marítimo,33,1988,31.8,0,18,1,5.6,0.57,0.03,0,0,17.7,2,0,0,1,1,0.06,-1,-1,Matches,edd65ae0
276,Junior Kadile,fr FRA,MFFW,Famalicão,18,2002,0.5,1,1,1,100,2.14,2.14,1,1,13.9,0,0,0,0.8,0.8,0.83,0.2,0.2,Matches,03b22796
277,Eduardo Kau,br BRA,DF,B-SAD,22,1999,1,0,0,0,,0,0,,,,0,0,0,0,0,,0,0,Matches,306a0aae
278,Kewin,br BRA,GK,Moreirense,25,1995,15,0,0,0,,0,0,,,,0,0,0,0,0,,0,0,Matches,aea1afc8
279,Hamidou Keyta,fr FRA,FWMF,Santa Clara,26,1994,0.8,0,1,0,0,1.23,0,0,,27.9,0,0,0,0,0,0.03,0,0,Matches,4a396ae9
280,Naoufel Khacef,dz ALG,DFFW,Tondela,23,1997,9.6,0,2,0,0,0.21,0,0,,23.6,0,0,0,0.1,0.1,0.05,-0.1,-0.1,Matches,a9b1ac11
281,Kobamelo Kodisang,za RSA,FW,Braga,21,1999,0.2,0,0,0,,0,0,,,,0,0,0,0,0,,0,0,Matches,7775516d
282,Philippe Koffi,fr FRA,FW,Paços,19,2002,0.3,0,1,0,0,2.9,0,0,,8.4,0,0,0,0.3,0.3,0.26,-0.3,-0.3,Matches,9f1c2822
283,Koffi Kouao,ci CIV,DF,Vizela,23,1998,21,2,21,4,19,1,0.19,0.1,0.5,25,0,0,0,0.8,0.8,0.04,1.2,1.2,Matches,32100829
284,Eboue Kouassi,ci CIV,MF,Arouca,23,1997,16.3,1,8,3,37.5,0.49,0.18,0.13,0.33,12.9,0,0,0,1.7,1.7,0.21,-0.7,-0.7,Matches,da270297
285,Stanislav Kritsyuk,ru RUS,GK,Gil Vicente FC,30,1990,4,0,0,0,,0,0,,,,0,0,0,0,0,,0,0,Matches,b8798a46
286,Matías Lacava,ve VEN,FWMF,Tondela,18,2002,0.2,0,0,0,,0,0,,,,0,0,0,0,0,,0,0,Matches,eeac2dfb
287,Derik Lacerda,br BRA,FWMF,Moreirense,21,1999,8.7,2,18,7,38.9,2.08,0.81,0.11,0.29,15.5,0,0,0,1.9,1.9,0.11,0.1,0.1,Matches,d028bfe9
288,Rúben Lameiras,pt POR,FWMF,Vitória,26,1994,17,3,42,12,28.6,2.47,0.7,0.05,0.17,22.1,0,1,1,2.2,2,0.05,0.8,0,Matches,656a96c6
289,Achraf Lazaar,ma MAR,DF,Portimonense,29,1992,2.7,0,2,1,50,0.75,0.37,0,0,19.2,1,0,0,0.3,0.3,0.15,-0.3,-0.3,Matches,957d41d2
290,Valentino Lazaro,at AUT,DFMF,Benfica,25,1996,11.4,0,6,3,50,0.53,0.26,0,0,20.3,1,0,0,0.6,0.6,0.09,-0.6,-0.6,Matches,016ff750
291,Antoine Léautey,fr FRA,FW,Gil Vicente FC,25,1996,16.2,2,27,8,29.6,1.67,0.49,0.07,0.25,17.2,0,0,0,2.8,2.8,0.11,-0.8,-0.8,Matches,f2350250
292,Daniel Leite,pt POR,GK,Estoril,23,1998,24,0,0,0,,0,0,,,,0,0,0,0,0,,0,0,Matches,f7c68686
293,Diogo Leite,pt POR,DF,Braga,22,1999,20.6,0,11,4,36.4,0.53,0.19,0,0,16,0,0,0,0.6,0.6,0.05,-0.6,-0.6,Matches,c4987edc
294,Helton Leite,br BRA,GK,Benfica,30,1990,2,0,0,0,,0,0,,,,0,0,0,0,0,,0,0,Matches,e8918589
295,André Filipe Rio Liberal,pt POR,FW,Gil Vicente FC,18,2002,0.1,0,0,0,,0,0,,,,0,0,0,0,0,,0,0,Matches,5560e858
296,Licá,pt POR,FWDF,B-SAD,32,1988,4.6,0,2,0,0,0.43,0,0,,11.7,0,0,0,0.2,0.2,0.12,-0.2,-0.2,Matches,41d84fed
297,Nuno Lima,pt POR,DF,Paços,20,2001,10.8,0,6,3,50,0.55,0.28,0,0,13.7,0,0,0,0.5,0.5,0.08,-0.5,-0.5,Matches,a70b0a9f
298,Rúben Lima,pt POR,DFMF,Famalicão,31,1989,6.1,1,3,1,33.3,0.49,0.16,0.33,1,25.5,1,0,0,0.1,0.1,0.04,0.9,0.9,Matches,bd9be778
299,Lincoln,br BRA,MF,Santa Clara,22,1998,30.5,5,45,20,44.4,1.47,0.66,0.11,0.25,25.7,14,0,0,3.7,3.7,0.08,1.3,1.3,Matches,27504df8
300,Danny Loader,eng ENG,FWMF,Porto,20,2000,0.1,1,1,1,100,12.86,12.86,1,1,,,0,0,,,,,,Matches,e9fda01d
301,André Lopes,pt POR,DF,B-SAD,19,2001,1,0,0,0,,0,0,,,,0,0,0,0,0,,0,0,Matches,f28f40ab
302,Bruno Lourenço,pt POR,FWMF,Estoril,23,1998,12.7,2,19,7,36.8,1.5,0.55,0.11,0.29,17.2,0,0,0,2.3,2.3,0.12,-0.3,-0.3,Matches,e8dd8ac7
303,André Luis,br BRA,FWMF,Moreirense,27,1994,14.8,6,36,13,36.1,2.43,0.88,0.17,0.46,17.3,5,0,0,3.6,3.5,0.1,2.4,2.5,Matches,2962bf2e
304,Andrija Luković,rs SRB,MF,B-SAD,26,1994,9.9,0,18,6,33.3,1.82,0.61,0,0,25.5,2,0,0,0.8,0.8,0.04,-0.8,-0.8,Matches,7cce7822
305,Luquinha,br BRA,MFFW,Portimonense,20,2000,6.1,1,13,7,53.8,2.12,1.14,0.08,0.14,23.3,2,0,0,1.4,1.4,0.11,-0.4,-0.4,Matches,2e25fa84
306,Rúben Macedo,pt POR,FWDF,Marítimo,25,1996,0.7,0,1,0,0,1.41,0,0,,12.2,0,0,0,0.1,0.1,0.06,-0.1,-0.1,Matches,f1cc4c01
307,Maga,pt POR,DF,Vitória,22,1999,12,0,1,0,0,0.08,0,0,,,,0,0,,,,,,Matches,4fc99b71
308,Gaius Makouta,cg CGO,MF,Boavista,24,1997,28,2,34,9,26.5,1.21,0.32,0.06,0.22,20.3,1,0,0,3.1,3.1,0.09,-1.1,-1.1,Matches,0909f91d
309,Pedro Malheiro,pt POR,MFDF,Boavista,20,2001,9.9,0,8,2,25,0.81,0.2,0,0,20.9,0,0,0,0.6,0.6,0.08,-0.6,-0.6,Matches,73794ac1
310,Wilson Manafá,pt POR,DF,Porto,27,1994,2.9,0,2,1,50,0.68,0.34,0,0,17.2,0,0,0,0.4,0.4,0.18,-0.4,-0.4,Matches,e27fdbca
311,Sori Mané,gw GNB,MF,Moreirense,25,1996,5.5,1,5,2,40,0.91,0.37,0.2,0.5,20.8,0,0,0,0.2,0.2,0.03,0.8,0.8,Matches,6253c74b
312,Mansur,br BRA,DF,Santa Clara,28,1993,22.1,0,10,1,10,0.45,0.05,0,0,16.2,0,0,0,1,1,0.1,-1,-1,Matches,924081a5
313,Juan Manuel Boselli,uy URU,FWMF,Tondela,21,1999,9.5,5,25,9,36,2.62,0.94,0.2,0.56,22.4,2,0,0,2.2,2.2,0.09,2.8,2.8,Matches,1e39e56e
314,José Manuel Velázquez,ve VEN,DF,Arouca,30,1990,4,0,2,0,0,0.5,0,0,,9.7,0,0,0,0.3,0.3,0.14,-0.3,-0.3,Matches,25338427
315,Maracás,br BRA,DF,Paços,27,1994,23,0,8,0,0,0.35,0,0,,10.7,0,0,1,1.7,0.9,0.11,-1.7,-0.9,Matches,2.76E+09
316,Iván Marcano,es ESP,DF,Porto,34,1987,7.3,1,7,2,28.6,0.96,0.27,0.14,0.5,10.2,0,0,0,1.2,1.2,0.17,-0.2,-0.2,Matches,7a20d90a
317,Marcelo,br BRA,FWMF,Gil Vicente FC,24,1997,0.1,0,0,0,,0,0,,,,0,0,0,0,0,,0,0,Matches,d9d4881f
318,Agustín Marchesín,ar ARG,GK,Porto,33,1988,0,0,0,0,,0,0,,,,0,0,0,0,0,,0,0,Matches,853b7c48
319,Abraham Marcus,ng NGA,FW,Portimonense,21,2000,0.9,0,2,0,0,2.22,0,0,,20.5,0,0,0,0.1,0.1,0.04,-0.1,-0.1,Matches,b979fb26
320,Adrián Marín,es ESP,DFMF,Famalicão,24,1997,25.5,4,11,7,63.6,0.43,0.27,0.36,0.57,15.4,0,0,0,1.4,1.4,0.13,2.6,2.6,Matches,b7f2edff
321,João Mário,pt POR,MF,Benfica,28,1993,19.3,3,24,10,41.7,1.25,0.52,0.13,0.3,21.5,0,0,0,3.2,3.2,0.13,-0.2,-0.2,Matches,f0021247
322,João Mário Lopes,pt POR,DF,Porto,21,2000,22.9,0,5,0,0,0.22,0,0,,20.1,0,0,0,0.2,0.2,0.05,-0.2,-0.2,Matches,82a39b66
323,Pedro David Rosendo Marques,pt POR,FWMF,Famalicão,23,1998,3.5,0,6,1,16.7,1.7,0.28,0,0,13,0,0,0,1.6,1.6,0.27,-1.6,-1.6,Matches,717f39e8
324,José Marsà,es ESP,DF,Sporting CP,19,2002,0.1,0,0,0,,0,0,,,,0,0,0,0,0,,0,0,Matches,b4ecc6b6
325,Toni Martínez,es ESP,FW,Porto,24,1997,5.3,3,22,10,45.5,4.17,1.89,0.14,0.3,14.2,0,0,0,3,3,0.13,0,0,Matches,f3945e07
326,Fábio Martins,pt POR,MFFW,Braga,28,1993,4.6,1,10,3,30,2.2,0.66,0.1,0.33,21,1,0,0,1.4,1.4,0.14,-0.4,-0.4,Matches,fb5022e4
327,Rafael Martins,br BRA,FW,Moreirense,32,1989,26.6,7,64,22,34.4,2.41,0.83,0.09,0.27,16.3,0,1,1,9.8,9,0.14,-2.8,-3,Matches,b7e1c3b5
328,Matheus,br BRA,GK,Braga,29,1992,32,0,0,0,,0,0,,,,0,0,0,0,0,,0,0,Matches,ef3909cd
329,Ricardo Matos,pt POR,FWMF,Portimonense,21,2000,2.5,1,4,2,50,1.63,0.81,0.25,0.5,10.1,0,0,0,1,1,0.26,0,0,Matches,52ee0234
330,Emmanuel Maviram,ng NGA,DF,Vizela,20,2001,0.3,0,0,0,,0,0,,,,0,0,0,0,0,,0,0,Matches,3223d2ec
331,Chancel Mbemba,cd COD,DF,Porto,26,1994,30.9,2,12,2,16.7,0.39,0.06,0.17,1,9.5,0,0,0,1.4,1.4,0.12,0.6,0.6,Matches,e76cb9cc
332,Jordi Mboula,es ESP,FWMF,Estoril,22,1999,10.7,1,16,3,18.8,1.49,0.28,0.06,0.33,12.4,0,0,0,2.6,2.6,0.16,-1.6,-1.6,Matches,4887118d
333,Iuri Medeiros,pt POR,MFFW,Braga,27,1994,15.8,7,49,20,40.8,3.11,1.27,0.12,0.3,20.3,4,1,1,7,6.2,0.13,0,-0.2,Matches,97e2aa67
334,Soualiho Meïté,fr FRA,MF,Benfica,27,1994,9.8,0,5,0,0,0.51,0,0,,19.8,1,0,0,0.3,0.3,0.05,-0.3,-0.3,Matches,5cec2c74
335,Francisco Meixedo,pt POR,GK,Porto,20,2001,0,0,0,0,,0,0,,,,0,0,0,0,0,,0,0,Matches,a671ae50
336,Tiago Melo Almeida,pt POR,DFMF,Tondela,19,2001,20.6,0,5,0,0,0.24,0,0,,17.5,0,0,0,0.6,0.6,0.12,-0.6,-0.6,Matches,cbdcc0ab
337,Diogo Mendes,pt POR,MF,Marítimo,23,1998,20.4,0,5,1,20,0.24,0.05,0,0,23,0,0,0,0.2,0.2,0.05,-0.2,-0.2,Matches,5c2383ee
338,Edmilson Mendes,gw GNB,FWMF,Paços,18,2003,0.2,0,0,0,,0,0,,,,0,0,0,0,0,,0,0,Matches,33b9e0e7
339,Nuno Mendes,pt POR,DF,Sporting CP,19,2002,1.3,0,2,0,0,1.59,0,0,,31.8,0,0,0,0.1,0.1,0.03,-0.1,-0.1,Matches,f20e4cc9
340,Alexis Méndez,us USA,MFFW,Vizela,20,2000,16.1,1,20,4,20,1.24,0.25,0.05,0.25,24.4,4,0,0,1,1,0.05,0,0,Matches,fb5991a3
341,Ryotaro Meshino,jp JPN,FWMF,Estoril,23,1998,1.3,1,6,3,50,4.74,2.37,0.17,0.33,14.9,0,0,0,0.5,0.5,0.08,0.5,0.5,Matches,6bd13043
342,Fabrício dos Santos Messias,br BRA,FWMF,Portimonense,31,1990,14.8,1,35,8,22.9,2.37,0.54,0,0,21,0,1,1,2.8,2.1,0.06,-1.8,-2.1,Matches,9e9f2dac
343,João Miguel,pt POR,DF,Porto,21,2000,0.1,0,0,0,,0,0,,,,0,0,0,0,0,,0,0,Matches,98e292bb
344,Milson,ao ANG,MF,Marítimo,21,1999,0.2,0,0,0,,0,0,,,,0,0,0,0,0,,0,0,Matches,690f6e40
345,Lucas Mineiro,br BRA,MF,Braga,25,1996,6.2,0,8,0,0,1.29,0,0,,20.1,0,0,0,0.6,0.6,0.07,-0.6,-0.6,Matches,53f1c5de
346,Kevin Mirallas,be BEL,FWMF,Moreirense,33,1987,3.3,1,3,2,66.7,0.92,0.61,0.33,0.5,17.8,0,0,0,0.4,0.4,0.15,0.6,0.6,Matches,aa51343f
347,Mohammad Mohebbi,ir IRN,FWMF,Santa Clara,22,1998,5,2,14,5,35.7,2.82,1.01,0.14,0.4,13.6,0,0,0,1.4,1.4,0.1,0.6,0.6,Matches,7b6b53c3
348,João Monteiro,pt POR,MF,B-SAD,20,2001,1,0,0,0,,0,0,,,,0,0,0,0,0,,0,0,Matches,0f984580
349,António Montez,pt POR,MF,B-SAD,19,2001,1,0,0,0,,0,0,,,,0,0,0,0,0,,0,0,Matches,36bd724a
350,Morato,br BRA,DF,Benfica,20,2001,11.2,0,6,2,33.3,0.53,0.18,0,0,8.9,0,0,0,1.3,1.3,0.21,-1.3,-1.3,Matches,0f41e2ee
351,Diego Moreira,pt POR,FW,Benfica,16,2004,0.3,0,1,1,100,3.91,3.91,0,0,10.4,0,0,0,0.1,0.1,0.13,-0.1,-0.1,Matches,12de1b0d
352,Pedro Filipe Barbosa Moreira,pt POR,MF,Gil Vicente FC,28,1992,32,1,55,20,36.4,1.72,0.62,0.02,0.05,28.5,14,0,0,2.4,2.4,0.04,-1.4,-1.4,Matches,26966f24
353,Hidemasa Morita,jp JPN,MF,Santa Clara,26,1995,25.3,1,11,2,18.2,0.43,0.08,0.09,0.5,24.7,0,0,0,0.7,0.7,0.07,0.3,0.3,Matches,a650c75b
354,Mosquito,br BRA,GK,Estoril,25,1996,10,0,0,0,,0,0,,,,0,0,0,0,0,,0,0,Matches,c9c55581
355,Luís Mota,pt POR,FWMF,B-SAD,17,2003,1.2,0,2,0,0,1.61,0,0,,9.1,0,0,0,0.2,0.2,0.1,-0.2,-0.2,Matches,2e2da3e8
356,Fahd Moufi,ma MAR,DF,Portimonense,25,1996,30.6,1,17,2,11.8,0.56,0.07,0.06,0.5,18.5,0,0,0,1.2,1.2,0.07,-0.2,-0.2,Matches,158cef0b
357,Moura,pt POR,DFMF,Braga,21,1999,16.5,2,20,10,50,1.21,0.6,0.1,0.2,12.2,0,0,0,3.4,3.4,0.19,-1.4,-1.4,Matches,d51d1d9d
358,Abdul Mumin,gh GHA,DF,Vitória,23,1998,24.7,0,9,1,11.1,0.36,0.04,0,0,9.6,0,0,0,1,1,0.11,-1,-1,Matches,5487adcd
359,Simone Muratore,it ITA,MF,Tondela,23,1998,0.3,0,0,0,,0,0,,,,0,0,0,0,0,,0,0,Matches,4989945
360,Jhon Murillo,ve VEN,FWMF,Tondela,26,1995,11.9,2,9,5,55.6,0.75,0.42,0.22,0.4,,,0,0,,,,,,Matches,0d93febc
361,Petar Musa,hr CRO,FW,Boavista,23,1998,25.7,11,78,30,38.5,3.04,1.17,0.14,0.37,15,0,0,0,9.1,9.1,0.12,1.9,1.9,Matches,4567a0b4
362,Herculano Nabian,pt POR,FW,Vitória,17,2004,0.7,0,4,2,50,5.71,2.86,0,0,18.6,0,0,0,0.1,0.1,0.04,-0.1,-0.1,Matches,c39babc1
363,Shoya Nakajima,jp JPN,MFFW,Portimonense,26,1994,19.6,1,45,15,33.3,2.29,0.76,0.02,0.07,22,2,0,0,3.7,3.7,0.08,-2.7,-2.7,Matches,be60b6f4
364,Kosuke Nakamura,jp JPN,GK,Portimonense,26,1995,2,0,0,0,,0,0,,,,0,0,0,0,0,,0,0,Matches,423daf87
365,Manuel Namora,pt POR,MFDF,Boavista,23,1998,0.2,0,0,0,,0,0,,,,0,0,0,0,0,,0,0,Matches,d41a383d
366,Bruno Nascimento,br BRA,FWMF,Famalicão,24,1997,21.7,5,38,13,34.2,1.75,0.6,0.13,0.38,16.2,1,0,0,5.1,5.1,0.13,-0.1,-0.1,Matches,46411d56
367,Nathan,br BRA,DFMF,Boavista,19,2001,25.8,0,7,0,0,0.27,0,0,,21,0,0,0,0.3,0.3,0.04,-0.3,-0.3,Matches,9fb6420e
368,Fran Navarro,es ESP,FW,Gil Vicente FC,23,1998,28.9,16,64,29,45.3,2.21,1,0.22,0.48,12.4,0,2,2,12.5,11.4,0.18,3.5,2.6,Matches,02a5618e
369,Flávio Nazinho,pt POR,DFMF,Sporting CP,18,2003,1.1,0,0,0,,0,0,,,,0,0,0,0,0,,0,0,Matches,e7281ea9
370,Alioune Ndour,sn SEN,FW,B-SAD,20,2001,9.2,2,18,8,44.4,1.95,0.87,0.11,0.25,19.9,0,0,0,2,2,0.11,0,0,Matches,177e044c
371,Christian Neiva Afonso,pt POR,DF,Vizela,26,1994,19.9,0,28,5,17.9,1.41,0.25,0,0,22.5,2,0,0,1.3,1.3,0.05,-1.3,-1.3,Matches,b3ec13e0
372,Nelson,ao ANG,FWMF,Vitória,23,1998,3.8,3,13,4,30.8,3.43,1.06,0.23,0.75,14.6,0,0,0,1.4,1.4,0.11,1.6,1.6,Matches,fb527299
373,Wellington Nem,br BRA,DF,Arouca,29,1992,0,0,0,0,,0,0,,,,0,0,0,0,0,,0,0,Matches,3984a078
374,João Neto,br BRA,MFFW,Famalicão,18,2003,0.7,0,1,0,0,1.43,0,0,,10.3,0,0,0,0.1,0.1,0.08,-0.1,-0.1,Matches,9737f758
375,Luís Neto,pt POR,DF,Sporting CP,33,1988,15.5,0,3,2,66.7,0.19,0.13,0,0,10,0,0,0,0.5,0.5,0.16,-0.5,-0.5,Matches,953597a1
376,Babacar Niasse,mr MTN,GK,Tondela,24,1996,5.1,0,0,0,,0,0,,,,0,0,0,0,0,,0,0,Matches,5c8beb50
377,Payam Niazmand,ir IRN,GK,Portimonense,26,1995,2,0,0,0,,0,0,,,,0,0,0,0,0,,0,0,Matches,7b2ed47e
378,Yusupha Njie,gm GAM,FWMF,Boavista,27,1994,17.4,5,37,12,32.4,2.13,0.69,0.14,0.42,18.8,0,0,0,4.4,4.4,0.12,0.6,0.6,Matches,51f22984
379,Paul-Georges Ntep,cm CMR,FWMF,Boavista,29,1992,5.6,1,13,6,46.2,2.33,1.07,0.08,0.17,13.8,0,0,0,2.1,2.1,0.16,-1.1,-1.1,Matches,81aeb1dd
380,Arsénio Martins Lafuente Nunes,pt POR,FWMF,Arouca,31,1989,24.3,2,44,17,38.6,1.81,0.7,0.05,0.12,18.3,1,0,0,3.8,3.7,0.08,-1.8,-1.7,Matches,50e148af
381,Matheus Nunes,pt POR,MF,Sporting CP,22,1998,28.4,3,22,6,27.3,0.77,0.21,0.14,0.5,23.3,0,0,0,2.3,2.3,0.1,0.7,0.7,Matches,e6af02e0
382,Darwin Núñez,uy URU,FWMF,Benfica,22,1999,22,26,81,38,46.9,3.69,1.73,0.27,0.58,16.2,2,4,4,18.4,15.2,0.19,7.6,6.8,Matches,4d77b365
383,Pedro Nuno,pt POR,MFFW,B-SAD,26,1995,15.8,2,33,5,15.2,2.09,0.32,0.06,0.4,19.1,3,0,0,4.4,4.4,0.13,-2.4,-2.4,Matches,efb9975c
384,Lawrence Ofori,gh GHA,MF,Famalicão,23,1998,1.7,0,0,0,,0,0,,,,0,0,0,0,0,,0,0,Matches,643d81ad
385,Richard Ofori,gh GHA,DF,Vizela,28,1993,19,0,3,0,0,0.16,0,0,,29.6,0,0,0,0.1,0.1,0.02,-0.1,-0.1,Matches,ad5034c3
386,Thales Oleques,br BRA,DF,Arouca,27,1994,30.2,0,16,3,18.8,0.53,0.1,0,0,16.2,1,0,0,0.8,0.8,0.05,-0.8,-0.8,Matches,a30f8286
387,Hugo Oliveira,pt POR,DF,Vizela,19,2002,0.1,0,0,0,,0,0,,,,0,0,0,0,0,,0,0,Matches,1d7cc2a1
388,Paulo Oliveira,pt POR,DF,Braga,29,1992,26.1,1,7,1,14.3,0.27,0.04,0.14,1,11.7,0,0,0,0.4,0.4,0.06,0.6,0.6,Matches,a8fbae1d
389,Rúben Alexandre Gomes Oliveira,pt POR,MFFW,Santa Clara,26,1994,2.1,0,0,0,,0,0,,,,0,0,0,0,0,,0,0,Matches,0677feec
390,Sérgio Oliveira,pt POR,MF,Porto,29,1992,4.4,2,13,3,23.1,2.94,0.68,0.15,0.67,23.5,6,0,0,0.8,0.8,0.06,1.2,1.2,Matches,947e036f
391,Nicolás Otamendi,ar ARG,DF,Benfica,33,1988,27.4,0,21,2,9.5,0.77,0.07,0,0,10.2,0,0,0,2,2,0.09,-2,-2,Matches,0d267745
392,Otávio,pt POR,MFFW,Porto,26,1995,29.5,3,50,11,22,1.69,0.37,0.06,0.27,17.2,0,0,0,6.2,6.2,0.12,-3.2,-3.2,Matches,28b1f3ce
393,João Othavio Basso,br BRA,DF,Arouca,24,1997,32.5,3,31,7,22.6,0.96,0.22,0.03,0.14,14.3,0,2,3,4.5,2.1,0.07,-1.5,-1.1,Matches,86c79c42
394,Pablo,br BRA,FW,Famalicão,17,2004,2,0,2,0,0,1,0,0,,8.4,0,0,0,0.2,0.2,0.1,-0.2,-0.2,Matches,866ba412
395,Fábio Pacheco,pt POR,MF,Moreirense,33,1988,20.6,0,8,3,37.5,0.39,0.15,0,0,26.7,0,0,0,0.4,0.4,0.05,-0.4,-0.4,Matches,b74fb61f
396,João Palhinha,pt POR,MF,Sporting CP,26,1995,20.8,3,27,11,40.7,1.3,0.53,0.11,0.27,16.2,0,0,0,2.8,2.8,0.11,0.2,0.2,Matches,a78ff07f
397,Mateus Pasinato,br BRA,GK,Moreirense,29,1992,19,0,0,0,,0,0,,,,0,0,0,0,0,,0,0,Matches,f16f9b47
398,Jean Patric,br BRA,FWMF,Santa Clara,24,1997,6.3,2,15,6,40,2.4,0.96,0.13,0.33,18.4,0,0,0,1.2,1.2,0.08,0.8,0.8,Matches,76eba96a
399,Patrick,br BRA,DF,Estoril,24,1997,11.5,0,12,2,16.7,1.04,0.17,0,0,18.8,2,0,0,0.9,0.9,0.07,-0.9,-0.9,Matches,e857a755
400,Patrick,br BRA,MF,Santa Clara,22,1998,0,0,0,0,,0,0,,,,0,0,0,0,0,,0,0,Matches,44525f32
401,Paulinho,pt POR,FWMF,Sporting CP,28,1992,26.4,11,77,27,35.1,2.92,1.02,0.14,0.41,12,0,0,0,12.8,12.8,0.17,-1.8,-1.8,Matches,a62c16d0
402,André Paulo,pt POR,GK,Sporting CP,24,1996,0.1,0,0,0,,0,0,,,,0,0,0,0,0,,0,0,Matches,cbbd81b8
403,Marcos Paulo,br BRA,FWMF,Famalicão,20,2001,7.6,0,10,1,10,1.32,0.13,0,0,17,0,0,0,1.1,1.1,0.11,-1.1,-1.1,Matches,d70a5433
404,Marcos Paulo,br BRA,MF,Vizela,33,1988,18.8,3,21,5,23.8,1.12,0.27,0.1,0.4,21.2,2,1,1,2.5,1.7,0.08,0.5,0.3,Matches,83f860ef
405,Pedrão,br BRA,DF,Portimonense,24,1997,27.8,0,18,5,27.8,0.65,0.18,0,0,15.5,0,0,0,1.4,1.4,0.08,-1.4,-1.4,Matches,5eca05bc
406,João Pedro,pt POR,MF,Tondela,28,1993,21.3,8,21,7,33.3,0.98,0.33,0.05,0.14,31.1,0,7,7,6.4,0.9,0.04,1.6,0.1,Matches,c51a704e
407,Pedro Pelágio,pt POR,MF,Marítimo,21,2000,11.1,0,12,3,25,1.08,0.27,0,0,27.8,0,0,0,0.4,0.4,0.03,-0.4,-0.4,Matches,78362f0a
408,Alexandre Penetra,pt POR,DF,Famalicão,19,2001,28.9,1,5,1,20,0.17,0.03,0.2,1,11.1,0,0,0,0.3,0.3,0.07,0.7,0.7,Matches,df4b73f0
409,Pepe,pt POR,DF,Porto,38,1983,19.9,1,14,4,28.6,0.7,0.2,0.07,0.25,10.4,0,0,0,1,1,0.07,0,0,Matches,c906ce0f
410,Pepê,br BRA,MFDF,Porto,24,1997,15.1,4,24,10,41.7,1.59,0.66,0.17,0.4,13.3,0,0,0,5.9,5.9,0.24,-1.9,-1.9,Matches,fc4e7637
411,Francisco Pereira,pt POR,MF,Boavista,19,2002,0,0,0,0,,0,0,,,,0,0,0,0,0,,0,0,Matches,526d48b5
412,Marco André Rocha Pereira,pt POR,GK,Santa Clara,34,1987,28,0,0,0,,0,0,,,,0,0,0,0,0,,0,0,Matches,5cd73451
413,Sebastián Pérez Cardona,co COL,MF,Boavista,28,1993,25.1,0,12,1,8.3,0.48,0.04,0,0,24.3,0,0,0,0.6,0.6,0.05,-0.6,-0.6,Matches,42a833ab
414,Luiz Phellype,br BRA,FW,Santa Clara,27,1993,3.1,0,6,1,16.7,1.96,0.33,0,0,16.4,0,0,0,0.8,0.8,0.14,-0.8,-0.8,Matches,94130fc4
415,Thibang Phete,za RSA,MFDF,B-SAD,27,1994,20.5,0,10,1,10,0.49,0.05,0,0,14.1,0,0,0,1.1,1.1,0.11,-1.1,-1.1,Matches,a1ba943c
416,Lucas Piazon,br BRA,MFFW,Braga,27,1994,4,0,5,2,40,1.25,0.5,0,0,24,1,0,0,0.3,0.3,0.06,-0.3,-0.3,Matches,f201798c
417,Charles Pickel,ch SUI,MF,Famalicão,24,1997,26.3,0,11,1,9.1,0.42,0.04,0,0,27,0,0,0,0.4,0.4,0.03,-0.4,-0.4,Matches,f71ad8cb
418,Rodrigo Pinho,br BRA,FW,Benfica,30,1991,0.9,1,3,1,33.3,3.21,1.07,0.33,1,19.5,0,0,0,0.1,0.1,0.04,0.9,0.9,Matches,5db20508
419,Dinis Pinto,pt POR,MF,Braga,20,2000,0.3,0,0,0,,0,0,,,,0,0,0,0,0,,0,0,Matches,a968014d
420,Felipe Pires,br BRA,FWMF,Moreirense,26,1995,12.9,1,13,5,38.5,1.01,0.39,0.08,0.2,20.8,0,0,0,0.7,0.7,0.06,0.3,0.3,Matches,2cd3d3ce
421,Rui Pires,pt POR,MF,Paços,23,1998,13.4,0,5,1,20,0.37,0.07,0,0,24.1,0,0,0,0.3,0.3,0.06,-0.3,-0.3,Matches,25ad51a5
422,Pité,pt POR,MF,Arouca,26,1994,10.8,1,22,6,27.3,2.04,0.56,0.05,0.17,20,0,0,0,1.2,1.2,0.06,-0.2,-0.2,Matches,4c86d05d
423,Pizzi,pt POR,MFFW,Benfica,31,1989,3.6,1,5,1,20,1.39,0.28,0.2,1,19.1,0,0,0,0.4,0.4,0.09,0.6,0.6,Matches,96094cbc
424,Jackson Porozo,ec ECU,DF,Boavista,20,2000,23.8,0,10,2,20,0.42,0.08,0,0,9,0,0,0,1.5,1.5,0.15,-1.5,-1.5,Matches,7d704e92
425,Pedro Porro,es ESP,DFMF,Sporting CP,21,1999,18.2,4,35,8,22.9,1.92,0.44,0.06,0.25,23.7,2,2,2,3,1.5,0.04,1,0.5,Matches,27d0a506
426,Samuel Portugal,br BRA,GK,Portimonense,27,1994,30,0,0,0,,0,0,,,,0,0,0,0,0,,0,0,Matches,5.54E+08
427,Lucas Possignolo,br BRA,DF,Portimonense,27,1994,22.9,2,10,5,50,0.44,0.22,0.2,0.4,11,0,0,0,0.9,0.9,0.09,1.1,1.1,Matches,2118c8c0
428,Quaresma,br BRA,DF,Arouca,24,1996,27,0,18,2,11.1,0.67,0.07,0,0,26.4,0,0,0,0.5,0.5,0.03,-0.5,-0.5,Matches,b7734738
429,Ricardo Quaresma,pt POR,FWMF,Vitória,37,1983,10.9,2,39,9,23.1,3.58,0.83,0.05,0.22,20.2,7,0,0,3.6,3.6,0.09,-1.6,-1.6,Matches,6b6d252d
430,Diogo Queirós,pt POR,DF,Famalicão,22,1999,0,0,0,0,,0,0,,,,0,0,0,0,0,,0,0,Matches,27ea1df6
431,Nemanja Radonjić,rs SRB,DFMF,Benfica,25,1996,1.5,0,3,1,33.3,1.96,0.65,0,0,18.3,0,0,0,0.1,0.1,0.03,-0.1,-0.1,Matches,0630eb63
432,Álvaro Ramalho,pt POR,GK,B-SAD,22,1999,2,0,0,0,,0,0,,,,0,0,0,0,0,,0,0,Matches,0fc0cee3
433,Cláudio Ramos,pt POR,GK,Porto,29,1991,1,0,0,0,,0,0,,,,0,0,0,0,0,,0,0,Matches,23505094
434,Flávio Ramos,br BRA,DF,Paços,27,1994,8.7,0,8,1,12.5,0.92,0.11,0,0,16.5,1,0,0,0.4,0.4,0.05,-0.4,-0.4,Matches,4afc5a5a
435,Gonçalo Ramos,pt POR,FWMF,Benfica,20,2001,17.9,7,55,23,41.8,3.08,1.29,0.13,0.3,12.3,0,0,0,8.6,8.6,0.16,-1.6,-1.6,Matches,f63cda26
436,Rafael Ramos,pt POR,DF,Santa Clara,26,1995,20.7,0,11,0,0,0.53,0,0,,24.6,0,0,0,0.6,0.6,0.05,-0.6,-0.6,Matches,f8ddf51c
437,Rúben Ramos,pt POR,MFDF,Moreirense,22,1999,4.2,0,3,1,33.3,0.72,0.24,0,0,21,0,0,0,0.3,0.3,0.1,-0.3,-0.3,Matches,0ea6e37d
438,Osama Rashid,iq IRQ,MF,Vizela,29,1992,6.5,0,8,3,37.5,1.23,0.46,0,0,22,0,0,0,0.7,0.7,0.08,-0.7,-0.7,Matches,fcbd5139
439,Bruno Reis,pt POR,MF,Portimonense,22,1999,0.7,0,0,0,,0,0,,,,0,0,0,0,0,,0,0,Matches,e589e6b8
440,Matheus Reis,br BRA,DF,Sporting CP,26,1995,23,2,11,4,36.4,0.48,0.17,0.18,0.5,15.9,0,0,0,1,1,0.09,1,1,Matches,ae1159bf
441,Miguel Reisinho,pt POR,FWMF,Boavista,22,1999,0.5,0,1,1,100,2.14,2.14,0,0,8,0,0,0,0.2,0.2,0.2,-0.2,-0.2,Matches,61d340fb
442,Filipe Relvas,pt POR,DF,Portimonense,21,1999,17.9,0,16,5,31.3,0.9,0.28,0,0,11.4,0,0,0,1.2,1.2,0.08,-1.2,-1.2,Matches,15c259f4
443,Tomás Reymão,pt POR,MF,Boavista,23,1998,3.8,0,2,0,0,0.52,0,0,,32,0,0,0,0.1,0.1,0.03,-0.1,-0.1,Matches,a86fee7f
444,Eduardo Ribeiro,pt POR,MF,Braga,20,2001,0,0,0,0,,0,0,,,,0,0,0,0,0,,0,0,Matches,2ada2f6a
445,Henrique Ribeiro,pt POR,DF,B-SAD,19,2002,1,0,0,0,,0,0,,,,0,0,0,0,0,,0,0,Matches,5524044b
446,Tomás Ribeiro,pt POR,DF,B-SAD,22,1999,17,0,9,2,22.2,0.53,0.12,0,0,17.2,0,0,0,0.7,0.7,0.07,-0.7,-0.7,Matches,6603fa16
447,Ricardinho,br BRA,FW,Marítimo,20,2001,5.1,1,6,1,16.7,1.17,0.19,0.17,1,12.3,0,0,0,1,1,0.17,0,0,Matches,45a1777c
448,Ricardinho,pt POR,FWMF,Santa Clara,22,1998,24,5,36,15,41.7,1.5,0.63,0.14,0.33,18.8,0,0,0,3.3,3.3,0.09,1.7,1.7,Matches,e472d4da
449,André Ricardo,pt POR,FWMF,Famalicão,20,2000,0.8,0,4,1,25,4.93,1.23,0,0,17.1,0,0,0,0.6,0.6,0.15,-0.6,-0.6,Matches,20459caf
450,Riccieli,br BRA,DF,Famalicão,22,1998,24.2,3,21,5,23.8,0.87,0.21,0.14,0.6,9.8,0,0,0,2.5,2.5,0.12,0.5,0.5,Matches,9c026a2f
451,Rochinha,pt POR,FWMF,Vitória,26,1995,21.7,5,50,20,40,2.31,0.92,0.1,0.25,20.2,2,0,0,3.4,3.4,0.07,1.6,1.6,Matches,c738a5ec
452,Bruno Rodrigues,pt POR,DF,Braga,20,2001,6.4,0,1,0,0,0.16,0,0,,8.3,0,0,0,0.2,0.2,0.15,-0.2,-0.2,Matches,2ab7149e
453,Ivo Rodrigues,pt POR,FWMF,Famalicão,26,1995,20.7,1,37,10,27,1.79,0.48,0.03,0.1,21.1,7,0,1,4.6,3.8,0.1,-3.6,-2.8,Matches,fb6c0681
454,Pedro Rodrigues,pt POR,MF,Famalicão,24,1997,30.6,5,27,9,33.3,0.88,0.29,0.11,0.33,26.2,2,2,2,3,2.1,0.08,2,0.9,Matches,20df3aaf
455,Julio Romão,br BRA,MFDF,Santa Clara,23,1998,4,0,2,0,0,0.5,0,0,,29.3,0,0,0,0,0,0.02,0,0,Matches,fef20ac5
456,Lazar Rosić,rs SRB,DF,Moreirense,28,1993,28,0,13,3,23.1,0.46,0.11,0,0,11.6,0,0,0,1.3,1.3,0.1,-1.3,-1.3,Matches,3c285843
457,Loreintz Rosier,fr FRA,MF,Estoril,22,1998,25.5,3,30,9,30,1.18,0.35,0.1,0.33,14.9,0,0,0,2.6,2.6,0.09,0.4,0.4,Matches,19b28f22
458,Iván Rossi,ar ARG,MF,Marítimo,27,1993,19.1,0,9,0,0,0.47,0,0,,26.6,0,0,0,0.4,0.4,0.04,-0.4,-0.4,Matches,8c6c6096
459,Abel Ruiz,es ESP,FWMF,Braga,21,2000,15.4,2,19,5,26.3,1.24,0.33,0.11,0.4,15.9,0,0,0,3.2,3.2,0.17,-1.2,-1.2,Matches,6cbf8d0d
460,Alan Ruiz,ar ARG,MF,Arouca,27,1993,5.2,1,11,4,36.4,2.12,0.77,0.09,0.25,24.7,2,0,0,0.4,0.4,0.03,0.6,0.6,Matches,8fe2101a
461,Leonardo Ruíz,co COL,FW,Estoril,25,1996,9.7,3,18,8,44.4,1.85,0.82,0.11,0.25,15.3,0,1,1,2.9,2.1,0.12,0.1,-0.1,Matches,5ed6bf7a
462,Helder Sá,pt POR,DF,Vitória,18,2002,5.6,0,2,0,0,0.36,0,0,,26,0,0,0,0,0,0.02,0,0,Matches,85797372
463,Pedro Sá,pt POR,MF,Portimonense,27,1993,12,1,7,2,28.6,0.58,0.17,0.14,0.5,22,0,0,0,0.5,0.5,0.07,0.5,0.5,Matches,7dfb980a
464,Tiago Sá,pt POR,GK,Braga,26,1995,1,0,0,0,,0,0,,,,0,0,0,0,0,,0,0,Matches,fd834d1d
465,Falaye Sacko,ml MLI,DF,Vitória,26,1995,10.3,1,3,1,33.3,0.29,0.1,0,0,21,0,1,1,1,0.2,0.07,0,-0.2,Matches,6388e356
466,Jorge Sáenz,es ESP,DF,Marítimo,24,1996,4.4,0,1,0,0,0.23,0,0,,9.6,0,0,0,0.1,0.1,0.08,-0.1,-0.1,Matches,bfca375c
467,Safira,br BRA,FW,B-SAD,26,1995,16.1,7,30,7,23.3,1.86,0.43,0.13,0.57,14.5,1,3,3,5.5,3.1,0.1,1.5,0.9,Matches,bac8e258
468,Pierre Sagna,sn SEN,DF,Santa Clara,30,1990,11.5,0,3,1,33.3,0.26,0.09,0,0,16.7,2,0,0,0.2,0.2,0.08,-0.2,-0.2,Matches,da3f476b
469,Modibo Sagnan,fr FRA,DF,Tondela,22,1999,25,1,9,4,44.4,0.36,0.16,0.11,0.25,17.8,0,0,0,0.5,0.5,0.05,0.5,0.5,Matches,76d679c7
470,Braima Sambú,pt POR,MF,B-SAD,20,2001,7.9,0,4,0,0,0.51,0,0,,28.2,0,0,0,0.1,0.1,0.03,-0.1,-0.1,Matches,f06ac466
471,Samu,pt POR,MF,Vizela,25,1996,27.4,4,57,22,38.6,2.08,0.8,0.07,0.18,20.9,1,0,0,3.7,3.7,0.07,0.3,0.3,Matches,29b161e8
472,Samuel,br BRA,FWMF,Gil Vicente FC,21,1999,32.9,12,83,32,38.6,2.53,0.97,0.13,0.34,17.9,0,1,3,11.1,8.4,0.1,0.9,2.6,Matches,2a295d33
473,Sandro,br BRA,MFFW,B-SAD,32,1989,0.8,1,1,1,100,1.2,1.2,1,1,21.5,0,0,0,0.1,0.1,0.1,0.9,0.9,Matches,c1c2c925
474,Elder Santana,br BRA,FWMF,Gil Vicente FC,28,1993,3.7,2,16,7,43.8,4.31,1.89,0.13,0.29,12.1,0,0,0,1.4,1.4,0.09,0.6,0.6,Matches,dbaa6693
475,Adílio Santos,br BRA,FW,Arouca,28,1993,1.7,0,3,0,0,1.73,0,0,,14.9,0,0,0,0.4,0.4,0.13,-0.4,-0.4,Matches,6ba91b57
476,Jeferson Santos,br BRA,MF,Portimonense,29,1992,0.2,0,0,0,,0,0,,,,0,0,0,0,0,,0,0,Matches,1adb7d23
477,Luís Santos,pt POR,MFDF,Boavista,21,2000,6.2,1,6,2,33.3,0.96,0.32,0.17,0.5,19.8,0,0,0,0.3,0.3,0.05,0.7,0.7,Matches,bc680074
478,Nuno Santos,pt POR,DFMF,Sporting CP,26,1995,23.4,6,46,16,34.8,1.97,0.68,0.13,0.38,19.4,1,0,0,5.3,5.3,0.12,0.7,0.7,Matches,a6ee4f55
479,Nuno Santos,pt POR,MFFW,Paços,22,1999,25.9,5,36,10,27.8,1.39,0.39,0.14,0.5,21.9,5,0,0,3.1,3.1,0.09,1.9,1.9,Matches,6fc57554
480,Pablo Santos,br BRA,DF,Moreirense,29,1992,13.6,1,9,5,55.6,0.66,0.37,0.11,0.2,10.9,0,0,0,0.7,0.7,0.07,0.3,0.3,Matches,7a412c2d
481,Rafael Santos,pt POR,MF,B-SAD,24,1997,1.1,0,0,0,,0,0,,,,0,0,0,0,0,,0,0,Matches,c9972d2c
482,Yan Santos,br BRA,FWMF,Moreirense,22,1998,19.8,6,38,11,28.9,1.92,0.56,0.11,0.36,21.5,3,2,3,6.6,4.3,0.11,-0.6,-0.3,Matches,d44efa12
483,Zaidu Sanusi,ng NGA,DF,Porto,24,1997,19,3,14,3,21.4,0.74,0.16,0.21,1,17.8,0,0,0,2.7,2.7,0.19,0.3,0.3,Matches,24051310
484,Adewele Sapara,ng NGA,MFDF,Portimonense,26,1995,0.6,0,3,1,33.3,4.66,1.55,0,0,22.4,0,0,0,0.1,0.1,0.03,-0.1,-0.1,Matches,0387fc57
485,Pablo Sarabia,es ESP,MFFW,Sporting CP,29,1992,23,15,64,35,54.7,2.78,1.52,0.16,0.29,16.5,4,5,5,12.1,8.2,0.13,2.9,1.8,Matches,9744ff80
486,Andrés Sarmiento,co COL,FW,Vizela,23,1998,1.6,0,4,3,75,2.52,1.89,0,0,19,0,0,0,0.4,0.4,0.09,-0.4,-0.4,Matches,751faa38
487,Gustavo Sauer,br BRA,FWMF,Boavista,28,1993,25.5,6,54,17,31.5,2.12,0.67,0.07,0.24,26.8,7,2,2,4.4,2.8,0.05,1.6,1.2,Matches,fd53959e
488,Guilherme Schettine,br BRA,FW,Vizela,25,1995,16.9,8,45,14,31.1,2.67,0.83,0.16,0.5,17.2,3,1,1,6.9,6.1,0.14,1.1,0.9,Matches,6b074beb
489,Haris Seferović,ch SUI,FW,Benfica,29,1992,4.4,3,16,7,43.8,3.66,1.6,0.13,0.29,11.5,0,1,1,3.5,2.7,0.17,-0.5,-0.7,Matches,a45eac1f
490,Alfa Semedo,gw GNB,MF,Vitória,23,1997,16.4,0,21,7,33.3,1.28,0.43,0,0,21.2,0,0,0,1.5,1.5,0.07,-1.5,-1.5,Matches,7750704
491,Rúben Semedo,pt POR,DF,Porto,27,1994,0.1,0,0,0,,0,0,,,,0,0,0,0,0,,0,0,Matches,c904f3d5
492,Nuno Sequeira,pt POR,DF,Braga,30,1990,4.9,0,1,0,0,0.21,0,0,,32.8,0,0,0,0,0,0.01,0,0,Matches,7a2cf111
493,Paulo Sérgio Mota,pt POR,DFMF,Moreirense,30,1991,25.7,1,24,7,29.2,0.93,0.27,0.04,0.14,18,0,0,0,1.5,1.5,0.06,-0.5,-0.5,Matches,1c235226
494,André Silva,br BRA,FW,Arouca,24,1997,28.1,9,74,23,31.1,2.63,0.82,0.12,0.39,20.4,8,0,0,5.7,5.7,0.08,3.3,3.3,Matches,dde93e2c
495,Bernardo Silva,pt POR,DF,Famalicão,20,2001,0,0,0,0,,0,0,,,,0,0,0,0,0,,0,0,Matches,5da1a8b1
496,Diogo Silva,br BRA,DF,Gil Vicente FC,26,1995,2.5,0,1,1,100,0.4,0.4,0,0,8.8,0,0,0,0.1,0.1,0.06,-0.1,-0.1,Matches,26328b22
497,João Miguel Macedo Silva,pt POR,GK,Marítimo,26,1995,4,0,0,0,,0,0,,,,0,0,0,0,0,,0,0,Matches,1c98558c
498,João Pedro Sousa Silva,pt POR,FWMF,Paços,24,1996,5.6,0,15,3,20,2.66,0.53,0,0,14.5,0,0,0,1.2,1.2,0.08,-1.2,-1.2,Matches,0629941f
499,Jorge Fernando Santos Silva,pt POR,DF,Paços,25,1996,4.5,0,1,1,100,0.22,0.22,0,0,14.4,0,0,0,0.1,0.1,0.05,-0.1,-0.1,Matches,4851e9ca
500,Leandro Miguel Pereira Silva,pt POR,MF,Arouca,27,1994,24.4,1,19,6,31.6,0.78,0.25,0.05,0.17,26.9,2,0,0,0.9,0.9,0.05,0.1,0.1,Matches,0488e49f
501,Lucas Silva,br BRA,FWMF,Paços,23,1998,21.1,3,45,7,15.6,2.14,0.33,0.07,0.43,17.6,0,0,0,4.5,4.5,0.1,-1.5,-1.5,Matches,aa47c6ce
502,Matheus Silva,br BRA,DFMF,Moreirense,23,1997,5.3,0,3,1,33.3,0.56,0.19,0,0,13.7,0,0,0,0.2,0.2,0.06,-0.2,-0.2,Matches,79ccb6eb
503,Pedro Manuel da Silva Moreira,pt POR,MF,Arouca,32,1989,19.1,0,12,3,25,0.63,0.16,0,0,16.5,0,0,0,0.7,0.7,0.06,-0.7,-0.7,Matches,8f025475
504,Pedro José Moreira Silva,pt POR,GK,Vizela,24,1997,18,0,0,0,,0,0,,,,0,0,0,0,0,,0,0,Matches,f829f728
505,Rafa Silva,pt POR,MFFW,Benfica,28,1993,22.6,8,49,16,32.7,2.17,0.71,0.16,0.5,16.6,0,0,0,8.3,8.3,0.17,-0.3,-0.3,Matches,70cf63ca
506,Raul Silva,br BRA,DF,Estoril,31,1989,5.6,0,3,0,0,0.54,0,0,,20,0,0,0,0.1,0.1,0.03,-0.1,-0.1,Matches,b3aed40d
507,Raul Silva,br BRA,DF,Braga,31,1989,5.7,2,5,4,80,0.87,0.7,0.4,0.5,8.7,0,0,0,1,1,0.2,1,1,Matches,b3aed40d
508,Tiago Silva,pt POR,MF,Vitória,28,1993,21.9,3,26,7,26.9,1.19,0.32,0.04,0.14,26.4,2,2,2,2.5,1.4,0.05,0.5,-0.4,Matches,44d0de01
509,Sílvio,pt POR,DF,Vitória,33,1987,0.3,0,0,0,,0,0,,,,0,0,0,0,0,,0,0,Matches,ec6e2549
510,David Simão,pt POR,MF,Arouca,31,1990,12.5,1,12,2,16.7,0.96,0.16,0.08,0.5,26.1,0,0,0,0.5,0.5,0.04,0.5,0.5,Matches,fcef3903
511,Eduardo Simões,pt POR,DF,Tondela,19,2002,17.1,2,7,4,57.1,0.41,0.23,0.29,0.5,11.4,0,0,0,1.8,1.8,0.26,0.2,0.2,Matches,7ec723b7
512,Sphephelo Sithole,za RSA,MF,B-SAD,22,1999,16.6,0,6,0,0,0.36,0,0,,27,0,0,0,0.2,0.2,0.03,-0.2,-0.2,Matches,33bcd4b3
513,Islam Slimani,dz ALG,FW,Sporting CP,33,1988,4.8,4,14,5,35.7,2.9,1.04,0.29,0.8,11.5,0,0,0,3.8,3.8,0.27,0.2,0.2,Matches,ffec9769
514,Eduardo Soares,pt POR,FW,Braga,19,2001,0.1,0,0,0,,0,0,,,,0,0,0,0,0,,0,0,Matches,bb2265fb
515,Everton Soares,br BRA,MFFW,Benfica,25,1996,17.8,3,38,11,28.9,2.13,0.62,0.08,0.27,19,0,0,0,3,3,0.08,0,0,Matches,b1cbc666
516,Filipe Soares,pt POR,MF,Moreirense,22,1999,11.2,0,16,2,12.5,1.43,0.18,0,0,23.5,0,0,0,2.1,2.1,0.13,-2.1,-2.1,Matches,c6a3b58d
517,Marco Soares,cv CPV,FWMF,Arouca,37,1984,0.4,0,0,0,,0,0,,,,0,0,0,0,0,,0,0,Matches,2b2ce85a
518,Rafa Soares,pt POR,DF,Vitória,26,1995,28.2,1,25,13,52,0.89,0.46,0.04,0.08,16.1,1,0,0,2.1,2.1,0.08,-1.1,-1.1,Matches,062fc2e6
519,Tim Söderström,se SWE,DF,Marítimo,27,1994,0.8,0,1,1,100,1.32,1.32,0,0,8.5,0,0,0,0.1,0.1,0.08,-0.1,-0.1,Matches,f162adb9
520,Carles Soria,es ESP,DF,Estoril,24,1996,20.2,0,10,3,30,0.5,0.15,0,0,17.3,0,0,0,0.6,0.6,0.06,-0.6,-0.6,Matches,128a19d7
521,Afonso Sousa,pt POR,MFFW,B-SAD,21,2000,25.1,1,41,11,26.8,1.63,0.44,0.02,0.09,23.4,0,0,0,3.1,3.1,0.08,-2.1,-2.1,Matches,f3f47ebd
522,César Sousa,ao ANG,MF,B-SAD,21,2000,5.4,0,7,2,28.6,1.3,0.37,0,0,21.2,0,0,0,0.4,0.4,0.06,-0.4,-0.4,Matches,e0581847
523,Miguel Sousa,pt POR,MF,Marítimo,22,1998,3.1,0,3,0,0,0.96,0,0,,29.5,0,0,0,0.1,0.1,0.05,-0.1,-0.1,Matches,ee784cc2
524,Claudemir de Souza,br BRA,MF,Vizela,33,1988,22.3,0,5,0,0,0.22,0,0,,18.2,0,0,0,0.3,0.3,0.06,-0.3,-0.3,Matches,1b033987
525,Adel Taarabt,ma MAR,MF,Benfica,32,1989,9.6,1,12,5,41.7,1.25,0.52,0.08,0.2,28,1,0,0,0.7,0.7,0.06,0.3,0.3,Matches,47dc80f5
526,Bruno Tabata,,FWMF,Sporting CP,24,1997,4.5,3,13,5,38.5,2.9,1.11,0.15,0.4,17.8,0,1,1,2.4,1.7,0.13,0.6,0.3,Matches,2e0f6a18
527,Kyosuke Tagawa,jp JPN,FWMF,Santa Clara,22,1999,5.4,5,13,6,46.2,2.43,1.12,0.38,0.83,12.7,0,0,0,3.1,3.1,0.24,1.9,1.9,Matches,37d01ca3
528,Afonso Taira,pt POR,MF,B-SAD,29,1992,0.2,0,0,0,,0,0,,,,0,0,0,0,0,,0,0,Matches,d5696a58
529,Talocha,pt POR,DF,Gil Vicente FC,31,1989,30.9,0,26,8,30.8,0.84,0.26,0,0,18.3,1,0,0,1.3,1.3,0.05,-1.3,-1.3,Matches,99454b60
530,Douglas Tanque,br BRA,FW,Paços,27,1993,1.6,1,12,4,33.3,7.55,2.52,0.08,0.25,17.1,0,0,0,0.9,0.9,0.08,0.1,0.1,Matches,dbec03ba
531,Mehdi Taremi,ir IRN,FW,Porto,29,1992,26.9,20,94,36,38.3,3.49,1.34,0.15,0.39,14.9,2,6,7,20.3,15.5,0.17,-0.3,-1.5,Matches,4c2a5d34
532,David Tavares,pt POR,MF,Famalicão,22,1999,5,0,5,1,20,1,0.2,0,0,26.1,0,0,0,0.2,0.2,0.05,-0.2,-0.2,Matches,70bc68ef
533,Gilson Tavares,cv CPV,FW,Estoril,19,2001,0.1,0,0,0,,0,0,,,,0,0,0,0,0,,0,0,Matches,eae26fce
534,Heriberto Tavares,pt POR,FWMF,Famalicão,24,1997,8.4,1,26,6,23.1,3.09,0.71,0.04,0.17,17.4,0,0,0,1.9,1.9,0.07,-0.9,-0.9,Matches,2d9f280e
535,Yohan Tavares,pt POR,DF,B-SAD,33,1988,28,0,2,0,0,0.07,0,0,,8,0,0,0,0.4,0.4,0.18,-0.4,-0.4,Matches,a885714c
536,André Teles,pt POR,MF,Marítimo,24,1997,1.2,0,3,0,0,2.48,0,0,,22.6,0,0,0,0.1,0.1,0.03,-0.1,-0.1,Matches,5363c7e7
537,Guo Tianyu,cn CHN,FW,Vizela,22,1999,0.4,0,1,0,0,2.73,0,0,,11.4,0,0,0,0.1,0.1,0.14,-0.1,-0.1,Matches,89de0c1c
538,Tiago Tomás,pt POR,MFFW,Sporting CP,19,2002,1.9,0,6,3,50,3.16,1.58,0,0,17.7,0,0,0,0.4,0.4,0.07,-0.4,-0.4,Matches,b492126a
539,Vítor Tormena,br BRA,DF,Braga,25,1996,20.7,0,6,0,0,0.29,0,0,,12,0,0,0,0.6,0.6,0.1,-0.6,-0.6,Matches,ed1cc44a
540,Pedro Trigueira,pt POR,GK,Tondela,33,1988,28.9,0,0,0,,0,0,,,,0,0,0,0,0,,0,0,Matches,00d19548
541,Matouš Trmal,cz CZE,GK,Vitória,22,1998,9,0,0,0,,0,0,,,,0,0,0,0,0,,0,0,Matches,393f7c58
542,Manuel Ugarte Ribeiro,uy URU,MF,Sporting CP,20,2001,12.3,0,7,0,0,0.57,0,0,,30.5,0,0,0,0.3,0.3,0.04,-0.3,-0.3,Matches,c9817014
543,Zé Uilton,br BRA,FWDF,Paços,29,1992,21,1,21,9,42.9,1,0.43,0.05,0.11,17.8,0,0,0,2.4,2.4,0.11,-1.4,-1.4,Matches,31737d6f
544,Iker Undabarrena,es ESP,MF,Tondela,26,1995,22.3,2,9,2,22.2,0.4,0.09,0.22,1,23.9,0,0,0,0.4,0.4,0.04,1.6,1.6,Matches,ed21e2f8
545,Mateus Uribe,co COL,MF,Porto,30,1991,22.1,1,26,8,30.8,1.18,0.36,0.04,0.13,20.5,1,0,0,1.9,1.9,0.07,-0.9,-0.9,Matches,b997c3de
546,Eugeni Valderrama,es ESP,MF,Arouca,27,1994,5.9,0,10,2,20,1.7,0.34,0,0,24.3,3,0,0,0.6,0.6,0.06,-0.6,-0.6,Matches,a75b4071
547,Rodrigo Valente,pt POR,MFFW,Estoril,20,2001,0.5,0,1,1,100,2.14,2.14,0,0,25.7,0,0,0,0,0,0.05,0,0,Matches,f27fee09
548,Bruno Varela,pt POR,GK,Vitória,26,1994,25,0,0,0,,0,0,,,,0,0,0,0,0,,0,0,Matches,2bea06e0
549,Nilton Varela,pt POR,DFMF,B-SAD,20,2001,8.7,1,7,3,42.9,0.81,0.35,0.14,0.33,18.4,0,0,0,0.4,0.4,0.05,0.6,0.6,Matches,c5c22733
550,Luciano Vega,ar ARG,MF,Estoril,21,1999,1.2,0,1,0,0,0.81,0,0,,30.3,0,0,0,0,0,0.03,0,0,Matches,e6428440
551,Igor Vekič,si SVN,GK,Paços,23,1998,0,0,0,0,,0,0,,,,0,0,0,0,0,,0,0,Matches,fcc5a185
552,Calvin Verdonk,nl NED,FW,Famalicão,24,1997,0.2,0,0,0,,0,0,,,,0,0,0,0,0,,0,0,Matches,bf2b4026
553,Lucas Veríssimo,br BRA,DF,Benfica,26,1995,9.3,3,10,5,50,1.08,0.54,0.3,0.6,10.7,0,0,0,1.5,1.5,0.15,1.5,1.5,Matches,5eaf85b5
554,Jan Vertonghen,be BEL,DF,Benfica,34,1987,27.6,0,19,7,36.8,0.69,0.25,0,0,11.4,0,0,0,1.5,1.5,0.08,-1.5,-1.5,Matches,ba23a904
555,Paulo Victor Vidotti,br BRA,GK,Marítimo,34,1987,30,0,0,0,,0,0,,,,0,0,0,0,0,,0,0,Matches,68a3e731
556,André Vidigal,pt POR,FWMF,Marítimo,22,1998,23.9,1,37,9,24.3,1.55,0.38,0.03,0.11,20.6,0,0,0,3,3,0.08,-2,-2,Matches,3f332394
557,Fabio Vieira,pt POR,MFFW,Porto,21,2000,14.8,6,46,12,26.1,3.12,0.81,0.13,0.5,22.2,5,0,0,3.7,3.6,0.08,2.3,2.4,Matches,6412cc03
558,Mikel Villanueva,ve VEN,DF,Santa Clara,28,1993,19.8,0,5,1,20,0.25,0.05,0,0,9.7,0,0,0,0.4,0.4,0.07,-0.4,-0.4,Matches,65f90a76
559,Rúben Vinagre,pt POR,DFMF,Sporting CP,22,1999,6,0,1,0,0,0.17,0,0,,16.1,0,0,0,0.1,0.1,0.06,-0.1,-0.1,Matches,b937e490
560,Carlos Vinícius,br BRA,FW,Benfica,26,1995,0.1,0,0,0,,0,0,,,,0,0,0,0,0,,0,0,Matches,8b529245
561,João Virgínia,pt POR,GK,Sporting CP,21,1999,0.9,0,0,0,,0,0,,,,0,0,0,0,0,,0,0,Matches,728e9b2e
562,Bernardo Vital,pt POR,DF,Estoril,20,2000,15.4,1,4,2,50,0.26,0.13,0.25,0.5,10.5,0,0,0,0.3,0.3,0.07,0.7,0.7,Matches,3264a506
563,Vitinha,pt POR,MF,Porto,21,2000,25,2,62,26,41.9,2.48,1.04,0.03,0.08,25.3,6,0,0,3.2,3.2,0.05,-1.2,-1.2,Matches,3b029691
564,Vitinha,pt POR,FW,Braga,21,2000,16.4,7,46,19,41.3,2.81,1.16,0.15,0.37,15.3,0,0,0,5.6,5.6,0.12,1.4,1.4,Matches,74d4cec6
565,Steven Vitória,ca CAN,DF,Moreirense,34,1987,15.8,2,18,4,22.2,1.14,0.25,0.06,0.25,13.9,3,1,2,4.3,2.7,0.15,-2.3,-1.7,Matches,9bc450e6
566,Odisseas Vlachodimos,gr GRE,GK,Benfica,27,1994,32,0,0,0,,0,0,,,,0,0,0,0,0,,0,0,Matches,03df04ff
567,Ilija Vukotić,me MNE,MF,Boavista,22,1999,9,0,5,2,40,0.56,0.22,0,0,17.2,0,0,0,0.2,0.2,0.03,-0.2,-0.2,Matches,8ff37fd4
568,Luca Waldschmidt,de GER,FWMF,Benfica,25,1996,1.6,2,5,4,80,3.21,2.57,0.4,0.5,11.8,1,0,0,1.7,1.7,0.34,0.3,0.3,Matches,e5a35ae9
569,Walterson,br BRA,FWMF,Moreirense,26,1994,15.8,1,26,11,42.3,1.64,0.69,0.04,0.09,21.1,1,0,0,2.8,2.8,0.11,-1.8,-1.8,Matches,8eebb330
570,Julian Weigl,de GER,MF,Benfica,25,1995,26.8,2,19,4,21.1,0.71,0.15,0.11,0.5,21.7,0,0,0,1.5,1.5,0.08,0.5,0.5,Matches,346d51d9
571,Wendell,br BRA,DF,Porto,28,1993,10.6,1,6,3,50,0.57,0.28,0.17,0.33,18.7,0,0,0,0.5,0.5,0.08,0.5,0.5,Matches,f9acca3a
572,Willyan,br BRA,DFMF,Portimonense,26,1995,23.7,1,21,3,14.3,0.89,0.13,0.05,0.33,14.1,0,0,0,1.6,1.6,0.08,-0.6,-0.6,Matches,577d7bf9
573,Bruno Wilson,pt POR,DF,Vizela,24,1996,15.8,1,16,3,18.8,1.01,0.19,0.06,0.33,10.1,0,0,0,1.8,1.8,0.11,-0.8,-0.8,Matches,965fc36d
574,Cláudio Winck,br BRA,DF,Marítimo,27,1994,28.6,4,27,10,37,0.94,0.35,0.15,0.4,20.8,2,0,0,1.6,1.6,0.06,2.4,2.4,Matches,a71dc814
575,Xadas,pt POR,MFFW,Marítimo,23,1997,14.6,3,32,11,34.4,2.19,0.75,0.09,0.27,26.8,5,0,0,1.3,1.3,0.04,1.7,1.7,Matches,4f182a8f
576,António Xavier,pt POR,FWMF,Estoril,29,1992,7.2,0,5,3,60,0.69,0.41,0,0,18.5,0,0,0,0.8,0.8,0.16,-0.8,-0.8,Matches,2225475a
577,Roman Yaremchuk,ua UKR,FW,Benfica,25,1995,11.9,6,30,13,43.3,2.53,1.1,0.2,0.46,14,0,0,0,6.9,6.9,0.23,-0.9,-0.9,Matches,cb641b9d
578,Hugues Zagbayou,ci CIV,MF,Vizela,31,1990,4.3,0,2,0,0,0.47,0,0,,28.2,0,0,0,0,0,0.02,0,0,Matches,769808b7
579,Ivan Zlobin,ru RUS,GK,Famalicão,24,1997,1,0,0,0,,0,0,,,,0,0,0,0,0,,0,0,Matches,d8fe652c
580,Kévin Zohi,ml MLI,FW,Vizela,24,1996,9.2,0,20,2,10,2.18,0.22,0,0,15.2,0,0,0,2.2,2.2,0.11,-2.2,-2.2,Matches,775185ae
581,Emilijus Zubas,lt LTU,GK,Arouca,31,1990,1,0,0,0,,0,0,,,,0,0,0,0,0,,0,0,Matches,5635834c