﻿,,,,,,,,Touches,Touches,Touches,Touches,Touches,Touches,Touches,Take-Ons,Take-Ons,Take-Ons,Take-Ons,Take-Ons,Carries,Carries,Carries,Carries,Carries,Carries,Carries,Carries,Receiving,Receiving,,#NAME?
Rk,Player,Nation,Pos,Squad,Age,Born,90s,Touches,Def Pen,Def 3rd,Mid 3rd,Att 3rd,Att Pen,Live,Att,Succ,Succ%,Tkld,Tkld%,Carries,TotDist,PrgDist,PrgC,3-Jan,CPA,Mis,Dis,Rec,PrgR,Matches,-9999
1,Rodrigo Abascal,uy URU,DF,Boavista,27,1994,26.5,1729,183,935,741,67,13,1729,7,4,57.1,3,42.9,837,3718,2105,10,11,0,12,1,1041,6,Matches,088ae0d1
2,Giorgi Aburjania,ge GEO,MF,Gil Vicente FC,26,1995,8.6,494,11,92,292,118,11,494,7,4,57.1,3,42.9,267,1140,562,10,11,1,5,5,337,12,Matches,0921a46c
3,Antonio Adán,es ESP,GK,Sporting CP,34,1987,33,1149,999,1143,7,0,0,1149,1,1,100,0,0,654,3037,1599,0,0,0,2,0,595,0,Matches,65d62814
4,João Afonso Crispim,br BRA,MF,Gil Vicente FC,26,1995,0.2,23,0,4,18,1,0,23,0,0,,0,,10,35,18,0,0,0,0,0,16,0,Matches,e40bdb5d
5,João Afonso,pt POR,DF,Santa Clara,31,1990,12.4,605,85,395,192,24,17,605,3,2,66.7,1,33.3,306,1423,814,6,3,0,4,0,358,0,Matches,a8f07c8f
6,Lucas Áfrico,br BRA,DF,Estoril,26,1995,10.7,608,73,349,251,12,3,608,2,2,100,0,0,380,2027,1241,7,2,0,5,1,418,0,Matches,8fd083bb
7,Salvador Agra,pt POR,FWMF,Tondela,29,1991,29,1197,18,167,514,531,49,1196,50,22,44,28,56,686,4395,1973,65,40,14,47,35,807,206,Matches,a130741a
8,Mohamed Aidara,ci CIV,DF,Vizela,24,1996,15,730,134,481,234,23,15,730,1,1,100,0,0,353,1570,823,1,2,0,8,2,413,1,Matches,09c61cb2
9,Chima Akas,ng NGA,DF,B-SAD,27,1994,19.5,953,91,393,406,162,10,953,8,3,37.5,5,62.5,424,1637,702,7,7,2,19,4,461,38,Matches,6187871f
10,Alex,br BRA,DF,Famalicão,22,1999,16.4,876,124,516,348,13,7,876,3,2,66.7,1,33.3,500,2587,1450,8,3,1,6,2,562,2,Matches,7367baf7
11,Almoatasembellah Ali,ly LBY,MF,Braga,25,1996,28.5,2009,60,436,1319,265,10,2009,15,7,46.7,8,53.3,1101,4489,1884,11,22,2,27,18,1384,8,Matches,cd6a1a59
12,Ali Alipour,ir IRN,FW,Marítimo,25,1995,20,553,18,47,248,262,81,552,26,15,57.7,11,42.3,299,1400,527,20,6,10,58,15,394,113,Matches,488ee64c
13,Allano,br BRA,FWMF,Santa Clara,26,1995,12.1,633,19,100,316,233,27,631,49,27,55.1,22,44.9,382,2524,1123,33,27,9,48,14,450,87,Matches,9c1245f8
14,André Almeida,pt POR,DF,Benfica,30,1990,8.9,696,26,163,309,228,20,696,11,2,18.2,9,81.8,423,1833,975,21,20,1,13,2,473,58,Matches,67b3d74b
15,Domingos André Ribeiro Almeida,pt POR,MFFW,Vitória,21,2000,20.2,1002,17,136,564,328,25,1001,72,49,68.1,23,31.9,626,3850,2169,60,49,5,32,25,676,53,Matches,e6697917
16,Baptiste Aloé,fr FRA,DF,Arouca,27,1994,0.7,42,7,23,18,1,1,42,0,0,,0,,19,55,31,0,0,0,0,0,26,0,Matches,dd83724a
17,Omri Altman,il ISR,MF,Arouca,27,1994,1.5,71,1,11,29,32,5,71,1,0,0,1,100,29,128,36,0,0,1,4,1,44,5,Matches,0afff3b7
18,Alejandro Alvarado Jr.,us USA,MFFW,Vizela,18,2003,0.7,31,1,7,17,7,1,31,0,0,,0,,9,27,9,0,0,0,0,0,17,2,Matches,14c93be3
19,Luís Alves,pt POR,DF,Paços,19,2001,3.4,245,12,80,117,50,3,245,10,4,40,6,60,104,642,283,5,5,1,4,1,142,8,Matches,2102b074
20,Marcelo Alves,br BRA,DF,Tondela,23,1998,8.1,365,51,262,102,2,1,365,1,1,100,0,0,193,683,324,0,1,1,2,1,240,0,Matches,29f81bd9
21,Ricardo Miguel Martins Alves,pt POR,DFMF,Tondela,30,1991,9.2,476,46,220,228,30,12,476,2,1,50,1,50,248,1056,515,2,3,1,2,5,298,4,Matches,cc5eeb16
22,Pedro Amador,pt POR,MFDF,Moreirense,22,1998,13.3,671,34,183,277,217,22,671,24,10,41.7,14,58.3,287,1155,614,20,14,3,20,8,314,56,Matches,00dad262
23,Amarildo,br BRA,DF,Famalicão,22,1999,0,1,0,1,0,0,0,1,0,0,,0,,0,0,0,0,0,0,0,0,0,0,Matches,b5dd8abd
24,André Amaro,co COL,DF,Vitória,18,2002,6.3,365,41,220,141,5,2,365,2,2,100,0,0,228,1078,518,1,3,0,3,3,246,1,Matches,cdb9b8f2
25,Artur Jorge Marques Amorim,pt POR,DF,Moreirense,26,1994,22.2,1014,111,548,447,32,13,1014,2,1,50,1,50,517,2447,1094,2,5,0,7,1,547,4,Matches,801f3d1d
26,Anderson,br BRA,FWMF,Portimonense,23,1998,11.4,513,6,64,246,222,30,512,64,31,48.4,33,51.6,337,2270,976,32,23,10,42,24,342,59,Matches,4242a0a1
27,Rodrigo Andrad,pt POR,MF,Marítimo,19,2001,0.1,10,0,0,6,5,0,10,1,0,0,1,100,5,31,0,0,1,0,0,1,7,1,Matches,f667eb16
28,Léo Andrade,br BRA,DF,Marítimo,23,1998,14.3,924,138,603,309,14,7,924,2,1,50,1,50,512,2075,921,3,1,0,6,2,569,1,Matches,070eb3e3
29,André André,pt POR,MF,Vitória,31,1989,10.4,557,13,80,319,165,26,556,21,12,57.1,9,42.9,338,1343,605,14,14,4,21,11,411,31,Matches,9f31b1d3
30,Mauro Andrés Caballero,py PAR,FW,Arouca,26,1994,0,5,0,0,3,2,2,5,0,0,,0,,1,1,0,0,0,0,1,0,3,1,Matches,6a321e80
31,Andrew,br BRA,GK,Gil Vicente FC,20,2001,10,318,295,318,0,0,0,318,0,0,,0,,165,619,382,0,0,0,0,0,111,0,Matches,40406a00
32,Iván Angulo,co COL,FWMF,Portimonense,22,1999,26.2,963,32,184,421,375,70,963,91,43,47.3,47,51.6,628,4093,1888,65,36,37,71,30,647,170,Matches,55a5d959
33,Antony,br BRA,FWMF,Arouca,19,2001,7.4,363,3,44,169,155,25,363,33,16,48.5,17,51.5,205,1289,528,21,10,6,27,9,235,65,Matches,6a2381f7
34,Vitorino Antunes,pt POR,DF,Paços,34,1987,28.2,1910,90,622,831,482,18,1908,43,15,34.9,28,65.1,866,4215,1938,45,39,4,35,25,987,57,Matches,3e4f735d
35,Bilel Aouacheria,fr FRA,FWMF,Gil Vicente FC,27,1994,7.1,318,4,42,104,179,14,318,26,13,50,13,50,196,1106,644,27,16,5,18,6,227,64,Matches,77bbc5b1
36,Wilinton Aponzá,co COL,FWMF,Portimonense,21,2000,8.3,225,8,20,84,123,32,225,10,7,70,3,30,118,514,183,9,3,6,24,13,153,45,Matches,6d058717
37,Brian Araújo,fr FRA,GK,Gil Vicente FC,21,2000,1,32,30,32,0,0,0,32,0,0,,0,,11,64,42,0,0,0,0,0,8,0,Matches,100104d1
38,Henrique Araújo,pt POR,FW,Benfica,19,2002,1.4,42,0,2,17,23,13,42,2,2,100,0,0,23,72,23,1,0,1,2,1,30,11,Matches,353eb529
39,Guilherme Araújo Soares,pt POR,DF,Braga,20,2001,0.5,33,2,15,18,0,0,33,0,0,,0,,20,108,31,0,0,0,0,0,24,0,Matches,925dd6eb
40,Tiago Araújo,pt POR,DFFW,Arouca,20,2001,5.3,293,10,73,134,91,5,293,6,3,50,3,50,144,854,308,10,9,3,13,5,148,22,Matches,1b54edb3
41,Tomás Araújo,pt POR,DF,Benfica,19,2002,1.1,71,10,42,28,1,1,71,1,1,100,0,0,41,177,106,1,0,0,0,0,51,0,Matches,354d98ae
42,Telmo Arcanjo,cv CPV,MFFW,Tondela,20,2001,1.4,90,0,10,41,42,2,90,6,2,33.3,4,66.7,62,398,182,5,4,0,3,3,65,15,Matches,c692cef2
43,Arthur,br BRA,FWMF,Estoril,23,1998,24.4,919,12,140,318,483,56,919,85,41,48.2,44,51.8,535,3994,1949,65,44,27,41,31,603,181,Matches,184ad240
44,Gustavo Assuncao,pt POR,MF,Famalicão,21,2000,6.7,397,15,102,249,49,4,397,10,6,60,4,40,195,836,378,5,3,1,8,3,235,3,Matches,065c8786
45,Fernando Augusto,br BRA,GK,Arouca,24,1997,6.9,267,229,267,0,0,0,267,0,0,,0,,147,678,361,0,0,0,1,0,105,0,Matches,b8a82624
46,Javier Avilés,es ESP,MFFW,Tondela,23,1997,1.7,78,1,11,31,40,4,78,13,5,38.5,8,61.5,45,412,138,7,8,0,6,7,53,13,Matches,53ddba36
47,Chidozie Awaziem,ng NGA,DF,Boavista,24,1997,3,151,23,104,48,1,0,151,0,0,,0,,58,235,106,0,0,0,0,2,99,0,Matches,70d8e84c
48,Abdoulaye Ba,sn SEN,DF,Arouca,30,1991,14.9,880,114,541,331,9,7,880,3,2,66.7,1,33.3,503,2071,923,0,0,0,12,0,522,1,Matches,1f54ed90
49,Abdoulaye Ba,sn SEN,DF,Moreirense,30,1991,1,66,5,34,29,4,3,66,1,1,100,0,0,24,129,34,0,0,0,1,1,32,1,Matches,1f54ed90
50,Marco Baixinho,pt POR,DF,Paços,32,1989,24.3,1378,138,798,565,23,12,1378,2,2,100,0,0,795,3724,2139,10,3,0,6,2,928,1,Matches,11db0750
51,Ibrahima Bamba,ci CIV,MF,Vitória,19,2002,3.3,175,8,65,93,18,1,175,1,1,100,0,0,89,325,130,0,1,0,2,0,104,1,Matches,09327ec3
52,Daniel Bandeira,pt POR,MF,Vitória,21,2000,0.2,16,1,3,7,6,0,16,0,0,,0,,8,38,28,0,0,0,2,0,11,0,Matches,56fca564
53,Simon Banza,fr FRA,FW,Famalicão,24,1996,25.9,807,39,62,333,417,132,805,60,27,45,33,55,496,2415,958,33,29,20,91,42,652,158,Matches,be47b750
54,Yves Baraye,sn SEN,FWMF,B-SAD,29,1992,11.8,451,11,79,215,169,41,451,49,19,38.8,30,61.2,264,1841,890,33,22,14,34,18,264,51,Matches,9cf87d33
55,Rafael Barbosa,pt POR,MFFW,Tondela,25,1996,19.2,889,7,110,471,318,43,889,46,22,47.8,24,52.2,536,2750,1234,37,31,10,37,31,632,89,Matches,2a34574e
56,Romário Baró,pt POR,MF,Estoril,21,2000,4.3,179,6,30,97,57,7,179,19,10,52.6,9,47.4,116,814,401,12,10,2,15,11,133,15,Matches,a4e16ab4
57,Oscar Barreto,co COL,FWMF,Santa Clara,28,1993,3.9,174,5,35,77,67,9,174,8,4,50,4,50,100,556,273,7,5,3,8,2,100,21,Matches,9964fc60
58,Gil Bastião Dias,pt POR,DFFW,Benfica,24,1996,7.3,507,5,75,214,230,24,507,38,23,60.5,15,39.5,316,2508,1354,33,32,9,26,6,345,85,Matches,e61bdd69
59,Dylan Batubinsika,fr FRA,DF,Famalicão,25,1996,16.7,913,104,534,364,20,11,913,9,7,77.8,2,22.2,488,2629,1300,8,5,0,10,1,514,2,Matches,37d39918
60,Clésio Baúque,mz MOZ,DFFW,Marítimo,26,1994,5.3,253,12,75,102,82,4,253,23,14,60.9,9,39.1,151,1273,530,14,15,3,17,11,148,26,Matches,c9b32c60
61,Bebeto,br BRA,DFMF,Tondela,31,1990,15.4,918,42,360,375,198,8,918,19,11,57.9,8,42.1,404,2008,887,20,20,1,26,8,443,56,Matches,835e8327
62,Alireza Beiranvand,ir IRN,GK,Boavista,28,1992,7.5,301,272,301,0,0,0,301,4,4,100,0,0,161,1059,750,0,0,0,2,0,105,0,Matches,6ca0b04a
63,Stefano Beltrame,it ITA,MF,Marítimo,28,1993,15.4,763,20,160,418,203,9,763,31,18,58.1,13,41.9,440,2437,1251,29,17,1,30,12,510,30,Matches,b50a9c75
64,Berna,pt POR,MF,Braga,18,2002,0,0,0,0,0,0,0,0,0,0,,0,,0,0,0,0,0,0,0,0,0,0,Matches,1c14c246
65,Paulo Bernardo,pt POR,MF,Benfica,19,2002,8.7,548,11,77,281,195,28,548,24,17,70.8,7,29.2,339,1727,831,17,18,4,21,11,394,40,Matches,4142f132
66,Beto,gw GNB,FW,Portimonense,23,1998,3,69,4,7,26,38,10,69,4,2,50,2,50,39,227,123,4,6,1,4,4,49,14,Matches,ed5c0319
67,Aylton Boa Morte,pt POR,FWMF,Portimonense,27,1993,12.3,382,9,47,137,213,35,381,41,22,53.7,19,46.3,268,1708,855,37,21,13,37,13,293,102,Matches,b0332f23
68,Kennedy Boateng,tg TOG,DF,Santa Clara,24,1996,23.3,1160,137,723,409,35,30,1160,4,2,50,2,50,560,2400,1035,1,1,0,13,0,643,3,Matches,8ac5a646
69,Kiko Bondoso,pt POR,FW,Vizela,25,1995,30.2,1232,23,131,536,590,110,1232,62,25,40.3,37,59.7,755,4425,2007,66,53,27,63,37,902,216,Matches,eb60757f
70,Trova Boni,bf BFA,MF,B-SAD,21,1999,4.9,171,14,51,104,19,1,171,10,7,70,3,30,75,357,127,3,2,0,11,12,73,4,Matches,43aea3c8
71,Toni Borevkovic,hr CRO,DF,Vitória,24,1997,22.1,1302,124,623,655,28,19,1302,1,1,100,0,0,763,3802,2151,8,5,0,7,5,884,3,Matches,d05eeced
72,Gonçalo Borges,pt POR,MF,Porto,20,2001,0.1,5,0,0,1,4,1,5,0,0,,0,,4,36,25,1,0,1,0,0,4,1,Matches,4d1c4a5d
73,Neto Borges,br BRA,DFMF,Tondela,24,1996,23.7,1422,69,530,616,295,32,1422,48,36,75,12,25,674,4224,2181,56,34,11,45,23,725,101,Matches,9f936061
74,Pedro Borges,br BRA,MF,Tondela,24,1997,22.1,1071,55,315,610,156,18,1071,24,20,83.3,4,16.7,551,2512,977,16,14,0,43,20,648,32,Matches,5bb699c4
75,Mohamed Bouldini,ma MAR,FW,Santa Clara,25,1995,1.7,74,5,9,26,39,11,74,3,2,66.7,1,33.3,39,133,36,0,1,1,8,2,59,13,Matches,bcd0b89f
76,Rafael Bracalli,br BRA,GK,Boavista,40,1981,26.5,902,795,901,2,0,0,902,1,1,100,0,0,447,2439,1363,0,0,0,2,0,308,0,Matches,5f7d2dfe
77,Victor Braga,br BRA,GK,Arouca,29,1992,23.1,833,666,827,8,0,0,833,0,0,,0,,432,2214,1292,0,0,0,0,0,331,1,Matches,871b35e7
78,Daniel Bragança,pt POR,MF,Sporting CP,22,1999,8.7,708,11,87,475,153,15,708,29,22,75.9,7,24.1,410,2137,1005,20,21,3,16,14,548,28,Matches,0c152537
79,Pedro Brazão,pt POR,MFFW,Famalicão,18,2002,4.2,154,1,20,83,57,4,154,20,8,40,12,60,91,669,310,9,8,0,6,8,105,22,Matches,0589c701
80,Brunão,br BRA,MF,Arouca,24,1997,0.2,10,3,9,2,0,0,10,0,0,,0,,4,32,29,0,0,0,0,0,5,0,Matches,b1ed8257
81,Bruninho,br BRA,FW,Arouca,22,1999,3.3,119,1,4,37,78,40,119,4,2,50,2,50,48,217,54,2,3,1,9,8,78,22,Matches,6d31b1da
82,David Bruno,pt POR,DF,Estoril,29,1992,13.5,749,60,275,287,187,4,749,4,0,0,4,100,341,1424,732,15,14,0,7,5,399,51,Matches,4b9e5cba
83,Matheus Bueno,br BRA,MFFW,Gil Vicente FC,23,1998,7.3,362,1,37,182,146,16,362,9,8,88.9,1,11.1,214,1251,596,20,9,4,13,9,262,40,Matches,e90ec8d0
84,André Bukia,cd COD,FWMF,Arouca,26,1995,28.5,1030,14,110,403,543,61,1030,114,44,38.6,70,61.4,736,4877,2037,81,52,22,100,57,759,200,Matches,f9a92ea5
85,Leonardo Buta,pt POR,DF,Braga,19,2002,1.5,97,4,17,52,29,2,97,2,0,0,2,100,45,216,128,3,4,0,3,0,58,7,Matches,dee3d535
86,Adrián Butzke,es ESP,FW,Paços,22,1999,6.4,222,8,14,126,83,22,222,8,4,50,4,50,120,650,165,4,5,1,18,8,181,34,Matches,505dce2b
87,Jovane Cabral,cv CPV,MFFW,Sporting CP,23,1998,3.8,163,1,7,79,79,17,162,6,5,83.3,1,16.7,93,449,222,7,1,6,14,5,119,30,Matches,e34e086c
88,Paulo Henrique Rodrigues Cabral,pt POR,DF,Santa Clara,24,1996,13.9,727,42,253,352,128,14,727,14,10,71.4,4,28.6,365,1561,775,18,8,1,18,5,398,37,Matches,750e1b50
89,Jhonder Cádiz,ve VEN,FWDF,Famalicão,26,1995,5,200,5,16,78,106,37,200,8,3,37.5,5,62.5,99,331,89,3,0,1,16,13,161,40,Matches,e8edfdc9
90,João Caiado,pt POR,FW,Gil Vicente FC,22,1999,0,1,0,0,1,0,0,1,0,0,,0,,0,0,0,0,0,0,0,0,1,0,Matches,508433d7
91,Juan Calero,co COL,FW,Gil Vicente FC,22,1998,1.6,66,2,2,33,31,5,66,1,0,0,1,100,36,132,58,2,0,1,2,2,47,8,Matches,9a179298
92,Diogo Calila,pt POR,DFMF,B-SAD,22,1998,21.3,1061,82,387,455,236,16,1061,30,9,30,21,70,490,2368,1092,35,22,6,17,12,519,79,Matches,32044ced
93,Rafael Camacho,pt POR,FWMF,B-SAD,21,2000,9.8,346,2,38,146,164,18,346,29,15,51.7,14,48.3,225,1496,754,27,19,9,24,13,250,53,Matches,91b43c98
94,Abel Camará,gw GNB,FW,B-SAD,31,1990,17.3,516,15,48,246,225,70,516,16,5,31.3,11,68.8,284,1243,410,18,9,3,61,9,392,79,Matches,be80b225
95,Ibrahima Camará,gn GUI,MF,Moreirense,22,1999,18.9,925,20,144,568,232,19,924,37,24,64.9,13,35.1,478,2420,1160,25,17,3,16,12,505,29,Matches,922f894e
96,Gastón Campi,ar ARG,DF,Arouca,30,1991,4,204,12,99,101,5,2,204,1,1,100,0,0,117,653,395,1,0,0,1,1,127,2,Matches,74223a01
97,Fali Candé,gw GNB,DF,Portimonense,23,1998,14.6,908,63,309,363,241,9,908,20,14,70,6,30,420,2150,886,23,19,3,22,6,501,51,Matches,3cc4bb19
98,Francis Cann,gh GHA,FWMF,Vizela,23,1998,2.4,93,0,18,47,30,1,93,6,4,66.7,2,33.3,54,235,108,2,2,0,3,1,54,11,Matches,b182800f
99,Reggie Cannon,us USA,DF,Boavista,23,1998,19,1129,63,521,534,80,7,1129,12,11,91.7,1,8.3,581,2614,1249,17,13,0,16,5,703,27,Matches,ad9ffc7e
100,Fábio Cardoso,pt POR,DF,Porto,27,1994,12,792,61,379,385,28,12,792,3,2,66.7,1,33.3,530,2063,1116,6,1,1,1,1,610,4,Matches,4a5839fa
101,Carlinhos,br BRA,MF,Portimonense,27,1994,25.4,1557,34,267,958,366,25,1556,67,41,61.2,26,38.8,933,5523,2445,44,38,3,50,15,1014,59,Matches,e19ca5b9
102,Carlos,br BRA,FW,Santa Clara,25,1995,2,74,2,6,27,42,11,73,4,2,50,2,50,38,159,57,1,1,0,6,2,49,17,Matches,901e930c
103,José Carlos,pt POR,DF,Gil Vicente FC,23,1998,27.3,2169,97,640,1007,544,37,2169,62,28,45.2,34,54.8,1056,4643,2446,54,37,12,38,20,1282,152,Matches,4e2da7f7
104,Luíz Carlos,br BRA,MF,Paços,36,1985,28.9,1536,63,352,986,216,12,1536,26,18,69.2,8,30.8,715,3381,1204,24,20,2,36,19,990,43,Matches,296f0b3f
105,João Carlos Teixeira,pt POR,FWMF,Famalicão,28,1993,8.8,464,5,42,246,184,14,464,39,24,61.5,15,38.5,289,1530,603,16,8,3,25,12,326,45,Matches,6.01E+14
106,David Carmo,pt POR,DF,Braga,22,1999,11,809,110,385,409,16,10,809,1,1,100,0,0,487,2152,1156,1,1,1,6,0,573,0,Matches,3ce20eda
107,Carraça,pt POR,DFMF,B-SAD,28,1993,24.5,1742,84,514,861,389,9,1742,17,12,70.6,5,29.4,826,3751,1659,25,14,1,18,11,1002,77,Matches,d96144c9
108,Anderson Carvalho,br BRA,MF,Santa Clara,31,1990,21.1,933,31,214,620,111,12,933,19,13,68.4,6,31.6,407,1859,775,11,7,4,22,19,489,16,Matches,043168bf
109,Duarte Carvalho,pt POR,MF,Estoril,19,2002,0.2,5,0,2,4,0,0,5,1,1,100,0,0,3,11,0,0,0,0,0,0,1,0,Matches,de3e9cf9
110,Martim Carvalho,pt POR,MF,Benfica,18,2003,0.2,18,0,5,9,4,0,18,0,0,,0,,11,113,73,2,2,0,0,0,13,0,Matches,f98c4f0a
111,Vitor Carvalho,br BRA,MF,Gil Vicente FC,24,1997,24.8,1520,72,340,984,206,16,1520,19,9,47.4,10,52.6,727,3147,1558,10,23,1,22,11,963,21,Matches,adc77724
112,Cassiano,br BRA,FW,Vizela,32,1989,17.7,484,12,38,209,243,71,483,16,7,43.8,9,56.3,261,1355,546,26,14,12,39,14,335,86,Matches,46fa8966
113,Mateo Cassierra,co COL,FW,B-SAD,24,1997,1.9,49,0,2,30,17,1,49,3,2,66.7,1,33.3,33,174,56,2,2,0,7,2,40,5,Matches,0f714df2
114,Moises Castillo,co COL,DFFW,Marítimo,20,2001,0.2,5,1,4,1,0,0,5,0,0,,0,,3,9,1,0,0,0,0,0,3,0,Matches,0057a058
115,André Castro,pt POR,MF,Braga,33,1988,12.8,713,23,128,446,149,23,713,9,5,55.6,4,44.4,328,1555,707,17,11,2,17,5,434,27,Matches,37d0048f
116,Tomás Castro,pt POR,MF,B-SAD,22,1999,0.6,42,0,11,20,11,0,42,1,1,100,0,0,24,71,13,0,0,0,1,1,26,0,Matches,3e5f2323
117,Geny Catamo,mz MOZ,DF,Sporting CP,20,2001,0.3,29,0,4,15,10,1,29,1,0,0,1,100,17,129,50,1,0,1,3,0,14,5,Matches,28cb9f21
118,Geny Catamo,mz MOZ,FWMF,Vitória,20,2001,2.5,118,1,10,60,51,8,118,13,8,61.5,5,38.5,91,628,408,16,11,3,8,9,102,22,Matches,28cb9f21
119,Charles,br BRA,GK,Vizela,27,1994,14,450,408,449,1,0,0,450,0,0,,0,,189,908,665,0,0,0,1,0,119,0,Matches,9dadc297
120,Francisco Chico,pt POR,MFFW,B-SAD,23,1998,6.1,262,5,48,127,90,7,262,10,5,50,5,50,133,725,279,8,9,3,8,8,162,32,Matches,647bf324
121,Fábio China,pt POR,DF,Marítimo,29,1992,6.4,445,23,177,210,67,2,445,20,11,55,9,45,234,1410,686,10,6,1,16,12,254,18,Matches,8c014897
122,Chiquinho,pt POR,FW,Estoril,21,2000,9.3,294,5,43,58,198,40,294,39,20,51.3,19,48.7,197,1415,764,37,16,16,25,17,201,78,Matches,dc6c2f02
123,Chiquinho,pt POR,MFFW,Braga,26,1995,2.3,111,5,19,51,42,9,111,9,5,55.6,4,44.4,75,418,237,6,4,0,7,3,88,18,Matches,262e5a82
124,André Clóvis,br BRA,FW,Estoril,23,1997,9.7,243,6,24,96,127,34,242,10,4,40,6,60,111,556,237,10,4,7,27,10,157,41,Matches,42995526
125,Sebastián Coates,uy URU,DF,Sporting CP,30,1990,29.3,2272,124,847,1366,77,58,2272,17,12,70.6,5,29.4,1378,5961,3423,14,4,0,15,9,1675,9,Matches,1fbbfbde
126,Racine Coly,sn SEN,DF,Estoril,25,1995,1.9,107,2,38,44,25,0,107,0,0,,0,,49,326,145,4,1,0,3,3,62,4,Matches,166a981d
127,Francisco Conceição,pt POR,MFFW,Porto,18,2002,5.5,338,3,20,111,208,58,338,28,15,53.6,13,46.4,236,1544,857,29,16,20,24,9,257,73,Matches,5ef3d210
128,Rodrigo Conceição,pt POR,DFMF,Moreirense,21,2000,4.3,270,13,62,112,99,12,270,23,11,47.8,12,52.2,132,823,474,18,11,8,16,6,151,36,Matches,6fee9966
129,Abdu Conté,pt POR,DFMF,Moreirense,23,1998,15.3,861,32,230,388,260,22,861,36,23,63.9,13,36.1,447,2547,1445,39,26,5,25,6,500,78,Matches,cfa49cc1
130,Jeriel Córdova,ve VEN,FWMF,Boavista,19,2002,2.3,89,2,5,37,47,10,89,5,3,60,2,40,47,240,95,4,1,1,5,5,69,16,Matches,8898f8a2
131,Jesús Corona,mx MEX,DFMF,Porto,28,1993,4.3,339,3,51,156,133,11,339,10,4,40,6,60,244,889,417,10,17,2,11,6,262,49,Matches,fb938d24
132,Rui Filipe Cunha Correia,pt POR,MF,Santa Clara,26,1995,13.4,702,26,201,444,66,3,702,12,5,41.7,7,58.3,462,2129,772,9,6,0,17,10,475,15,Matches,34270aeb
133,Bruno Xavier Almeida Costa,pt POR,MFDF,Porto,24,1997,7.5,556,9,102,373,84,6,556,6,3,50,3,50,350,1191,406,2,2,1,7,2,390,13,Matches,7b4c1f6e
134,Diogo Costa,pt POR,GK,Porto,21,1999,33,1260,1009,1257,3,0,0,1260,0,0,,0,,832,3321,1927,0,0,0,0,0,780,0,Matches,93fffbcf
135,Edgar Costa,pt POR,MFFW,Marítimo,34,1987,14.4,705,12,92,404,222,8,705,20,8,40,12,60,402,2362,846,16,10,1,26,18,477,57,Matches,95469c7f
136,Matheus Costa,br BRA,DF,Marítimo,26,1995,21.1,1364,163,805,531,42,24,1364,10,7,70,3,30,720,4211,2331,14,5,2,15,3,878,4,Matches,3b87c918
137,Murilo Costa,br BRA,FWMF,Gil Vicente FC,26,1994,9.4,502,15,73,236,204,30,502,55,32,58.2,23,41.8,288,2379,1009,34,19,15,26,19,333,75,Matches,85733f33
138,Diogo Costa Rodrigues,pt POR,MF,Portimonense,21,1999,0.1,4,1,2,2,0,0,4,0,0,,0,,1,4,1,0,0,0,0,0,2,0,Matches,a6f248e1
139,Rui Costa,pt POR,FW,Santa Clara,25,1996,21.8,671,14,64,310,314,60,671,76,29,38.2,47,61.8,391,2211,703,24,19,9,66,28,439,114,Matches,ee43adcd
140,Tomás Costa Silva,pt POR,FWMF,Vizela,21,1999,0.4,27,1,5,9,13,3,27,1,0,0,1,100,14,101,47,1,2,0,0,0,19,2,Matches,4cf7d718
141,Vitor Costa,br BRA,DF,Marítimo,27,1994,28.4,1897,114,769,873,283,17,1897,40,30,75,10,25,964,5172,2752,48,30,6,41,14,1050,92,Matches,e28ae695
142,Costinha,pt POR,FW,Santa Clara,28,1992,0.9,44,1,4,21,20,0,44,4,2,50,2,50,33,148,77,1,3,0,1,1,32,4,Matches,af857562
143,Filipe Couto,pt POR,MF,Marítimo,27,1994,0.2,19,1,6,13,0,0,19,0,0,,0,,16,31,7,0,0,0,0,0,17,0,Matches,a289c752
144,Yan Couto,br BRA,DFMF,Braga,19,2002,20,1511,24,297,695,534,56,1511,56,32,57.1,24,42.9,838,5560,3137,82,48,25,54,18,986,158,Matches,1944818c
145,Crespo,pt POR,MFFW,Estoril,24,1996,2.9,100,6,20,34,47,6,100,6,2,33.3,4,66.7,62,343,172,5,6,1,5,6,62,16,Matches,922dfade
146,Sandro Cruz,pt POR,DF,Benfica,20,2001,1.8,106,7,40,51,15,0,106,1,0,0,1,100,68,269,138,4,1,0,1,0,63,5,Matches,e9543ec7
147,Crysan,br BRA,FW,Santa Clara,25,1996,15.9,752,17,78,411,284,69,751,67,33,49.3,34,50.7,419,2636,1182,42,24,9,56,35,535,89,Matches,70acbadc
148,Lucas Cunha,br BRA,DF,Gil Vicente FC,24,1997,32,2441,298,1163,1224,61,12,2441,2,2,100,0,0,1501,6236,3836,18,7,1,6,3,1818,1,Matches,0b8748ac
149,Sessi D'Almeida,bj BEN,MF,Tondela,25,1995,2.4,90,2,28,49,14,2,90,4,3,75,1,25,40,218,102,1,1,1,3,3,45,0,Matches,2c574121
150,Oday Dabbagh,ps PLE,FWMF,Arouca,22,1998,7.6,306,6,26,112,172,49,306,7,4,57.1,3,42.9,163,759,248,12,8,10,29,14,210,65,Matches,cd384d5a
151,Julien Dacosta,fr FRA,DFMF,Portimonense,25,1996,4.4,169,15,69,64,36,8,169,4,1,25,3,75,67,274,106,2,2,0,4,3,86,10,Matches,6564b5c1
152,Renat Dadaşov,az AZE,FW,Tondela,22,1999,16,537,24,59,273,211,59,537,51,31,60.8,20,39.2,296,1621,586,24,18,15,65,35,373,54,Matches,06dc2511
153,Dalberson,br BRA,GK,Famalicão,24,1997,2,61,51,61,0,0,0,61,0,0,,0,,26,94,68,0,0,0,0,0,28,0,Matches,f9a8ed14
154,Daniel,br BRA,FW,Tondela,25,1996,17.7,578,23,66,295,226,48,577,36,20,55.6,16,44.4,313,1686,643,23,16,7,72,24,441,96,Matches,fc2a8364
155,Tiago Dantas,pt POR,MF,Tondela,20,2000,12.2,648,16,165,364,123,14,648,12,4,33.3,8,66.7,361,1847,914,16,16,5,7,4,476,31,Matches,234204f4
156,Or Dasa,il ISR,MFFW,Arouca,22,1998,0.6,32,0,4,16,12,1,32,1,1,100,0,0,26,120,70,2,0,1,1,3,28,3,Matches,151d78b3
157,Hernán De La Fuente,ar ARG,DFMF,Famalicão,24,1997,10.3,573,22,149,245,187,21,573,24,9,37.5,15,62.5,266,1430,827,25,17,4,28,10,281,72,Matches,035db54d
158,Juan Delgado,cl CHI,DFFW,Paços,28,1993,21.9,1127,32,263,559,326,29,1127,38,17,44.7,21,55.3,656,4413,2173,63,37,4,48,34,739,106,Matches,45a91d07
159,Denílson,br BRA,FW,Paços,26,1995,20.1,581,24,46,270,270,71,579,34,17,50,17,50,339,1618,735,29,21,9,69,28,441,100,Matches,4447f575
160,Jordan van der Gaag,nl NED,MFFW,B-SAD,22,1999,2,63,1,12,30,21,4,63,9,4,44.4,5,55.6,35,190,94,3,1,1,6,2,42,16,Matches,f494d090
161,Lamine Diaby,fr FRA,MFFW,Paços,24,1996,2.5,163,14,49,100,17,7,163,7,4,57.1,3,42.9,78,445,152,3,1,2,5,4,94,2,Matches,8c410668
162,Luis Díaz,co COL,MFFW,Porto,24,1997,16.6,885,8,36,332,528,143,884,73,46,63,27,37,608,4058,2162,90,35,55,41,19,674,186,Matches,4a1a9578
163,Marcelo Djaló,gw GNB,DF,Boavista,27,1993,0.6,25,4,16,8,1,1,25,0,0,,0,,15,50,10,0,0,0,0,0,12,0,Matches,2ba40342
164,Matchoi Djaló,pt POR,MFFW,Paços,18,2003,7.9,301,4,28,157,122,18,301,24,13,54.2,11,45.8,195,1186,568,19,11,6,18,14,217,25,Matches,a4cfe0ea
165,Ivan Dolček,hr CRO,DFMF,Famalicão,21,2000,2.2,109,6,25,52,36,5,109,7,4,57.1,3,42.9,45,381,173,6,4,1,3,9,51,9,Matches,fc30b347
166,Bruno Duarte,br BRA,FWMF,Vitória,25,1996,11.2,339,16,27,157,157,45,338,8,6,75,2,25,163,661,277,9,8,5,25,9,252,60,Matches,d9b89391
167,Rodrigo Duarte,pt POR,FW,Sporting CP,16,2005,0.5,17,0,0,9,8,5,17,2,2,100,0,0,14,90,39,2,1,1,3,1,15,4,Matches,484a3eae
168,Marcus Edwards,eng ENG,MFFW,Sporting CP,22,1998,5.8,283,0,6,115,166,33,283,19,9,47.4,10,52.6,203,1168,697,25,21,7,19,11,232,52,Matches,5.78E+70
169,Marcus Edwards,eng ENG,FW,Vitória,22,1998,14.3,531,3,38,195,313,76,528,75,46,61.3,29,38.7,387,2818,1622,68,39,24,47,21,415,112,Matches,5.78E+70
170,Ricardo Esgaio,pt POR,DFMF,Sporting CP,28,1993,16.3,1161,47,281,583,306,31,1161,14,8,57.1,6,42.9,593,2731,1211,28,23,3,18,8,703,112,Matches,12dcbdcc
171,Tiago Esgaio,pt POR,DF,Arouca,25,1995,10.2,615,31,225,299,92,3,615,5,2,40,3,60,277,1151,555,6,4,0,7,1,341,25,Matches,9c14a96b
172,Tiago Esgaio,pt POR,DF,Braga,25,1995,0.8,51,0,13,23,15,1,51,0,0,,0,,21,71,48,0,0,0,0,0,33,1,Matches,9c14a96b
173,Dario Essugo,pt POR,MF,Sporting CP,16,2005,0.5,27,0,4,20,4,0,27,1,1,100,0,0,17,38,24,1,0,0,0,0,16,0,Matches,1e4319ac
174,Gonçalo Esteves,pt POR,DFFW,Sporting CP,17,2004,1.6,84,3,22,35,29,2,84,9,6,66.7,3,33.3,58,423,241,9,2,2,5,1,58,12,Matches,ea3b4578
175,Luís Esteves,pt POR,MF,Vitória,23,1998,0.4,40,0,5,24,11,0,40,0,0,,0,,19,80,24,0,0,0,0,0,25,2,Matches,f9ea45ed
176,Paulo Estrela Moreira,pt POR,MF,Portimonense,22,1999,0.1,5,0,2,3,0,0,5,0,0,,0,,3,3,1,0,0,0,0,0,2,0,Matches,edf2b497
177,Oscar Estupiñan,co COL,FW,Vitória,24,1996,24.1,567,24,35,272,263,102,566,29,12,41.4,17,58.6,263,1073,399,20,5,14,53,25,416,56,Matches,213ab9bb
178,Friday Etim,ng NGA,FWMF,Vizela,19,2002,0.2,7,0,0,2,5,2,7,1,0,0,1,100,3,21,8,1,0,1,1,0,4,2,Matches,28eedd20
179,Stephen Eustáquio,ca CAN,MF,Porto,24,1996,1,103,2,17,61,26,5,103,0,0,,0,,60,231,96,0,1,0,4,1,64,4,Matches,577efaec
180,Stephen Eustáquio,ca CAN,MF,Paços,24,1996,16.4,1024,41,240,611,176,22,1024,11,3,27.3,8,72.7,456,1730,720,6,5,2,19,8,647,33,Matches,577efaec
181,Evanilson,br BRA,FW,Porto,21,1999,22.5,728,14,53,266,415,128,727,36,19,52.8,17,47.2,437,1910,630,21,11,11,55,20,558,153,Matches,6f3cc2fe
182,Ewerton,br BRA,MF,Portimonense,28,1992,8.1,454,17,111,288,61,5,454,10,5,50,5,50,272,1332,621,9,7,0,14,3,286,8,Matches,46e98743
183,Fabiano,br BRA,DFMF,Braga,21,2000,15.8,983,50,279,458,260,10,983,27,10,37,17,63,490,2386,1171,29,20,6,33,16,536,90,Matches,f5e7fdf9
184,Miguel Falé,pt POR,FWMF,Braga,17,2004,2.8,122,1,13,54,57,6,122,8,4,50,4,50,88,366,155,3,2,1,14,5,89,13,Matches,6b0802ea
185,Zouhair Feddal,ma MAR,DF,Sporting CP,32,1989,11.2,910,75,374,501,37,7,910,2,1,50,1,50,575,2740,1673,11,7,0,7,0,708,3,Matches,89151b16
186,Luiz Felipe,br BRA,GK,B-SAD,24,1997,32,1171,1062,1170,1,0,0,1171,0,0,,0,,575,2438,1335,0,0,0,1,0,441,0,Matches,185084a1
187,Volnei Feltes,br BRA,DF,Estoril,21,2000,1.7,88,21,52,36,0,0,88,1,1,100,0,0,57,368,267,1,0,0,1,0,56,0,Matches,b48349d9
188,Gedson Fernandes,pt POR,MF,Benfica,22,1999,0.6,55,4,13,30,12,1,55,3,1,33.3,2,66.7,34,138,42,0,1,0,1,1,42,0,Matches,e2dde94c
189,Ivanildo Fernandes,pt POR,DF,Vizela,25,1996,15.1,795,116,452,323,25,19,795,7,5,71.4,2,28.6,386,1776,1044,6,4,1,10,3,497,1,Matches,11e5e469
190,Jorge Filipe Oliveira Fernandes,pt POR,DF,Vitória,24,1997,13.6,808,87,413,378,26,16,808,2,1,50,1,50,426,2319,1247,8,2,0,8,0,473,4,Matches,a17ef4d1
191,Lucas Fernandes,br BRA,MF,Portimonense,23,1997,15.8,880,20,143,553,211,6,880,30,15,50,15,50,564,3684,1660,28,32,3,33,9,614,20,Matches,a109d777
192,Ricardo Fernandes,pt POR,GK,Santa Clara,26,1994,5.9,205,180,204,1,0,0,205,0,0,,0,,122,637,406,0,0,0,0,0,87,0,Matches,93d5feb6
193,Roger Fernandes,gw GNB,MFDF,Braga,15,2005,1.3,81,0,4,32,47,12,81,5,1,20,4,80,53,322,153,8,3,4,5,2,57,19,Matches,de8f6250
194,Rúben Fernandes,pt POR,DF,Gil Vicente FC,35,1986,32.8,2169,217,1122,1003,52,24,2169,2,2,100,0,0,1299,4941,2559,6,5,1,3,2,1583,6,Matches,c6bdf383
195,Fernando,br BRA,FW,Porto,28,1993,0.1,1,0,0,0,1,1,1,0,0,,0,,1,3,0,0,0,0,0,1,2,1,Matches,ccd88b8e
196,Nahuel Ferraresi,ve VEN,DF,Estoril,22,1998,22.1,1628,219,863,730,50,19,1628,21,16,76.2,5,23.8,1052,6379,4292,29,11,2,15,8,1145,8,Matches,719aab45
197,André Ferreira,pt POR,GK,Paços,25,1996,32,1095,951,1092,4,0,0,1095,0,0,,0,,495,2475,1455,0,0,0,2,0,350,0,Matches,12c6cbef
198,Filipe Ferreira,pt POR,DFMF,Boavista,30,1990,15.8,895,45,342,393,169,1,895,19,7,36.8,12,63.2,399,1874,1069,18,11,0,16,2,481,39,Matches,12f1293b
199,Fernando Ferreira Fonseca,pt POR,DF,Paços,24,1997,16.6,992,43,327,510,168,9,992,20,8,40,12,60,503,2538,1169,21,19,1,22,14,547,43,Matches,ed4fef1c
200,Hélder Ferreira,pt POR,FWMF,Paços,24,1997,17.5,856,13,114,397,358,53,856,25,14,56,11,44,456,2262,950,32,17,6,33,17,628,141,Matches,6407ce4d
201,João Ferreira,pt POR,DF,Vitória,20,2001,10.9,692,48,202,339,158,10,692,12,6,50,6,50,317,1213,593,11,7,1,18,4,342,49,Matches,fb37a645
202,Joel Ferreira,pt POR,DF,Arouca,29,1992,0.5,33,1,3,15,15,0,33,1,0,0,1,100,20,70,42,0,1,0,0,0,24,5,Matches,03b64727
203,Diogo Figueiras,pt POR,DF,Famalicão,30,1991,14.1,810,26,239,371,209,19,810,13,10,76.9,3,23.1,362,1812,864,29,14,7,19,6,412,62,Matches,3e587547
204,Tiago Fonseca Morais,pt POR,MFFW,Boavista,17,2003,3.4,115,0,10,56,49,5,115,7,4,57.1,3,42.9,63,258,154,5,2,1,5,3,71,20,Matches,a951ca82
205,Rui Fonte,pt POR,FW,Estoril,31,1990,14.2,430,23,52,235,147,34,430,17,8,47.1,9,52.9,220,946,232,6,7,1,25,19,307,50,Matches,6ff8ef56
206,Rui Fonte,pt POR,DF,Braga,31,1990,0.1,11,0,0,7,4,3,11,1,0,0,1,100,3,14,0,0,0,0,0,1,5,3,Matches,6ff8ef56
207,André Franco,pt POR,MF,Estoril,23,1998,28,1105,38,184,472,459,65,1100,53,36,67.9,17,32.1,545,3415,1928,57,32,13,43,21,639,122,Matches,86df4d6b
208,Gonçalo Franco,pt POR,MF,Moreirense,20,2000,12.7,560,14,90,314,162,14,560,22,12,54.5,10,45.5,289,1228,561,13,7,2,22,17,325,32,Matches,9029d5f2
209,Fransérgio,br BRA,MF,Braga,30,1990,1.6,81,2,17,57,8,1,81,0,0,,0,,38,237,70,0,0,0,1,0,58,1,Matches,deba6b05
210,Žiga Frelih,si SVN,GK,Gil Vicente FC,23,1998,19,655,554,651,5,0,0,655,1,1,100,0,0,314,1852,1041,0,0,0,1,0,267,0,Matches,58bef7b2
211,Godfried Frimpong,nl NED,DFMF,Moreirense,22,1999,6.5,377,27,98,173,109,1,377,10,6,60,4,40,170,738,346,6,10,0,10,3,187,23,Matches,fb5f19d5
212,Kanya Fujimoto,jp JPN,MFFW,Gil Vicente FC,22,1999,26.6,1217,23,104,560,562,56,1217,34,19,55.9,15,44.1,759,3645,1590,41,41,12,46,15,939,161,Matches,be040b84
213,Rodolfo Furtado,pt POR,GK,Santa Clara,23,1997,0.1,1,1,1,0,0,0,1,0,0,,0,,1,3,3,0,0,0,0,0,1,0,Matches,f5cc8631
214,Nicolás Gaitán,ar ARG,MF,Paços,33,1988,3.3,126,2,18,66,44,10,126,3,3,100,0,0,75,329,165,4,3,0,5,4,92,17,Matches,7ebfac0f
215,Jefferson Galego,br BRA,MFFW,Moreirense,24,1997,1,66,2,8,17,42,5,66,11,5,45.5,6,54.5,50,338,145,4,2,1,8,6,50,17,Matches,a14b8d2d
216,Galeno,br BRA,MFFW,Porto,23,1997,3.5,179,3,16,44,119,31,179,17,10,58.8,7,41.2,110,739,360,14,8,11,17,5,127,38,Matches,5b3d1a7a
217,Galeno,br BRA,MFDF,Braga,23,1997,10.6,561,9,64,218,288,55,560,43,21,48.8,22,51.2,348,2553,1234,52,27,33,40,13,416,136,Matches,5b3d1a7a
218,Nino Galović,hr CRO,DF,Arouca,29,1992,10.3,612,68,319,278,22,11,612,0,0,,0,,355,1625,796,8,5,0,3,0,396,1,Matches,d280923b
219,João Gamboa,pt POR,MF,Estoril,24,1996,23.5,1124,113,426,585,124,13,1124,13,5,38.5,8,61.5,541,2800,1335,12,8,1,19,9,674,6,Matches,f5dfeb5d
220,Pedro Ganchas,pt POR,DF,Paços,21,2000,1.6,85,17,59,23,3,2,85,1,1,100,0,0,45,278,135,0,1,0,0,0,53,0,Matches,fe743953
221,Javi García,es ESP,DFMF,Boavista,34,1987,13.8,596,67,312,269,17,13,596,0,0,,0,,255,1216,599,3,1,0,2,0,375,1,Matches,167c1bb0
222,Geovani,br BRA,FWMF,Famalicão,20,2001,0.8,28,0,10,10,9,1,28,1,1,100,0,0,13,64,20,1,1,1,1,0,16,5,Matches,cead8aa3
223,Francisco Geraldes,pt POR,MF,Estoril,26,1995,18.2,843,27,124,414,317,28,843,51,28,54.9,23,45.1,507,2693,1189,36,21,5,42,20,578,69,Matches,dbde9724
224,Gilberto,br BRA,DFMF,Benfica,28,1993,15,1240,52,320,512,420,36,1240,51,26,51,25,49,688,3821,2149,59,52,4,27,16,748,100,Matches,1338e42b
225,Henrique Gomes,pt POR,DF,Gil Vicente FC,25,1995,2.6,183,12,61,82,40,2,183,6,4,66.7,2,33.3,93,539,327,6,6,0,2,3,114,13,Matches,f7ef0388
226,Rodrigo Gomes,pt POR,MFDF,Braga,18,2003,8.2,359,8,60,124,180,29,359,34,11,32.4,23,67.6,242,1515,696,25,20,7,17,9,260,70,Matches,8dcf77c0
227,Sana Gomes,gw GNB,DF,Portimonense,19,2002,4.1,198,12,72,89,40,0,198,5,2,40,3,60,79,335,182,4,3,0,5,2,88,11,Matches,af638463
228,Luis Gómez,co COL,MFFW,Santa Clara,21,1999,0.7,25,1,4,12,9,0,25,2,1,50,1,50,16,120,59,3,1,0,1,0,17,3,Matches,e41c025a
229,Nuno Gonçalo Moreira,pt POR,FW,Vizela,22,1999,18.8,856,16,110,322,442,59,856,61,35,57.4,26,42.6,481,2800,1332,45,28,13,44,20,548,145,Matches,c28df63c
230,Diogo Gonçalves,pt POR,MFFW,Benfica,24,1997,9.6,560,8,85,205,274,45,560,15,4,26.7,11,73.3,334,1828,839,26,21,9,11,10,385,94,Matches,f4b52308
231,Ivo Gonçalves,pt POR,GK,Vizela,37,1984,1,16,15,16,0,0,0,16,0,0,,0,,8,57,22,0,0,0,0,0,6,0,Matches,3f75e889
232,Jota Gonçalves,pt POR,DF,Tondela,21,2000,4.1,226,43,136,90,2,0,226,0,0,,0,,100,571,350,3,0,0,1,0,135,0,Matches,f6f756b0
233,Pedro Gonçalves,pt POR,MFFW,Sporting CP,23,1998,22.4,1007,5,76,405,531,123,1005,67,29,43.3,38,56.7,572,2702,1228,45,34,10,53,28,741,160,Matches,c275947b
234,Cristian González,uy URU,DF,Santa Clara,25,1996,14.9,750,109,458,265,31,11,750,3,2,66.7,1,33.3,411,2002,853,2,4,0,13,4,455,4,Matches,dba66719
235,Mario González,es ESP,FW,Braga,25,1996,6.2,186,5,11,76,100,34,186,17,5,29.4,11,64.7,113,515,252,10,3,8,13,11,143,38,Matches,d189e48f
236,Jean Gorby,fr FRA,MF,Braga,19,2002,2.3,189,5,33,137,22,1,189,3,2,66.7,1,33.3,112,557,230,3,2,0,2,4,138,5,Matches,4e4b59a4
237,Kenji Gorré,cw CUW,FWMF,Boavista,26,1994,18.5,664,7,87,283,306,63,664,99,39,39.4,60,60.6,403,3462,1861,75,43,33,52,16,456,111,Matches,52d1a4c6
238,Tiago Gouveia,pt POR,FWMF,Benfica,20,2001,1,48,0,7,21,21,3,48,7,5,71.4,2,28.6,33,271,129,5,3,1,2,0,31,11,Matches,68cf59f0
239,Álex Grimaldo,es ESP,DFMF,Benfica,25,1995,25.8,2167,46,447,882,857,42,2167,42,17,40.5,25,59.5,1240,6166,3291,72,51,10,37,22,1377,239,Matches,b1f4086c
240,Marko Grujić,rs SRB,MF,Porto,25,1996,9.9,678,25,120,432,138,25,678,13,9,69.2,4,30.8,385,1717,837,10,15,1,10,7,435,10,Matches,8b8e759d
241,Gui Guedes,pt POR,MF,Vitória,19,2002,0.7,37,1,7,14,16,2,37,2,1,50,1,50,23,110,52,1,2,0,0,2,20,2,Matches,022c1bf7
242,Rafik Guitane,fr FRA,FWMF,Marítimo,22,1999,21.2,982,3,112,554,333,62,981,148,72,48.6,76,51.4,703,5360,2638,81,55,23,66,44,772,91,Matches,7091324a
243,Raphael Guzzo,pt POR,MF,Vizela,26,1995,9.1,610,23,130,322,165,25,610,11,4,36.4,7,63.6,296,1152,487,6,8,0,14,9,418,35,Matches,2f002854
244,Emmanuel Hackman,tg TOG,DF,Gil Vicente FC,26,1995,7.4,593,31,224,286,85,6,593,3,1,33.3,2,66.7,278,1140,549,8,6,0,11,5,352,23,Matches,8430028c
245,Yanis Hamache,dz ALG,MFDF,Boavista,22,1999,20.5,1277,51,376,546,367,24,1275,41,14,34.1,27,65.9,584,3422,1655,51,29,5,32,18,641,112,Matches,4f95c5a3
246,Tomás Händel,pt POR,MF,Vitória,20,2000,11.5,598,23,142,399,61,6,598,7,5,71.4,2,28.6,322,1586,829,9,7,1,10,2,371,8,Matches,bbfb51ed
247,Boubacar Hanne,pt POR,FWMF,Gil Vicente FC,22,1999,2.8,164,1,11,32,122,17,164,18,6,33.3,12,66.7,115,728,279,12,3,5,4,5,131,50,Matches,1d9a8efe
248,Norbert Haymamba,cm CMR,GK,Arouca,22,1999,3,103,82,102,1,0,0,103,0,0,,0,,62,324,136,0,0,0,0,0,51,0,Matches,8f63b5ef
249,Henrique,br BRA,FWMF,Marítimo,27,1993,8.9,377,6,65,151,167,27,377,30,10,33.3,20,66.7,245,1702,623,22,15,7,35,19,249,66,Matches,19e74ea6
250,Danny Henriques,nl NED,DF,B-SAD,24,1997,21.9,1110,150,660,411,47,7,1110,13,10,76.9,3,23.1,599,2837,1307,6,5,1,4,2,689,3,Matches,5.71E+26
251,Manu Hernando,es ESP,DF,Tondela,23,1998,17.8,959,124,603,342,22,13,959,3,2,66.7,1,33.3,503,2583,1086,4,5,1,5,3,590,0,Matches,5920c7c7
252,Lukáš Horníček,cz CZE,GK,Braga,19,2002,1,40,35,40,0,0,0,40,0,0,,0,,20,93,52,0,0,0,0,0,11,0,Matches,cc8312b4
253,André Horta,pt POR,MF,Braga,24,1996,17.4,1291,12,172,806,327,18,1291,33,25,75.8,8,24.2,872,4684,2490,42,31,6,21,17,1034,57,Matches,951f1739
254,Ricardo Horta,pt POR,FWMF,Braga,26,1994,31,1458,13,132,614,723,116,1454,38,14,36.8,24,63.2,769,3171,1515,54,41,15,54,30,984,180,Matches,6603fed7
255,Abbas Ibrahim,ng NGA,MFFW,Paços,23,1998,2,120,8,28,73,20,0,120,3,2,66.7,1,33.3,49,222,83,2,0,0,4,1,62,4,Matches,fe68a954
256,Abdulwahab Ibrahim,gh GHA,MF,Famalicão,22,1999,0,3,0,2,0,1,0,3,0,0,,0,,1,1,0,0,0,0,0,0,2,0,Matches,86c37491
257,Tiago Ilori,pt POR,DF,Boavista,28,1993,5.6,339,41,203,133,5,2,339,2,2,100,0,0,173,747,343,2,1,0,2,0,214,0,Matches,a64b4786
258,Giannelli Imbula,cd COD,MFFW,Portimonense,28,1992,1.5,118,1,22,76,24,2,118,5,4,80,1,20,78,383,162,2,2,0,5,0,74,2,Matches,b86fe156
259,Gonçalo Inácio,pt POR,DF,Sporting CP,19,2001,27.5,2339,192,903,1341,109,20,2339,18,14,77.8,4,22.2,1480,7622,4946,46,32,1,15,6,1820,7,Matches,33651873
260,Ivan Jaime Pajuelo,es ESP,MFFW,Famalicão,20,2000,14,636,8,62,290,305,36,636,63,34,54,29,46,393,2985,1554,55,42,12,38,29,444,86,Matches,90ba7fa6
261,Nikola Jambor,hr CRO,MF,Moreirense,25,1995,1.1,59,1,2,43,14,0,59,0,0,,0,,28,105,44,1,1,0,0,0,33,1,Matches,496a7037
262,Nicolas Janvier,fr FRA,MF,Vitória,22,1998,12.1,783,10,103,477,207,12,783,14,7,50,7,50,446,1929,916,20,15,0,16,4,539,41,Matches,22a62523
263,Jean,br BRA,MF,Gil Vicente FC,26,1994,0.1,12,0,7,5,0,0,12,0,0,,0,,6,7,0,0,0,0,0,0,5,0,Matches,69a34ec0
264,Jefferson,br BRA,MF,Moreirense,27,1994,11,561,12,87,383,96,10,561,25,16,64,9,36,317,1617,589,11,9,2,14,8,373,12,Matches,52e88991
265,Jeimes,br BRA,GK,Paços,20,2001,1.9,85,75,84,1,0,0,85,0,0,,0,,36,236,151,0,0,0,0,0,30,0,Matches,a8f0414f
266,Anderson Jesus,br BRA,DF,Vizela,26,1995,17,790,118,437,324,34,25,790,0,0,,0,,425,1951,884,1,3,1,13,0,469,2,Matches,d4d63c3f
267,Joãozinho,pt POR,DF,Estoril,32,1989,32.1,2001,109,691,857,466,11,2001,24,9,37.5,15,62.5,928,4123,2166,37,31,3,28,8,1144,128,Matches,86168d75
268,Henrique Jocú,pt POR,MF,Portimonense,19,2001,6.6,302,12,95,190,21,2,302,2,2,100,0,0,156,729,296,4,2,0,6,2,174,3,Matches,fb7dfb84
269,Diederrick Joel,cm CMR,FW,Marítimo,27,1993,16.9,487,16,49,248,195,66,482,16,12,75,4,25,253,1265,399,11,8,4,41,16,326,85,Matches,2986e65c
270,Jójó,cv CPV,DF,B-SAD,20,2001,0.5,27,3,6,15,6,0,27,1,0,0,1,100,10,38,21,0,1,0,1,0,12,3,Matches,234e8319
271,Igor Julião,br BRA,DF,Vizela,26,1994,11.1,528,26,174,216,144,9,528,12,6,50,6,50,212,1304,679,18,12,2,14,3,239,28,Matches,103349a9
272,Luiz Lúcio Reis Júnior,br BRA,GK,Famalicão,20,2001,31,1052,892,1047,5,0,0,1052,0,0,,0,,574,2766,1666,0,0,0,4,0,412,0,Matches,d0530e29
273,Renato Junior,br BRA,FW,Portimonense,19,2002,3.8,128,7,12,48,71,21,128,12,6,50,6,50,67,400,79,3,4,2,15,6,82,19,Matches,80b72720
274,Welinton Júnior,br BRA,FW,Portimonense,28,1993,9.3,265,11,31,92,148,37,265,32,14,43.8,18,56.3,162,1084,512,22,13,8,20,7,193,56,Matches,f1ef2def
275,Zainadine Júnior,mz MOZ,DF,Marítimo,33,1988,31.8,2100,295,1298,756,57,26,2100,13,7,53.8,6,46.2,1197,5618,2842,9,7,1,13,3,1349,8,Matches,edd65ae0
276,Junior Kadile,fr FRA,MFFW,Famalicão,18,2002,0.5,15,1,3,4,8,3,15,1,1,100,0,0,9,164,127,5,4,2,1,1,10,3,Matches,03b22796
277,Eduardo Kau,br BRA,DF,B-SAD,22,1999,1,11,8,11,0,0,0,11,0,0,,0,,3,4,0,0,0,0,0,0,2,0,Matches,306a0aae
278,Kewin,br BRA,GK,Moreirense,25,1995,15,513,393,500,13,0,0,513,0,0,,0,,280,1351,859,0,0,0,0,0,183,0,Matches,aea1afc8
279,Hamidou Keyta,fr FRA,FWMF,Santa Clara,26,1994,0.8,33,0,3,6,24,4,33,2,0,0,3,150,19,149,44,0,1,1,3,3,25,11,Matches,4a396ae9
280,Naoufel Khacef,dz ALG,DFFW,Tondela,23,1997,9.6,458,18,175,190,99,5,458,14,6,42.9,8,57.1,240,1335,652,15,15,0,12,5,268,27,Matches,a9b1ac11
281,Kobamelo Kodisang,za RSA,FW,Braga,21,1999,0.2,5,0,0,1,4,0,5,0,0,,0,,3,28,11,0,0,0,1,1,4,3,Matches,7775516d
282,Philippe Koffi,fr FRA,FW,Paços,19,2002,0.3,15,0,1,4,10,2,15,4,1,25,3,75,9,42,10,0,0,0,2,0,10,2,Matches,9f1c2822
283,Koffi Kouao,ci CIV,DF,Vizela,23,1998,21,1172,68,420,463,309,12,1172,45,26,57.8,19,42.2,583,3375,1393,38,24,6,26,10,578,95,Matches,32100829
284,Eboue Kouassi,ci CIV,MF,Arouca,23,1997,16.3,835,43,204,570,72,11,835,7,4,57.1,3,42.9,420,1845,775,6,4,1,14,2,502,10,Matches,da270297
285,Stanislav Kritsyuk,ru RUS,GK,Gil Vicente FC,30,1990,4,179,139,179,0,0,0,179,1,1,100,0,0,106,433,257,0,0,0,0,0,79,0,Matches,b8798a46
286,Matías Lacava,ve VEN,FWMF,Tondela,18,2002,0.2,22,0,4,14,5,0,22,0,0,,0,,13,70,9,0,0,0,3,1,15,7,Matches,eeac2dfb
287,Derik Lacerda,br BRA,FWMF,Moreirense,21,1999,8.7,334,6,55,137,155,41,334,55,40,72.7,15,27.3,196,1545,761,26,20,8,23,15,220,38,Matches,d028bfe9
288,Rúben Lameiras,pt POR,FWMF,Vitória,26,1994,17,640,4,67,214,369,54,639,53,24,45.3,29,54.7,432,2331,1161,37,24,20,42,19,463,153,Matches,656a96c6
289,Achraf Lazaar,ma MAR,DF,Portimonense,29,1992,2.7,102,15,49,38,15,1,102,4,3,75,1,25,46,210,87,1,1,0,2,4,45,2,Matches,957d41d2
290,Valentino Lazaro,at AUT,DFMF,Benfica,25,1996,11.4,801,21,173,370,265,12,801,17,10,58.8,7,41.2,494,2525,1412,40,33,8,13,9,539,93,Matches,016ff750
291,Antoine Léautey,fr FRA,FW,Gil Vicente FC,25,1996,16.2,655,6,74,235,358,51,655,64,34,53.1,30,46.9,455,3153,1355,65,23,29,34,23,510,161,Matches,f2350250
292,Daniel Leite,pt POR,GK,Estoril,23,1998,24,1132,886,1128,4,0,0,1132,0,0,,0,,633,2646,1494,0,0,0,2,0,619,0,Matches,f7c68686
293,Diogo Leite,pt POR,DF,Braga,22,1999,20.6,1784,123,728,927,143,14,1784,5,3,60,2,40,952,3909,2035,16,24,1,7,8,1161,14,Matches,c4987edc
294,Helton Leite,br BRA,GK,Benfica,30,1990,2,49,38,49,0,0,0,49,0,0,,0,,26,113,65,0,0,0,0,0,21,0,Matches,e8918589
295,André Filipe Rio Liberal,pt POR,FW,Gil Vicente FC,18,2002,0.1,5,0,0,3,2,0,5,0,0,,0,,2,10,8,0,0,0,0,0,4,1,Matches,5560e858
296,Licá,pt POR,FWDF,B-SAD,32,1988,4.6,106,2,12,47,48,13,106,2,0,0,2,100,54,247,127,5,1,1,15,2,64,21,Matches,41d84fed
297,Nuno Lima,pt POR,DF,Paços,20,2001,10.8,668,92,421,236,15,10,668,2,2,100,0,0,338,1229,451,1,2,0,7,0,426,1,Matches,a70b0a9f
298,Rúben Lima,pt POR,DFMF,Famalicão,31,1989,6.1,349,18,117,178,58,5,349,7,4,57.1,3,42.9,120,570,216,6,4,1,9,2,184,17,Matches,bd9be778
299,Lincoln,br BRA,MF,Santa Clara,22,1998,30.5,1726,43,268,945,535,25,1726,31,22,71,9,29,942,4574,2365,61,52,6,61,29,1174,132,Matches,27504df8
300,Danny Loader,eng ENG,FWMF,Porto,20,2000,0.1,,,,,,,,,,,,,,,,,,,,,,,Matches,e9fda01d
301,André Lopes,pt POR,DF,B-SAD,19,2001,1,16,2,10,5,1,0,16,1,0,0,1,100,8,43,2,0,0,0,1,0,8,1,Matches,f28f40ab
302,Bruno Lourenço,pt POR,FWMF,Estoril,23,1998,12.7,428,8,63,188,182,26,428,15,7,46.7,8,53.3,254,1226,624,16,11,4,35,9,297,74,Matches,e8dd8ac7
303,André Luis,br BRA,FWMF,Moreirense,27,1994,14.8,587,19,42,278,270,64,587,21,14,66.7,7,33.3,284,1082,349,7,13,3,50,20,435,85,Matches,2962bf2e
304,Andrija Luković,rs SRB,MF,B-SAD,26,1994,9.9,456,15,99,264,97,8,456,6,3,50,3,50,204,971,465,8,6,1,8,3,257,13,Matches,7cce7822
305,Luquinha,br BRA,MFFW,Portimonense,20,2000,6.1,334,2,23,176,142,8,334,6,3,50,3,50,202,1228,580,17,18,2,7,7,230,32,Matches,2e25fa84
306,Rúben Macedo,pt POR,FWDF,Marítimo,25,1996,0.7,38,1,7,16,15,1,38,1,0,0,1,100,24,195,101,6,2,1,4,0,24,9,Matches,f1cc4c01
307,Maga,pt POR,DF,Vitória,22,1999,12,,,,,,,,,,,,,,,,,,,,,,,Matches,4fc99b71
308,Gaius Makouta,cg CGO,MF,Boavista,24,1997,28,1414,50,274,872,298,36,1414,86,47,54.7,39,45.3,758,4610,2282,62,44,9,65,36,946,56,Matches,0909f91d
309,Pedro Malheiro,pt POR,MFDF,Boavista,20,2001,9.9,554,25,206,241,116,10,554,26,11,42.3,15,57.7,232,1353,569,17,10,2,22,5,231,25,Matches,73794ac1
310,Wilson Manafá,pt POR,DF,Porto,27,1994,2.9,211,8,46,105,61,4,211,7,3,42.9,4,57.1,113,624,349,9,9,0,4,3,123,15,Matches,e27fdbca
311,Sori Mané,gw GNB,MF,Moreirense,25,1996,5.5,307,13,79,201,30,5,307,3,1,33.3,2,66.7,177,755,355,3,0,0,3,5,187,3,Matches,6253c74b
312,Mansur,br BRA,DF,Santa Clara,28,1993,22.1,1271,86,536,526,219,23,1271,24,12,50,12,50,562,2695,1059,16,12,2,30,15,673,52,Matches,924081a5
313,Juan Manuel Boselli,uy URU,FWMF,Tondela,21,1999,9.5,356,6,51,144,163,27,355,38,16,42.1,22,57.9,188,1234,449,13,16,1,33,18,228,49,Matches,1e39e56e
314,José Manuel Velázquez,ve VEN,DF,Arouca,30,1990,4,185,25,105,75,5,5,185,0,0,,0,,95,531,246,2,0,0,1,1,101,1,Matches,25338427
315,Maracás,br BRA,DF,Paços,27,1994,23,1194,188,777,401,18,12,1193,8,6,75,2,25,577,2355,1053,4,3,0,4,0,721,0,Matches,2.76E+09
316,Iván Marcano,es ESP,DF,Porto,34,1987,7.3,509,34,199,263,47,12,509,4,1,25,3,75,315,1271,525,5,7,0,1,1,355,4,Matches,7a20d90a
317,Marcelo,br BRA,FWMF,Gil Vicente FC,24,1997,0.1,2,0,0,0,2,1,2,0,0,,0,,0,0,0,0,0,0,0,0,0,0,Matches,d9d4881f
318,Agustín Marchesín,ar ARG,GK,Porto,33,1988,0,10,9,10,0,0,0,10,0,0,,0,,3,15,6,0,0,0,0,0,5,0,Matches,853b7c48
319,Abraham Marcus,ng NGA,FW,Portimonense,21,2000,0.9,35,1,5,17,16,2,35,2,2,100,0,0,22,102,54,0,0,0,4,4,22,5,Matches,b979fb26
320,Adrián Marín,es ESP,DFMF,Famalicão,24,1997,25.5,1460,83,465,667,346,28,1460,30,23,76.7,7,23.3,657,2827,1507,29,19,7,25,11,758,98,Matches,b7f2edff
321,João Mário,pt POR,MF,Benfica,28,1993,19.3,1438,10,133,730,593,28,1438,31,19,61.3,12,38.7,963,5698,2477,52,65,5,28,18,1058,95,Matches,f0021247
322,João Mário Lopes,pt POR,DF,Porto,21,2000,22.9,1570,30,320,795,467,42,1570,80,44,55,36,45,927,5138,2926,83,48,23,40,11,1005,130,Matches,82a39b66
323,Pedro David Rosendo Marques,pt POR,FWMF,Famalicão,23,1998,3.5,86,1,8,43,37,9,86,2,2,100,0,0,60,231,87,3,2,1,9,3,72,14,Matches,717f39e8
324,José Marsà,es ESP,DF,Sporting CP,19,2002,0.1,14,0,10,3,1,0,14,0,0,,0,,7,27,17,1,0,0,0,0,10,0,Matches,b4ecc6b6
325,Toni Martínez,es ESP,FW,Porto,24,1997,5.3,177,5,8,68,102,43,177,8,4,50,4,50,90,361,139,8,3,5,9,5,134,42,Matches,f3945e07
326,Fábio Martins,pt POR,MFFW,Braga,28,1993,4.6,218,4,34,83,103,11,218,8,4,50,4,50,129,704,349,10,7,6,5,7,150,30,Matches,fb5022e4
327,Rafael Martins,br BRA,FW,Moreirense,32,1989,26.6,695,26,80,312,311,87,694,16,9,56.3,7,43.8,354,1281,449,13,12,3,45,17,440,74,Matches,b7e1c3b5
328,Matheus,br BRA,GK,Braga,29,1992,32,1332,1103,1327,5,0,0,1332,0,0,,0,,728,3607,2235,0,0,0,1,0,694,0,Matches,ef3909cd
329,Ricardo Matos,pt POR,FWMF,Portimonense,21,2000,2.5,55,2,7,27,21,8,55,3,2,66.7,1,33.3,20,54,17,0,0,0,5,4,30,8,Matches,52ee0234
330,Emmanuel Maviram,ng NGA,DF,Vizela,20,2001,0.3,14,1,7,6,1,0,14,0,0,,0,,5,7,1,0,0,0,0,0,4,0,Matches,3223d2ec
331,Chancel Mbemba,cd COD,DF,Porto,26,1994,30.9,2098,147,954,1083,74,27,2098,10,7,70,3,30,1466,5639,3083,18,22,4,11,0,1568,5,Matches,e76cb9cc
332,Jordi Mboula,es ESP,FWMF,Estoril,22,1999,10.7,316,8,54,89,174,40,316,25,13,52,12,48,185,1278,530,33,12,15,20,13,218,77,Matches,4887118d
333,Iuri Medeiros,pt POR,MFFW,Braga,27,1994,15.8,824,4,54,337,436,49,823,47,28,59.6,19,40.4,493,2403,1014,35,19,18,28,16,585,115,Matches,97e2aa67
334,Soualiho Meïté,fr FRA,MF,Benfica,27,1994,9.8,686,20,115,458,123,12,686,28,23,82.1,5,17.9,437,2205,1027,16,12,0,13,6,522,13,Matches,5cec2c74
335,Francisco Meixedo,pt POR,GK,Porto,20,2001,0,3,3,3,0,0,0,3,0,0,,0,,2,3,1,0,0,0,0,0,2,0,Matches,a671ae50
336,Tiago Melo Almeida,pt POR,DFMF,Tondela,19,2001,20.6,1004,57,434,420,165,10,1004,10,8,80,2,20,417,2178,1120,30,12,5,23,13,472,41,Matches,cbdcc0ab
337,Diogo Mendes,pt POR,MF,Marítimo,23,1998,20.4,1001,30,294,632,92,8,1001,21,10,47.6,11,52.4,509,2203,1031,13,14,0,28,19,624,13,Matches,5c2383ee
338,Edmilson Mendes,gw GNB,FWMF,Paços,18,2003,0.2,5,0,0,3,2,0,5,0,0,,0,,3,24,6,0,1,0,0,0,5,2,Matches,33b9e0e7
339,Nuno Mendes,pt POR,DF,Sporting CP,19,2002,1.3,95,3,15,58,24,2,95,1,0,0,1,100,48,234,162,4,3,0,0,1,59,3,Matches,f20e4cc9
340,Alexis Méndez,us USA,MFFW,Vizela,20,2000,16.1,718,25,142,370,218,9,718,22,10,45.5,12,54.5,355,1557,766,16,15,2,20,11,401,49,Matches,fb5991a3
341,Ryotaro Meshino,jp JPN,FWMF,Estoril,23,1998,1.3,55,0,6,17,32,5,55,5,3,60,2,40,39,281,174,4,1,2,3,2,46,21,Matches,6bd13043
342,Fabrício dos Santos Messias,br BRA,FWMF,Portimonense,31,1990,14.8,440,15,54,216,174,37,439,24,11,45.8,13,54.2,194,867,418,12,9,6,36,7,296,49,Matches,9e9f2dac
343,João Miguel,pt POR,DF,Porto,21,2000,0.1,4,0,1,1,2,0,4,0,0,,0,,2,12,10,0,1,0,0,0,2,0,Matches,98e292bb
344,Milson,ao ANG,MF,Marítimo,21,1999,0.2,11,0,2,3,6,0,11,0,0,,0,,6,37,21,1,1,0,1,1,10,2,Matches,690f6e40
345,Lucas Mineiro,br BRA,MF,Braga,25,1996,6.2,339,11,48,253,43,4,339,8,8,100,0,0,180,1027,384,3,2,0,5,7,231,5,Matches,53f1c5de
346,Kevin Mirallas,be BEL,FWMF,Moreirense,33,1987,3.3,128,1,15,69,49,7,128,4,2,50,2,50,78,542,254,7,6,1,10,0,90,14,Matches,aa51343f
347,Mohammad Mohebbi,ir IRN,FWMF,Santa Clara,22,1998,5,191,6,30,71,92,25,191,7,5,71.4,2,28.6,99,738,354,15,4,7,15,3,115,24,Matches,7b6b53c3
348,João Monteiro,pt POR,MF,B-SAD,20,2001,1,12,1,5,7,0,0,12,0,0,,0,,3,11,5,0,0,0,0,0,1,0,Matches,0f984580
349,António Montez,pt POR,MF,B-SAD,19,2001,1,11,8,11,0,0,0,11,0,0,,0,,2,1,0,0,0,0,0,0,3,0,Matches,36bd724a
350,Morato,br BRA,DF,Benfica,20,2001,11.2,847,92,346,465,42,9,847,9,7,77.8,2,22.2,587,3375,2265,23,13,0,3,1,621,0,Matches,0f41e2ee
351,Diego Moreira,pt POR,FW,Benfica,16,2004,0.3,10,0,1,6,3,1,10,1,0,0,1,100,7,34,16,0,0,0,1,0,7,4,Matches,12de1b0d
352,Pedro Filipe Barbosa Moreira,pt POR,MF,Gil Vicente FC,28,1992,32,2156,38,290,1290,602,16,2156,41,27,65.9,14,34.1,1123,4704,1906,24,31,2,35,27,1449,95,Matches,26966f24
353,Hidemasa Morita,jp JPN,MF,Santa Clara,26,1995,25.3,1499,66,408,921,189,8,1499,31,20,64.5,11,35.5,831,4059,1553,12,20,2,39,21,980,34,Matches,a650c75b
354,Mosquito,br BRA,GK,Estoril,25,1996,10,419,379,418,1,0,0,419,1,0,0,1,100,250,1145,691,0,0,0,0,1,211,0,Matches,c9c55581
355,Luís Mota,pt POR,FWMF,B-SAD,17,2003,1.2,37,0,4,20,13,2,37,3,3,100,0,0,17,69,16,0,0,0,5,3,19,5,Matches,2e2da3e8
356,Fahd Moufi,ma MAR,DF,Portimonense,25,1996,30.6,1815,115,484,711,631,41,1815,57,26,45.6,31,54.4,799,3905,1717,53,39,13,43,29,895,167,Matches,158cef0b
357,Moura,pt POR,DFMF,Braga,21,1999,16.5,904,32,206,407,298,47,904,28,13,46.4,15,53.6,476,2339,1217,35,26,11,32,21,586,121,Matches,d51d1d9d
358,Abdul Mumin,gh GHA,DF,Vitória,23,1998,24.7,1430,176,820,580,37,16,1430,15,8,53.3,7,46.7,836,3924,1831,8,4,1,18,3,946,8,Matches,5487adcd
359,Simone Muratore,it ITA,MF,Tondela,23,1998,0.3,25,2,7,15,3,0,25,0,0,,0,,11,53,17,0,0,0,1,3,14,0,Matches,4989945
360,Jhon Murillo,ve VEN,FWMF,Tondela,26,1995,11.9,,,,,,,,,,,,,,,,,,,,,,,Matches,0d93febc
361,Petar Musa,hr CRO,FW,Boavista,23,1998,25.7,844,38,56,479,316,92,844,48,25,52.1,23,47.9,366,1818,650,27,19,15,68,31,607,97,Matches,4567a0b4
362,Herculano Nabian,pt POR,FW,Vitória,17,2004,0.7,15,0,0,6,9,5,15,4,3,75,1,25,11,75,34,1,1,0,0,4,16,7,Matches,c39babc1
363,Shoya Nakajima,jp JPN,MFFW,Portimonense,26,1994,19.6,737,2,61,351,345,38,737,66,34,51.5,32,48.5,513,3320,1704,51,35,12,38,33,535,102,Matches,be60b6f4
364,Kosuke Nakamura,jp JPN,GK,Portimonense,26,1995,2,83,72,83,0,0,0,83,0,0,,0,,44,225,153,0,0,0,0,0,32,0,Matches,423daf87
365,Manuel Namora,pt POR,MFDF,Boavista,23,1998,0.2,7,0,1,5,1,0,7,1,0,0,1,100,3,16,0,0,0,0,0,1,5,0,Matches,d41a383d
366,Bruno Nascimento,br BRA,FWMF,Famalicão,24,1997,21.7,954,10,123,383,476,85,954,116,57,49.1,59,50.9,628,4886,2402,84,52,26,98,29,664,175,Matches,46411d56
367,Nathan,br BRA,DFMF,Boavista,19,2001,25.8,1353,65,449,651,282,27,1353,106,63,59.4,43,40.6,652,4406,2181,59,38,17,50,34,726,71,Matches,9fb6420e
368,Fran Navarro,es ESP,FW,Gil Vicente FC,23,1998,28.9,689,20,61,342,294,111,687,24,10,41.7,14,58.3,351,1268,404,17,14,8,76,24,472,114,Matches,02a5618e
369,Flávio Nazinho,pt POR,DFMF,Sporting CP,18,2003,1.1,63,1,9,36,18,0,63,2,0,0,2,100,33,171,59,1,2,0,4,3,43,10,Matches,e7281ea9
370,Alioune Ndour,sn SEN,FW,B-SAD,20,2001,9.2,256,4,22,120,116,17,256,21,12,57.1,9,42.9,149,816,263,9,9,4,59,18,191,43,Matches,177e044c
371,Christian Neiva Afonso,pt POR,DF,Vizela,26,1994,19.9,1305,81,516,498,300,23,1305,19,14,73.7,5,26.3,572,2763,1512,28,17,4,11,9,644,71,Matches,b3ec13e0
372,Nelson,ao ANG,FWMF,Vitória,23,1998,3.8,170,3,24,62,90,22,170,23,13,56.5,10,43.5,105,908,522,20,15,9,15,8,118,32,Matches,fb527299
373,Wellington Nem,br BRA,DF,Arouca,29,1992,0,3,0,1,2,0,0,3,0,0,,0,,3,10,1,0,0,0,0,0,3,0,Matches,3984a078
374,João Neto,br BRA,MFFW,Famalicão,18,2003,0.7,20,0,4,13,3,1,20,3,3,100,0,0,12,93,65,1,1,0,0,0,14,0,Matches,9737f758
375,Luís Neto,pt POR,DF,Sporting CP,33,1988,15.5,1260,118,505,720,41,10,1260,3,2,66.7,1,33.3,763,3052,1931,11,7,0,6,2,950,3,Matches,953597a1
376,Babacar Niasse,mr MTN,GK,Tondela,24,1996,5.1,215,171,214,1,0,0,215,0,0,,0,,113,488,331,0,0,0,0,0,90,0,Matches,5c8beb50
377,Payam Niazmand,ir IRN,GK,Portimonense,26,1995,2,80,71,80,0,0,0,80,0,0,,0,,37,123,64,0,0,0,0,0,33,0,Matches,7b2ed47e
378,Yusupha Njie,gm GAM,FWMF,Boavista,27,1994,17.4,597,16,76,343,191,37,597,48,30,62.5,18,37.5,376,2285,907,27,27,6,59,27,452,80,Matches,51f22984
379,Paul-Georges Ntep,cm CMR,FWMF,Boavista,29,1992,5.6,229,8,27,95,108,20,229,31,12,38.7,19,61.3,127,852,435,16,9,8,11,6,155,46,Matches,81aeb1dd
380,Arsénio Martins Lafuente Nunes,pt POR,FWMF,Arouca,31,1989,24.3,958,13,99,410,458,53,958,54,28,51.9,26,48.1,546,2965,1234,38,28,8,38,17,639,125,Matches,50e148af
381,Matheus Nunes,pt POR,MF,Sporting CP,22,1998,28.4,1773,29,236,1096,476,42,1773,115,81,70.4,34,29.6,1206,8102,3782,97,69,14,68,49,1385,138,Matches,e6af02e0
382,Darwin Núñez,uy URU,FWMF,Benfica,22,1999,22,736,19,43,212,496,192,732,78,39,50,39,50,479,3767,1860,85,31,47,53,26,567,222,Matches,4d77b365
383,Pedro Nuno,pt POR,MFFW,B-SAD,26,1995,15.8,609,9,73,321,219,31,609,12,6,50,6,50,338,1853,767,19,22,3,33,7,416,73,Matches,efb9975c
384,Lawrence Ofori,gh GHA,MF,Famalicão,23,1998,1.7,93,2,17,49,28,2,93,2,1,50,1,50,68,436,241,4,4,0,3,0,58,1,Matches,643d81ad
385,Richard Ofori,gh GHA,DF,Vizela,28,1993,19,1106,62,361,535,223,7,1106,24,14,58.3,10,41.7,500,2646,1401,35,17,0,35,16,536,56,Matches,ad5034c3
386,Thales Oleques,br BRA,DF,Arouca,27,1994,30.2,1945,93,548,870,538,55,1945,16,9,56.3,7,43.8,796,3305,1411,35,35,7,32,12,918,147,Matches,a30f8286
387,Hugo Oliveira,pt POR,DF,Vizela,19,2002,0.1,4,0,4,0,0,0,4,0,0,,0,,2,2,0,0,0,0,0,0,3,0,Matches,1d7cc2a1
388,Paulo Oliveira,pt POR,DF,Braga,29,1992,26.1,1811,151,828,955,34,10,1811,3,2,66.7,1,33.3,1000,4423,2169,6,9,1,4,2,1202,4,Matches,a8fbae1d
389,Rúben Alexandre Gomes Oliveira,pt POR,MFFW,Santa Clara,26,1994,2.1,99,1,21,67,12,0,99,1,1,100,0,0,51,247,124,2,0,0,4,1,58,4,Matches,0677feec
390,Sérgio Oliveira,pt POR,MF,Porto,29,1992,4.4,377,4,33,195,152,12,377,13,6,46.2,7,53.8,183,713,329,5,8,2,10,5,233,22,Matches,947e036f
391,Nicolás Otamendi,ar ARG,DF,Benfica,33,1988,27.4,2348,179,990,1279,90,35,2348,6,4,66.7,2,33.3,1582,8824,4801,23,15,0,15,4,1698,8,Matches,0d267745
392,Otávio,pt POR,MFFW,Porto,26,1995,29.5,2138,17,186,1094,877,123,2138,73,35,47.9,38,52.1,1304,5633,2895,62,50,23,63,26,1496,159,Matches,28b1f3ce
393,João Othavio Basso,br BRA,DF,Arouca,24,1997,32.5,2202,236,1065,1030,122,48,2199,6,4,66.7,2,33.3,1315,7960,4772,38,29,1,19,7,1412,11,Matches,86c79c42
394,Pablo,br BRA,FW,Famalicão,17,2004,2,46,2,8,25,17,5,46,3,3,100,0,0,25,119,78,2,1,0,7,1,29,4,Matches,866ba412
395,Fábio Pacheco,pt POR,MF,Moreirense,33,1988,20.6,825,56,217,511,100,7,825,2,2,100,0,0,306,1202,443,8,8,0,12,8,360,7,Matches,b74fb61f
396,João Palhinha,pt POR,MF,Sporting CP,26,1995,20.8,1340,30,209,967,175,34,1340,25,15,60,10,40,690,2817,1012,10,10,1,23,20,894,26,Matches,a78ff07f
397,Mateus Pasinato,br BRA,GK,Moreirense,29,1992,19,590,513,589,1,0,0,590,0,0,,0,,280,1241,717,0,0,0,1,0,202,0,Matches,f16f9b47
398,Jean Patric,br BRA,FWMF,Santa Clara,24,1997,6.3,197,3,27,91,82,14,197,15,5,33.3,10,66.7,113,802,476,16,7,7,15,5,127,42,Matches,76eba96a
399,Patrick,br BRA,DF,Estoril,24,1997,11.5,906,90,408,472,34,9,906,3,2,66.7,1,33.3,554,4026,2931,23,10,0,5,0,671,2,Matches,e857a755
400,Patrick,br BRA,MF,Santa Clara,22,1998,0,6,0,0,4,3,0,6,1,1,100,0,0,4,6,0,0,0,0,0,0,6,0,Matches,44525f32
401,Paulinho,pt POR,FWMF,Sporting CP,28,1992,26.4,872,28,75,441,363,122,872,25,14,56,11,44,466,1934,850,23,12,11,46,18,644,108,Matches,a62c16d0
402,André Paulo,pt POR,GK,Sporting CP,24,1996,0.1,7,6,7,0,0,0,7,0,0,,0,,1,0,0,0,0,0,0,0,4,0,Matches,cbbd81b8
403,Marcos Paulo,br BRA,FWMF,Famalicão,20,2001,7.6,286,2,33,143,115,29,286,32,17,53.1,15,46.9,163,884,385,10,7,3,20,11,198,45,Matches,d70a5433
404,Marcos Paulo,br BRA,MF,Vizela,33,1988,18.8,757,50,193,416,155,18,756,26,13,50,13,50,375,1696,768,14,13,5,19,13,464,42,Matches,83f860ef
405,Pedrão,br BRA,DF,Portimonense,24,1997,27.8,1741,206,1053,643,54,25,1741,16,9,56.3,7,43.8,1067,4670,2182,13,8,0,11,2,1140,11,Matches,5eca05bc
406,João Pedro,pt POR,MF,Tondela,28,1993,21.3,1044,21,217,612,221,22,1037,17,10,58.8,7,41.2,488,1813,772,9,9,2,27,23,634,39,Matches,c51a704e
407,Pedro Pelágio,pt POR,MF,Marítimo,21,2000,11.1,554,26,143,316,99,1,554,13,6,46.2,7,53.8,284,1178,475,9,6,0,23,12,335,25,Matches,78362f0a
408,Alexandre Penetra,pt POR,DF,Famalicão,19,2001,28.9,1750,157,880,802,73,11,1750,6,3,50,3,50,903,4268,2402,19,10,0,9,1,1125,2,Matches,df4b73f0
409,Pepe,pt POR,DF,Porto,38,1983,19.9,1442,110,596,786,68,31,1442,2,1,50,1,50,999,4322,2115,6,5,0,14,1,1022,4,Matches,c906ce0f
410,Pepê,br BRA,MFDF,Porto,24,1997,15.1,851,11,122,375,369,64,851,64,35,54.7,29,45.3,555,3155,1416,43,23,20,40,18,609,107,Matches,fc4e7637
411,Francisco Pereira,pt POR,MF,Boavista,19,2002,0,0,0,0,0,0,0,0,0,0,,0,,0,0,0,0,0,0,0,0,0,0,Matches,526d48b5
412,Marco André Rocha Pereira,pt POR,GK,Santa Clara,34,1987,28,1063,917,1060,4,0,0,1063,1,1,100,0,0,587,3380,2060,0,0,0,3,0,480,0,Matches,5cd73451
413,Sebastián Pérez Cardona,co COL,MF,Boavista,28,1993,25.1,1444,64,399,950,103,7,1444,2,2,100,0,0,699,2723,1419,13,3,1,12,2,929,11,Matches,42a833ab
414,Luiz Phellype,br BRA,FW,Santa Clara,27,1993,3.1,73,7,9,39,26,8,73,3,1,33.3,2,66.7,34,146,60,1,1,1,10,3,45,5,Matches,94130fc4
415,Thibang Phete,za RSA,MFDF,B-SAD,27,1994,20.5,856,102,353,429,83,33,856,23,12,52.2,11,47.8,406,1742,615,7,6,1,18,16,488,14,Matches,a1ba943c
416,Lucas Piazon,br BRA,MFFW,Braga,27,1994,4,197,2,23,98,78,5,197,7,4,57.1,3,42.9,98,623,309,10,7,1,5,7,146,23,Matches,f201798c
417,Charles Pickel,ch SUI,MF,Famalicão,24,1997,26.3,1290,52,331,793,176,9,1290,11,6,54.5,5,45.5,579,2368,889,9,14,0,31,14,733,27,Matches,f71ad8cb
418,Rodrigo Pinho,br BRA,FW,Benfica,30,1991,0.9,22,0,2,9,11,2,22,2,1,50,1,50,22,93,47,2,0,1,2,1,27,6,Matches,5db20508
419,Dinis Pinto,pt POR,MF,Braga,20,2000,0.3,16,0,5,7,4,0,16,1,0,0,1,100,4,9,4,0,0,0,0,0,5,0,Matches,a968014d
420,Felipe Pires,br BRA,FWMF,Moreirense,26,1995,12.9,582,2,57,223,310,28,582,24,14,58.3,10,41.7,335,2273,1113,39,28,13,23,13,362,95,Matches,2cd3d3ce
421,Rui Pires,pt POR,MF,Paços,23,1998,13.4,706,22,193,455,60,4,706,1,0,0,1,100,325,1179,522,5,6,0,7,4,462,6,Matches,25ad51a5
422,Pité,pt POR,MF,Arouca,26,1994,10.8,507,9,58,301,154,28,507,29,20,69,9,31,289,1327,348,10,8,7,39,19,327,34,Matches,4c86d05d
423,Pizzi,pt POR,MFFW,Benfica,31,1989,3.6,265,1,18,123,125,10,265,4,1,25,3,75,168,592,285,5,5,2,6,1,208,26,Matches,96094cbc
424,Jackson Porozo,ec ECU,DF,Boavista,20,2000,23.8,1241,162,805,413,31,27,1241,10,8,80,2,20,649,3015,985,2,4,2,12,2,730,1,Matches,7d704e92
425,Pedro Porro,es ESP,DFMF,Sporting CP,21,1999,18.2,1302,30,275,520,530,55,1300,62,33,53.2,29,46.8,640,4038,2272,81,37,24,35,14,741,159,Matches,27d0a506
426,Samuel Portugal,br BRA,GK,Portimonense,27,1994,30,1341,1133,1335,6,0,0,1341,4,4,100,0,0,740,3768,2147,0,0,0,0,0,621,0,Matches,5.54E+08
427,Lucas Possignolo,br BRA,DF,Portimonense,27,1994,22.9,1367,155,805,531,36,10,1367,1,1,100,0,0,776,3596,1932,9,2,0,3,1,847,1,Matches,2118c8c0
428,Quaresma,br BRA,DF,Arouca,24,1996,27,1748,56,581,830,362,18,1748,63,38,60.3,25,39.7,895,5311,2390,41,28,5,59,21,923,83,Matches,b7734738
429,Ricardo Quaresma,pt POR,FWMF,Vitória,37,1983,10.9,522,6,32,158,338,37,522,33,12,36.4,21,63.6,311,1888,832,33,18,9,12,14,367,124,Matches,6b6d252d
430,Diogo Queirós,pt POR,DF,Famalicão,22,1999,0,2,2,2,0,0,0,2,0,0,,0,,0,0,0,0,0,0,0,0,0,0,Matches,27ea1df6
431,Nemanja Radonjić,rs SRB,DFMF,Benfica,25,1996,1.5,102,2,14,41,48,10,102,13,8,61.5,5,38.5,63,455,232,5,6,3,9,3,69,23,Matches,0630eb63
432,Álvaro Ramalho,pt POR,GK,B-SAD,22,1999,2,63,56,63,0,0,0,63,0,0,,0,,26,164,82,0,0,0,0,0,16,0,Matches,0fc0cee3
433,Cláudio Ramos,pt POR,GK,Porto,29,1991,1,36,31,35,1,0,0,36,0,0,,0,,29,145,64,0,0,0,0,0,21,0,Matches,23505094
434,Flávio Ramos,br BRA,DF,Paços,27,1994,8.7,426,48,254,148,24,16,426,1,1,100,0,0,209,903,415,0,0,0,4,0,267,2,Matches,4afc5a5a
435,Gonçalo Ramos,pt POR,FWMF,Benfica,20,2001,17.9,719,16,70,265,388,106,719,50,22,44,28,56,436,1972,930,28,21,12,46,26,567,127,Matches,f63cda26
436,Rafael Ramos,pt POR,DF,Santa Clara,26,1995,20.7,1119,65,377,467,284,7,1119,18,12,66.7,6,33.3,458,2648,1291,29,27,1,22,13,484,59,Matches,f8ddf51c
437,Rúben Ramos,pt POR,MFDF,Moreirense,22,1999,4.2,248,10,62,137,51,2,248,5,3,60,2,40,129,733,283,4,4,0,12,1,151,10,Matches,0ea6e37d
438,Osama Rashid,iq IRQ,MF,Vizela,29,1992,6.5,339,5,48,206,89,9,339,2,2,100,0,0,175,813,283,6,4,1,9,8,232,23,Matches,fcbd5139
439,Bruno Reis,pt POR,MF,Portimonense,22,1999,0.7,27,0,8,21,0,0,27,1,1,100,0,0,16,83,48,1,0,0,1,0,16,0,Matches,e589e6b8
440,Matheus Reis,br BRA,DF,Sporting CP,26,1995,23,1912,98,588,1054,287,28,1912,28,22,78.6,6,21.4,1195,6023,3769,63,39,2,15,8,1405,60,Matches,ae1159bf
441,Miguel Reisinho,pt POR,FWMF,Boavista,22,1999,0.5,21,3,9,10,3,1,21,0,0,,0,,11,23,8,0,0,0,0,0,11,1,Matches,61d340fb
442,Filipe Relvas,pt POR,DF,Portimonense,21,1999,17.9,1005,113,454,423,130,22,1005,7,6,85.7,1,14.3,393,1377,546,6,1,0,11,0,527,27,Matches,15c259f4
443,Tomás Reymão,pt POR,MF,Boavista,23,1998,3.8,208,15,76,113,20,0,208,2,1,50,1,50,101,443,157,1,0,0,8,4,116,4,Matches,a86fee7f
444,Eduardo Ribeiro,pt POR,MF,Braga,20,2001,0,0,0,0,0,0,0,0,0,0,,0,,0,0,0,0,0,0,0,0,0,0,Matches,2ada2f6a
445,Henrique Ribeiro,pt POR,DF,B-SAD,19,2002,1,15,9,14,1,0,0,15,0,0,,0,,4,42,18,0,0,0,1,0,3,0,Matches,5524044b
446,Tomás Ribeiro,pt POR,DF,B-SAD,22,1999,17,1090,148,568,468,63,18,1090,6,5,83.3,1,16.7,537,2129,1086,9,7,3,8,1,624,9,Matches,6603fa16
447,Ricardinho,br BRA,FW,Marítimo,20,2001,5.1,160,9,21,83,57,9,160,9,5,55.6,4,44.4,83,396,113,5,2,0,14,9,100,23,Matches,45a1777c
448,Ricardinho,pt POR,FWMF,Santa Clara,22,1998,24,814,18,130,375,329,57,814,74,34,45.9,39,52.7,488,2822,1311,46,19,12,58,29,538,119,Matches,e472d4da
449,André Ricardo,pt POR,FWMF,Famalicão,20,2000,0.8,37,1,5,19,14,4,37,5,1,20,4,80,23,219,65,2,3,0,5,2,21,6,Matches,20459caf
450,Riccieli,br BRA,DF,Famalicão,22,1998,24.2,1253,208,797,428,35,30,1253,2,2,100,0,0,656,3066,1381,5,3,2,4,2,760,1,Matches,9c026a2f
451,Rochinha,pt POR,FWMF,Vitória,26,1995,21.7,821,11,72,331,429,63,821,86,33,38.4,53,61.6,551,3385,1502,50,43,15,67,38,577,129,Matches,c738a5ec
452,Bruno Rodrigues,pt POR,DF,Braga,20,2001,6.4,422,49,248,171,3,2,422,0,0,,0,,251,1088,445,1,1,0,1,0,272,0,Matches,2ab7149e
453,Ivo Rodrigues,pt POR,FWMF,Famalicão,26,1995,20.7,1167,27,174,504,507,51,1166,84,39,46.4,45,53.6,664,4367,2154,75,52,12,52,36,759,155,Matches,fb6c0681
454,Pedro Rodrigues,pt POR,MF,Famalicão,24,1997,30.6,2041,36,408,1182,478,21,2039,33,19,57.6,14,42.4,1113,5267,2389,39,33,6,27,40,1359,48,Matches,20df3aaf
455,Julio Romão,br BRA,MFDF,Santa Clara,23,1998,4,188,12,63,108,22,1,188,12,11,91.7,1,8.3,89,520,255,2,3,0,5,5,85,3,Matches,fef20ac5
456,Lazar Rosić,rs SRB,DF,Moreirense,28,1993,28,1527,164,759,719,63,33,1527,1,0,0,1,100,815,3638,1955,9,5,0,14,2,865,4,Matches,3c285843
457,Loreintz Rosier,fr FRA,MF,Estoril,22,1998,25.5,1289,77,370,687,239,49,1289,21,11,52.4,10,47.6,599,3309,1458,19,12,1,36,18,793,46,Matches,19b28f22
458,Iván Rossi,ar ARG,MF,Marítimo,27,1993,19.1,1056,53,340,673,51,2,1056,9,6,66.7,3,33.3,488,1910,807,3,6,0,16,5,629,6,Matches,8c6c6096
459,Abel Ruiz,es ESP,FWMF,Braga,21,2000,15.4,454,9,25,212,226,45,454,29,20,69,9,31,283,1694,751,33,11,11,37,16,353,95,Matches,6cbf8d0d
460,Alan Ruiz,ar ARG,MF,Arouca,27,1993,5.2,300,6,22,185,97,8,300,8,6,75,2,25,160,772,293,5,5,1,7,9,224,27,Matches,8fe2101a
461,Leonardo Ruíz,co COL,FW,Estoril,25,1996,9.7,351,11,45,192,121,22,350,30,22,73.3,8,26.7,187,730,185,6,4,3,30,12,242,33,Matches,5ed6bf7a
462,Helder Sá,pt POR,DF,Vitória,18,2002,5.6,348,17,93,166,93,4,348,8,6,75,2,25,166,816,450,9,5,0,11,5,166,21,Matches,85797372
463,Pedro Sá,pt POR,MF,Portimonense,27,1993,12,621,51,217,372,37,4,621,4,0,0,4,100,310,955,301,1,1,0,8,9,364,4,Matches,7dfb980a
464,Tiago Sá,pt POR,GK,Braga,26,1995,1,51,40,51,0,0,0,51,0,0,,0,,27,96,44,0,0,0,0,0,28,0,Matches,fd834d1d
465,Falaye Sacko,ml MLI,DF,Vitória,26,1995,10.3,646,29,178,306,173,15,645,15,10,66.7,5,33.3,328,1862,1098,29,16,3,6,5,333,46,Matches,6388e356
466,Jorge Sáenz,es ESP,DF,Marítimo,24,1996,4.4,216,26,128,86,3,1,216,1,0,0,1,100,109,537,270,0,0,0,3,1,121,0,Matches,bfca375c
467,Safira,br BRA,FW,B-SAD,26,1995,16.1,500,25,50,219,242,56,497,19,8,42.1,11,57.9,272,1053,469,13,16,3,41,19,387,87,Matches,bac8e258
468,Pierre Sagna,sn SEN,DF,Santa Clara,30,1990,11.5,604,34,206,282,124,3,604,5,3,60,2,40,244,1098,556,20,7,1,6,1,281,29,Matches,da3f476b
469,Modibo Sagnan,fr FRA,DF,Tondela,22,1999,25,1305,192,837,444,38,13,1305,15,8,53.3,7,46.7,665,3282,1826,9,7,0,15,6,732,3,Matches,76d679c7
470,Braima Sambú,pt POR,MF,B-SAD,20,2001,7.9,323,21,85,202,40,0,323,4,3,75,1,25,159,613,184,1,3,0,15,5,171,5,Matches,f06ac466
471,Samu,pt POR,MF,Vizela,25,1996,27.4,1611,74,333,780,518,60,1611,49,25,51,24,49,854,4128,1884,40,35,4,43,32,988,111,Matches,29b161e8
472,Samuel,br BRA,FWMF,Gil Vicente FC,21,1999,32.9,1666,25,258,734,701,123,1663,134,66,49.3,68,50.7,1029,6337,3067,91,77,31,86,44,1157,272,Matches,2a295d33
473,Sandro,br BRA,MFFW,B-SAD,32,1989,0.8,49,5,18,27,5,1,49,0,0,,0,,13,67,43,0,0,0,2,0,10,1,Matches,c1c2c925
474,Elder Santana,br BRA,FWMF,Gil Vicente FC,28,1993,3.7,104,9,17,31,56,25,104,2,0,0,2,100,38,169,62,3,2,1,8,4,63,11,Matches,dbaa6693
475,Adílio Santos,br BRA,FW,Arouca,28,1993,1.7,70,1,14,34,24,4,70,4,1,25,3,75,29,184,110,4,3,0,7,3,38,12,Matches,6ba91b57
476,Jeferson Santos,br BRA,MF,Portimonense,29,1992,0.2,8,1,6,2,0,0,8,0,0,,0,,2,7,0,0,0,0,0,0,2,0,Matches,1adb7d23
477,Luís Santos,pt POR,MFDF,Boavista,21,2000,6.2,287,10,61,140,91,5,287,21,11,52.4,10,47.6,156,1004,379,14,7,1,14,8,169,21,Matches,bc680074
478,Nuno Santos,pt POR,DFMF,Sporting CP,26,1995,23.4,1517,23,234,607,693,74,1517,28,15,53.6,13,46.4,804,4459,2482,87,47,17,20,9,990,272,Matches,a6ee4f55
479,Nuno Santos,pt POR,MFFW,Paços,22,1999,25.9,1362,30,201,805,376,30,1362,43,19,44.2,24,55.8,749,3672,1757,44,26,5,52,13,958,80,Matches,6fc57554
480,Pablo Santos,br BRA,DF,Moreirense,29,1992,13.6,733,69,371,329,37,21,733,3,2,66.7,1,33.3,341,1325,649,0,3,1,8,0,368,4,Matches,7a412c2d
481,Rafael Santos,pt POR,MF,B-SAD,24,1997,1.1,18,1,4,9,5,0,18,3,2,66.7,1,33.3,8,37,8,0,0,0,4,1,11,0,Matches,c9972d2c
482,Yan Santos,br BRA,FWMF,Moreirense,22,1998,19.8,906,7,114,338,473,54,903,60,25,41.7,35,58.3,498,2831,1364,43,49,16,48,35,525,108,Matches,d44efa12
483,Zaidu Sanusi,ng NGA,DF,Porto,24,1997,19,1256,35,311,571,393,27,1256,33,14,42.4,19,57.6,675,3141,1728,56,28,3,32,6,709,104,Matches,24051310
484,Adewele Sapara,ng NGA,MFDF,Portimonense,26,1995,0.6,25,1,1,11,13,4,25,6,5,83.3,1,16.7,17,135,99,4,1,3,0,0,20,8,Matches,0387fc57
485,Pablo Sarabia,es ESP,MFFW,Sporting CP,29,1992,23,1169,7,75,476,630,105,1164,28,9,32.1,19,67.9,711,3198,1672,52,50,13,54,21,850,216,Matches,9744ff80
486,Andrés Sarmiento,co COL,FW,Vizela,23,1998,1.6,47,1,11,18,18,5,47,4,2,50,2,50,29,133,41,1,1,0,7,5,33,9,Matches,751faa38
487,Gustavo Sauer,br BRA,FWMF,Boavista,28,1993,25.5,1007,5,127,478,428,30,1005,83,46,55.4,37,44.6,556,4158,1759,50,58,12,63,28,622,81,Matches,fd53959e
488,Guilherme Schettine,br BRA,FW,Vizela,25,1995,16.9,543,9,38,255,261,68,542,28,14,50,14,50,323,2045,767,34,24,8,38,21,367,85,Matches,6b074beb
489,Haris Seferović,ch SUI,FW,Benfica,29,1992,4.4,123,3,5,34,84,32,122,5,3,60,2,40,75,322,101,3,2,2,4,3,97,25,Matches,a45eac1f
490,Alfa Semedo,gw GNB,MF,Vitória,23,1997,16.4,988,52,250,643,110,20,988,17,13,76.5,4,23.5,497,2220,859,6,4,2,18,6,560,4,Matches,7750704
491,Rúben Semedo,pt POR,DF,Porto,27,1994,0.1,4,0,3,1,0,0,4,0,0,,0,,2,7,0,0,0,0,0,0,3,0,Matches,c904f3d5
492,Nuno Sequeira,pt POR,DF,Braga,30,1990,4.9,447,14,106,255,92,5,447,3,2,66.7,1,33.3,216,724,360,1,4,0,2,1,275,14,Matches,7a2cf111
493,Paulo Sérgio Mota,pt POR,DFMF,Moreirense,30,1991,25.7,1274,53,287,518,480,39,1274,40,15,37.5,25,62.5,538,3094,1642,62,35,9,33,9,598,142,Matches,1c235226
494,André Silva,br BRA,FW,Arouca,24,1997,28.1,1090,18,69,515,525,108,1090,56,35,62.5,21,37.5,625,3569,1345,60,39,18,115,54,809,191,Matches,dde93e2c
495,Bernardo Silva,pt POR,DF,Famalicão,20,2001,0,1,0,1,0,0,0,1,0,0,,0,,0,0,0,0,0,0,0,0,0,0,Matches,5da1a8b1
496,Diogo Silva,br BRA,DF,Gil Vicente FC,26,1995,2.5,185,25,90,91,4,2,185,3,1,33.3,2,66.7,113,399,207,1,0,0,1,2,150,0,Matches,26328b22
497,João Miguel Macedo Silva,pt POR,GK,Marítimo,26,1995,4,150,141,150,0,0,0,150,0,0,,0,,70,424,219,0,0,0,0,0,70,0,Matches,1c98558c
498,João Pedro Sousa Silva,pt POR,FWMF,Paços,24,1996,5.6,196,6,12,108,77,23,196,7,4,57.1,3,42.9,91,386,113,4,2,0,23,2,156,22,Matches,0629941f
499,Jorge Fernando Santos Silva,pt POR,DF,Paços,25,1996,4.5,264,17,96,88,81,2,264,10,6,60,4,40,91,484,207,6,10,0,7,4,112,12,Matches,4851e9ca
500,Leandro Miguel Pereira Silva,pt POR,MF,Arouca,27,1994,24.4,1444,75,305,872,277,13,1444,19,14,73.7,5,26.3,728,2862,1364,17,15,1,16,15,878,41,Matches,0488e49f
501,Lucas Silva,br BRA,FWMF,Paços,23,1998,21.1,681,18,117,255,319,65,681,45,20,44.4,25,55.6,395,2269,956,29,25,12,54,24,441,136,Matches,aa47c6ce
502,Matheus Silva,br BRA,DFMF,Moreirense,23,1997,5.3,288,29,86,135,71,6,288,12,6,50,6,50,145,727,331,14,6,4,1,13,142,13,Matches,79ccb6eb
503,Pedro Manuel da Silva Moreira,pt POR,MF,Arouca,32,1989,19.1,826,30,158,512,168,21,826,24,18,75,6,25,452,1655,564,4,6,2,24,22,517,37,Matches,8f025475
504,Pedro José Moreira Silva,pt POR,GK,Vizela,24,1997,18,517,477,516,1,0,0,517,0,0,,0,,198,1080,656,0,0,0,1,0,116,0,Matches,f829f728
505,Rafa Silva,pt POR,MFFW,Benfica,28,1993,22.6,1131,4,60,408,691,128,1131,131,76,58,55,42,813,5592,3108,112,79,34,57,47,903,211,Matches,70cf63ca
506,Raul Silva,br BRA,DF,Estoril,31,1989,5.6,386,60,230,150,7,2,386,1,1,100,0,0,259,1690,1257,8,2,0,3,0,284,0,Matches,b3aed40d
507,Raul Silva,br BRA,DF,Braga,31,1989,5.7,443,37,211,219,15,8,443,5,4,80,1,20,281,1364,729,1,0,0,4,0,328,1,Matches,b3aed40d
508,Tiago Silva,pt POR,MF,Vitória,28,1993,21.9,1306,16,174,801,344,21,1304,35,13,37.1,22,62.9,746,3157,1294,18,20,3,32,18,877,35,Matches,44d0de01
509,Sílvio,pt POR,DF,Vitória,33,1987,0.3,6,0,4,1,1,1,6,0,0,,0,,3,10,5,0,0,0,0,0,5,1,Matches,ec6e2549
510,David Simão,pt POR,MF,Arouca,31,1990,12.5,714,12,129,424,170,3,714,12,7,58.3,5,41.7,350,1470,598,5,8,0,19,10,463,26,Matches,fcef3903
511,Eduardo Simões,pt POR,DF,Tondela,19,2002,17.1,953,117,529,397,38,12,953,26,19,73.1,7,26.9,502,2883,1672,14,8,0,25,9,573,5,Matches,7ec723b7
512,Sphephelo Sithole,za RSA,MF,B-SAD,22,1999,16.6,902,35,212,622,81,3,902,17,13,76.5,4,23.5,489,2305,871,4,7,0,28,15,556,13,Matches,33bcd4b3
513,Islam Slimani,dz ALG,FW,Sporting CP,33,1988,4.8,154,5,10,77,69,24,154,2,2,100,0,0,81,389,140,3,5,0,9,6,118,21,Matches,ffec9769
514,Eduardo Soares,pt POR,FW,Braga,19,2001,0.1,4,0,0,3,1,1,4,0,0,,0,,3,8,2,0,0,0,0,0,3,0,Matches,bb2265fb
515,Everton Soares,br BRA,MFFW,Benfica,25,1996,17.8,950,4,81,352,532,53,950,76,34,44.7,41,53.9,623,4100,2023,63,50,21,46,38,665,156,Matches,b1cbc666
516,Filipe Soares,pt POR,MF,Moreirense,22,1999,11.2,507,7,82,302,138,10,507,27,14,51.9,13,48.1,303,1921,884,20,16,2,26,9,308,26,Matches,c6a3b58d
517,Marco Soares,cv CPV,FWMF,Arouca,37,1984,0.4,20,1,3,13,4,0,20,0,0,,0,,11,39,19,0,0,0,1,0,11,0,Matches,2b2ce85a
518,Rafa Soares,pt POR,DF,Vitória,26,1995,28.2,1694,67,412,668,630,55,1694,19,8,42.1,11,57.9,774,3610,2023,60,46,12,30,17,919,193,Matches,062fc2e6
519,Tim Söderström,se SWE,DF,Marítimo,27,1994,0.8,37,2,8,15,14,1,37,1,1,100,0,0,24,180,69,3,1,0,1,1,24,4,Matches,f162adb9
520,Carles Soria,es ESP,DF,Estoril,24,1996,20.2,1200,55,401,514,297,14,1200,15,8,53.3,7,46.7,589,3083,1579,35,25,0,20,6,688,85,Matches,128a19d7
521,Afonso Sousa,pt POR,MFFW,B-SAD,21,2000,25.1,1155,14,121,745,311,33,1155,70,36,51.4,34,48.6,739,4058,2056,57,55,6,39,18,843,80,Matches,f3f47ebd
522,César Sousa,ao ANG,MF,B-SAD,21,2000,5.4,259,7,47,154,65,3,259,12,6,50,6,50,145,749,317,10,8,1,9,6,144,10,Matches,e0581847
523,Miguel Sousa,pt POR,MF,Marítimo,22,1998,3.1,195,2,22,103,71,3,195,7,4,57.1,3,42.9,92,546,243,5,3,0,8,1,124,10,Matches,ee784cc2
524,Claudemir de Souza,br BRA,MF,Vizela,33,1988,22.3,1446,79,370,815,265,11,1446,16,11,68.8,5,31.3,718,2808,1368,12,12,1,20,6,925,29,Matches,1b033987
525,Adel Taarabt,ma MAR,MF,Benfica,32,1989,9.6,673,8,67,410,204,8,673,40,27,67.5,13,32.5,399,1974,992,27,10,1,17,8,499,29,Matches,47dc80f5
526,Bruno Tabata,,FWMF,Sporting CP,24,1997,4.5,298,1,36,146,126,19,297,18,14,77.8,4,22.2,178,932,386,11,9,2,8,13,198,42,Matches,2e0f6a18
527,Kyosuke Tagawa,jp JPN,FWMF,Santa Clara,22,1999,5.4,86,2,6,32,48,17,86,5,3,60,2,40,48,267,111,5,3,2,7,1,63,18,Matches,37d01ca3
528,Afonso Taira,pt POR,MF,B-SAD,29,1992,0.2,17,1,3,12,2,0,17,0,0,,0,,7,27,3,0,1,0,0,0,11,0,Matches,d5696a58
529,Talocha,pt POR,DF,Gil Vicente FC,31,1989,30.9,1932,131,580,912,446,43,1932,10,5,50,5,50,832,3136,1667,30,24,2,22,6,1140,136,Matches,99454b60
530,Douglas Tanque,br BRA,FW,Paços,27,1993,1.6,80,3,3,42,35,13,80,9,2,22.2,7,77.8,39,223,91,5,1,1,8,5,63,11,Matches,dbec03ba
531,Mehdi Taremi,ir IRN,FW,Porto,29,1992,26.9,1007,21,78,364,573,198,1000,51,21,41.2,29,56.9,614,3243,1548,58,51,33,49,32,745,181,Matches,4c2a5d34
532,David Tavares,pt POR,MF,Famalicão,22,1999,5,233,13,55,133,46,3,233,7,5,71.4,2,28.6,113,565,289,8,2,0,7,6,146,12,Matches,70bc68ef
533,Gilson Tavares,cv CPV,FW,Estoril,19,2001,0.1,8,0,0,5,3,1,8,0,0,,0,,3,22,4,0,0,0,1,1,3,0,Matches,eae26fce
534,Heriberto Tavares,pt POR,FWMF,Famalicão,24,1997,8.4,353,9,58,117,183,25,353,18,9,50,9,50,192,1262,615,20,16,8,22,12,218,68,Matches,2d9f280e
535,Yohan Tavares,pt POR,DF,B-SAD,33,1988,28,1634,217,891,704,47,15,1634,3,1,33.3,2,66.7,872,4370,2282,10,7,0,12,1,998,5,Matches,a885714c
536,André Teles,pt POR,MF,Marítimo,24,1997,1.2,82,0,11,61,13,1,82,2,0,0,2,100,54,192,93,1,1,0,1,1,58,2,Matches,5363c7e7
537,Guo Tianyu,cn CHN,FW,Vizela,22,1999,0.4,10,1,2,5,3,1,10,0,0,,0,,4,5,4,0,0,0,0,1,7,2,Matches,89de0c1c
538,Tiago Tomás,pt POR,MFFW,Sporting CP,19,2002,1.9,84,0,4,39,41,11,84,9,4,44.4,5,55.6,52,305,80,3,3,1,14,7,60,12,Matches,b492126a
539,Vítor Tormena,br BRA,DF,Braga,25,1996,20.7,1590,140,649,841,111,9,1590,10,7,70,3,30,800,4068,2398,25,16,0,12,1,980,10,Matches,ed1cc44a
540,Pedro Trigueira,pt POR,GK,Tondela,33,1988,28.9,1134,1007,1131,3,0,0,1134,0,0,,0,,558,2775,1624,0,0,0,1,0,416,0,Matches,00d19548
541,Matouš Trmal,cz CZE,GK,Vitória,22,1998,9,319,279,319,0,0,0,319,0,0,,0,,166,793,487,0,0,0,1,0,118,0,Matches,393f7c58
542,Manuel Ugarte Ribeiro,uy URU,MF,Sporting CP,20,2001,12.3,877,15,129,637,133,5,877,33,27,81.8,6,18.2,535,2855,1227,17,20,1,19,22,577,5,Matches,c9817014
543,Zé Uilton,br BRA,FWDF,Paços,29,1992,21,791,31,217,357,227,25,791,27,22,81.5,5,18.5,444,3227,1525,55,34,5,32,19,505,93,Matches,31737d6f
544,Iker Undabarrena,es ESP,MF,Tondela,26,1995,22.3,1427,55,416,892,130,3,1427,15,12,80,3,20,746,3016,1204,11,9,0,14,18,979,13,Matches,ed21e2f8
545,Mateus Uribe,co COL,MF,Porto,30,1991,22.1,1565,58,328,1019,230,27,1565,21,16,76.2,5,23.8,886,2899,1343,9,15,3,28,8,1010,23,Matches,b997c3de
546,Eugeni Valderrama,es ESP,MF,Arouca,27,1994,5.9,269,4,40,142,88,5,269,12,9,75,3,25,142,634,179,2,4,1,6,4,151,11,Matches,a75b4071
547,Rodrigo Valente,pt POR,MFFW,Estoril,20,2001,0.5,25,1,2,16,7,2,25,1,1,100,0,0,9,43,5,0,0,0,2,0,17,2,Matches,f27fee09
548,Bruno Varela,pt POR,GK,Vitória,26,1994,25,859,734,853,6,0,0,859,0,0,,0,,387,1967,1300,0,0,0,0,0,332,0,Matches,2bea06e0
549,Nilton Varela,pt POR,DFMF,B-SAD,20,2001,8.7,343,13,109,157,82,11,343,14,6,42.9,8,57.1,155,993,395,10,4,2,16,4,166,26,Matches,c5c22733
550,Luciano Vega,ar ARG,MF,Estoril,21,1999,1.2,55,5,19,26,11,1,55,2,1,50,1,50,29,83,22,0,0,0,3,2,30,4,Matches,e6428440
551,Igor Vekič,si SVN,GK,Paços,23,1998,0,4,4,4,0,0,0,4,0,0,,0,,3,29,12,0,0,0,0,0,2,0,Matches,fcc5a185
552,Calvin Verdonk,nl NED,FW,Famalicão,24,1997,0.2,5,0,1,3,1,0,5,0,0,,0,,2,12,0,0,0,0,0,0,4,2,Matches,bf2b4026
553,Lucas Veríssimo,br BRA,DF,Benfica,26,1995,9.3,765,55,323,407,38,17,765,2,1,50,1,50,503,2084,1153,9,7,0,3,2,564,1,Matches,5eaf85b5
554,Jan Vertonghen,be BEL,DF,Benfica,34,1987,27.6,2112,192,923,1142,58,25,2112,8,8,100,0,0,1361,6505,3693,24,7,3,6,3,1564,3,Matches,ba23a904
555,Paulo Victor Vidotti,br BRA,GK,Marítimo,34,1987,30,1185,1033,1180,5,0,0,1185,1,1,100,0,0,616,3029,1685,0,0,0,0,0,490,0,Matches,68a3e731
556,André Vidigal,pt POR,FWMF,Marítimo,22,1998,23.9,860,28,156,359,360,47,860,78,38,48.7,40,51.3,573,4510,1896,59,44,18,64,40,603,150,Matches,3f332394
557,Fabio Vieira,pt POR,MFFW,Porto,21,2000,14.8,999,7,37,514,460,43,999,45,21,46.7,24,53.3,666,3294,1514,39,36,7,30,16,749,112,Matches,6412cc03
558,Mikel Villanueva,ve VEN,DF,Santa Clara,28,1993,19.8,1182,151,748,416,25,10,1182,7,5,71.4,2,28.6,693,3268,1810,1,5,2,5,0,760,2,Matches,65f90a76
559,Rúben Vinagre,pt POR,DFMF,Sporting CP,22,1999,6,470,5,86,222,170,13,470,32,15,46.9,17,53.1,270,1764,985,32,15,8,16,4,285,58,Matches,b937e490
560,Carlos Vinícius,br BRA,FW,Benfica,26,1995,0.1,3,0,0,0,3,2,3,0,0,,0,,2,3,1,0,0,0,1,0,2,1,Matches,8b529245
561,João Virgínia,pt POR,GK,Sporting CP,21,1999,0.9,25,22,25,0,0,0,25,0,0,,0,,13,56,48,0,0,0,0,0,12,0,Matches,728e9b2e
562,Bernardo Vital,pt POR,DF,Estoril,20,2000,15.4,864,159,517,339,12,5,864,1,1,100,0,0,491,2974,2050,10,2,0,6,2,576,1,Matches,3264a506
563,Vitinha,pt POR,MF,Porto,21,2000,25,2219,19,280,1318,648,35,2219,66,48,72.7,18,27.3,1417,7601,3854,69,63,10,26,19,1580,40,Matches,3b029691
564,Vitinha,pt POR,FW,Braga,21,2000,16.4,599,17,46,237,326,78,599,63,34,54,29,46,351,2212,1074,46,23,20,62,35,431,113,Matches,74d4cec6
565,Steven Vitória,ca CAN,DF,Moreirense,34,1987,15.8,671,92,339,288,49,35,669,2,2,100,0,0,315,1208,606,2,1,0,6,0,342,3,Matches,9bc450e6
566,Odisseas Vlachodimos,gr GRE,GK,Benfica,27,1994,32,1052,925,1044,8,0,0,1052,0,0,,0,,611,2673,1383,0,0,0,1,0,541,0,Matches,03df04ff
567,Ilija Vukotić,me MNE,MF,Boavista,22,1999,9,391,20,115,234,50,8,391,7,5,71.4,2,28.6,147,617,253,4,3,0,10,4,223,3,Matches,8ff37fd4
568,Luca Waldschmidt,de GER,FWMF,Benfica,25,1996,1.6,67,0,4,24,39,15,67,3,2,66.7,1,33.3,35,169,96,5,1,3,3,0,49,9,Matches,e5a35ae9
569,Walterson,br BRA,FWMF,Moreirense,26,1994,15.8,701,8,101,291,323,32,701,59,26,44.1,33,55.9,444,2776,1246,38,33,9,59,36,459,105,Matches,8eebb330
570,Julian Weigl,de GER,MF,Benfica,25,1995,26.8,2089,81,439,1353,309,26,2089,24,20,83.3,4,16.7,1261,5038,2223,16,31,1,19,9,1503,19,Matches,346d51d9
571,Wendell,br BRA,DF,Porto,28,1993,10.6,843,21,195,408,242,16,843,6,3,50,3,50,495,2395,1464,33,27,2,10,4,533,59,Matches,f9acca3a
572,Willyan,br BRA,DFMF,Portimonense,26,1995,23.7,1466,162,792,616,72,32,1466,6,6,100,0,0,808,3310,1772,6,12,0,14,5,886,4,Matches,577d7bf9
573,Bruno Wilson,pt POR,DF,Vizela,24,1996,15.8,779,124,444,298,40,31,779,0,0,,0,,381,1884,1148,9,6,0,4,0,460,1,Matches,965fc36d
574,Cláudio Winck,br BRA,DF,Marítimo,27,1994,28.6,1629,79,517,745,409,39,1629,80,44,55,36,45,778,4980,2511,64,63,6,54,26,866,98,Matches,a71dc814
575,Xadas,pt POR,MFFW,Marítimo,23,1997,14.6,691,5,96,358,248,15,691,38,17,44.7,21,55.3,380,1906,798,20,16,4,35,8,444,55,Matches,4f182a8f
576,António Xavier,pt POR,FWMF,Estoril,29,1992,7.2,251,5,40,106,114,9,251,16,12,75,4,25,156,1119,464,14,14,1,11,8,181,52,Matches,2225475a
577,Roman Yaremchuk,ua UKR,FW,Benfica,25,1995,11.9,318,5,10,101,208,51,318,11,7,63.6,4,36.4,231,1056,404,21,11,10,37,21,273,94,Matches,cb641b9d
578,Hugues Zagbayou,ci CIV,MF,Vizela,31,1990,4.3,164,5,28,115,23,1,164,4,4,100,0,0,92,449,89,0,2,0,9,5,111,6,Matches,769808b7
579,Ivan Zlobin,ru RUS,GK,Famalicão,24,1997,1,30,29,30,0,0,0,30,0,0,,0,,18,78,46,0,0,0,0,0,12,0,Matches,d8fe652c
580,Kévin Zohi,ml MLI,FW,Vizela,24,1996,9.2,311,12,56,122,139,29,311,20,5,25,15,75,163,971,359,12,8,3,19,10,193,50,Matches,775185ae
581,Emilijus Zubas,lt LTU,GK,Arouca,31,1990,1,51,43,51,0,0,0,51,0,0,,0,,25,112,67,0,0,0,0,0,20,0,Matches,5635834c