﻿,,,,,,,,Touches,Touches,Touches,Touches,Touches,Touches,Touches,Take-Ons,Take-Ons,Take-Ons,Take-Ons,Take-Ons,Carries,Carries,Carries,Carries,Carries,Carries,Carries,Carries,Receiving,Receiving,,#NAME?
Rk,Player,Nation,Pos,Squad,Age,Born,90s,Touches,Def Pen,Def 3rd,Mid 3rd,Att 3rd,Att Pen,Live,Att,Succ,Succ%,Tkld,Tkld%,Carries,TotDist,PrgDist,PrgC,3-Jan,CPA,Mis,Dis,Rec,PrgR,Matches,-9999
1,Luis Abram,pe PER,DF,Granada,25,1996,6.2,286,45,178,106,5,4,286,0,0,,0,,149,760,487,1,0,0,0,0,180,1,Matches,1f462f95
2,Marcos Acuña,ar ARG,DF,Sevilla,29,1991,25.1,2184,54,637,959,618,19,2184,66,44,66.7,22,33.3,1256,6253,3799,73,58,2,38,27,1467,153,Matches,81442ecb
3,Martin Agirregabiria,es ESP,DF,Alavés,25,1996,18,966,43,298,448,227,12,966,19,14,73.7,5,26.3,429,1647,869,15,19,1,22,8,465,40,Matches,355c883a
4,Julen Agirrezabala,es ESP,GK,Athletic Club,20,2000,4,92,73,92,0,0,0,92,0,0,,0,,41,198,115,0,0,0,0,0,23,0,Matches,a2c1a8d3
5,Sergio Agüero,ar ARG,FW,Barcelona,33,1988,1.7,57,0,1,26,31,15,57,2,1,50,1,50,34,172,85,4,2,2,4,1,53,13,Matches,4d034881
6,Álvaro Aguirre,es ESP,FW,Rayo Vallecano,21,2000,0.1,4,0,1,2,1,0,4,0,0,,0,,1,0,0,0,0,0,1,0,2,0,Matches,93b054dc
7,Joseph Aidoo,gh GHA,DF,Celta Vigo,25,1995,29.3,1828,196,894,895,48,12,1828,11,9,81.8,2,18.2,1111,5975,3687,25,10,1,14,6,1163,3,Matches,18abe173
8,Carlos Akapo,gq EQG,DF,Cádiz,28,1993,20.5,1084,88,403,456,236,9,1084,21,12,57.1,9,42.9,446,2527,1371,35,37,4,27,9,465,52,Matches,f2a68b97
9,Ilias Akhomach,es ESP,FW,Barcelona,17,2004,1.4,71,0,7,20,44,6,71,3,1,33.3,2,66.7,54,249,161,7,2,5,1,1,57,13,Matches,b8bd60fe
10,Paul Akouokou,ci CIV,MF,Betis,23,1997,5.7,376,12,72,258,47,3,376,8,6,75,2,25,195,774,333,3,0,0,2,5,267,5,Matches,31f5b89b
11,David Alaba,at AUT,DF,Real Madrid,29,1992,29.4,2189,200,910,1001,285,41,2189,10,4,40,6,60,1529,8443,5039,40,34,5,18,3,1701,76,Matches,05439de2
12,Tomás Alarcón,cl CHI,MF,Cádiz,22,1999,15.8,747,55,220,370,164,9,747,8,4,50,4,50,331,1328,482,6,8,2,15,10,361,13,Matches,99ea2ddd
13,Jordi Alba,es ESP,DF,Barcelona,32,1989,29.4,3031,82,668,1469,908,68,3031,22,6,27.3,16,72.7,1738,5754,3133,47,52,9,25,4,2142,213,Matches,4.60E+197
14,Raúl Albiol,es ESP,DF,Villarreal,35,1985,27.4,1799,253,949,819,38,9,1799,4,3,75,1,25,1054,6003,3342,11,4,0,7,6,1167,0,Matches,4bd414c1
15,Paco Alcácer,es ESP,FW,Villarreal,27,1993,8.7,253,2,21,97,135,40,253,10,5,50,5,50,124,335,134,4,3,3,19,7,162,45,Matches,a7a9d95a
16,Rubén Alcaraz,es ESP,MF,Cádiz,30,1991,12.3,807,18,152,513,156,18,807,17,11,64.7,6,35.3,457,2507,1343,26,10,1,21,11,526,21,Matches,036bba5f
17,Omar Alderete,py PAR,DF,Valencia,24,1996,26.7,1292,185,658,596,56,25,1292,14,13,92.9,1,7.1,587,3421,2219,17,14,2,19,4,546,3,Matches,bb08bce9
18,Iván Alejo,es ESP,MFFW,Cádiz,26,1995,11.8,513,21,109,184,231,21,513,43,15,34.9,28,65.1,300,2923,1472,63,32,6,40,17,329,88,Matches,3d7e48ce
19,Carles Aleñá,es ESP,MF,Getafe,23,1998,25.8,1095,9,137,635,334,14,1095,35,17,48.6,18,51.4,660,3215,1324,33,27,1,45,32,778,65,Matches,6c811eb7
20,Mircea Alexandru Tirlea,ro ROU,DF,Alavés,21,2000,0.2,17,2,5,10,3,0,17,3,2,66.7,1,33.3,4,11,7,0,0,0,0,0,3,0,Matches,683a1d81
21,Hugo Álvarez,es ESP,FW,Celta Vigo,18,2003,0.1,8,0,3,2,3,1,8,0,0,,0,,2,12,3,0,0,0,2,0,4,0,Matches,6f392eb8
22,Yeray Álvarez,es ESP,DF,Athletic Club,26,1995,20.7,1242,159,608,595,54,13,1242,3,2,66.7,1,33.3,602,4177,2616,16,11,1,11,3,655,4,Matches,3ecc11d8
23,Dani Alves,br BRA,DF,Barcelona,38,1983,12.2,1170,28,212,686,280,6,1170,12,12,100,0,0,701,2925,1749,33,35,0,10,6,796,25,Matches,c9e99e49
24,Emmanuel Amankwaa Akurugu,gh GHA,DF,Getafe,19,2001,0.9,48,1,11,22,15,3,48,4,3,75,1,25,25,163,106,5,1,1,2,0,24,6,Matches,69c5633e
25,Amath,sn SEN,FWMF,Mallorca,25,1996,9.8,326,11,59,132,142,25,326,31,15,48.4,16,51.6,184,1145,476,18,16,7,25,19,213,58,Matches,f3b1d9a2
26,Florin Andone,ro ROU,FW,Cádiz,28,1993,2,62,1,6,27,30,7,62,2,2,100,0,0,32,133,23,0,1,0,9,3,43,11,Matches,dc008610
27,José Ángel,es ESP,DF,Osasuna,31,1989,12,893,34,208,469,229,3,893,29,20,69,9,31,488,2592,1090,22,25,3,14,21,512,35,Matches,3024e383
28,Josep Antoni Gayá,es ESP,DF,Mallorca,21,2000,0.6,36,11,28,8,0,0,36,0,0,,0,,15,61,26,1,0,0,1,0,21,0,Matches,4a5f2032
29,Mauro Arambarri,uy URU,MF,Getafe,25,1995,29.6,1563,32,284,977,328,15,1563,50,32,64,18,36,794,3923,1573,32,22,4,42,36,903,47,Matches,58afe001
30,Néstor Araujo,mx MEX,DF,Celta Vigo,29,1991,29.1,1785,180,940,792,67,14,1785,8,5,62.5,3,37.5,1007,6951,4183,47,38,0,11,4,1149,3,Matches,27a013f7
31,Ronald Araújo,uy URU,DF,Barcelona,22,1999,25.2,1868,181,790,996,94,28,1868,8,6,75,2,25,1200,6865,4382,30,19,4,17,6,1328,14,Matches,2bef2bca
32,Jesús Areso,es ESP,DF,Osasuna,22,1999,2.1,90,6,28,38,24,1,90,0,0,,0,,24,157,86,3,1,0,5,4,27,5,Matches,94e01ec6
33,Matias Arezo,uy URU,FWMF,Granada,18,2002,1.8,68,1,4,22,42,8,68,5,2,40,3,60,35,155,70,4,2,1,9,3,40,14,Matches,484ebdb0
34,Santiago Arias,co COL,DF,Granada,29,1992,4.9,276,19,92,92,93,6,276,7,3,42.9,4,57.1,104,576,254,5,6,1,8,3,115,21,Matches,fdd60087
35,Santiago Arzamendia,py PAR,MF,Cádiz,23,1998,5.2,245,12,72,100,74,4,245,10,3,30,7,70,91,685,249,9,9,0,13,6,124,23,Matches,759d8dd7
36,Sergio Asenjo,es ESP,GK,Villarreal,32,1989,6,247,206,246,1,0,0,247,0,0,,0,,135,614,372,0,0,0,0,0,104,0,Matches,9f0ea33f
37,Alejandro Asensio,es ESP,FW,Rayo Vallecano,20,2000,0.1,11,0,1,4,6,2,11,0,0,,0,,4,12,4,0,0,0,2,0,8,0,Matches,b4c23f36
38,Marco Asensio,es ESP,FWMF,Real Madrid,25,1996,19.2,1068,11,91,413,572,79,1068,40,27,67.5,13,32.5,701,4422,2112,56,45,16,19,25,830,143,Matches,45af8a54
39,Iago Aspas,es ESP,FW,Celta Vigo,33,1987,34.3,1693,22,114,677,920,194,1688,83,51,61.4,32,38.6,974,5749,2759,112,47,54,67,32,1300,296,Matches,7dcf86f6
40,Pierre-Emerick Aubameyang,ga GAB,FW,Barcelona,32,1989,12,343,5,11,164,169,65,343,6,4,66.7,2,33.3,187,729,348,16,3,9,29,8,263,79,Matches,d5dd5f1f
41,Ludwig Augustinsson,se SWE,DFFW,Sevilla,27,1994,8.8,629,30,219,226,185,11,629,2,2,100,0,0,291,1291,627,12,12,1,12,4,381,46,Matches,9fec8860
42,Serge Aurier,ci CIV,DF,Villarreal,28,1992,11.2,858,31,285,377,200,23,858,19,14,73.7,5,26.3,488,1967,947,21,8,4,15,11,550,53,Matches,5c2b4f07
43,Ezequiel Ávila,ar ARG,FWMF,Osasuna,27,1994,20.8,787,20,90,310,394,53,786,32,18,56.3,14,43.8,459,2306,1022,32,27,8,48,22,553,117,Matches,253a06b9
44,Iddrisu Baba,gh GHA,MF,Mallorca,25,1996,21.5,1028,57,333,603,113,8,1028,31,22,71,9,29,548,2604,1121,14,24,0,29,20,515,6,Matches,bfd381b3
45,Carlos Bacca,co COL,FW,Granada,34,1986,5.7,145,7,18,57,73,18,145,11,7,63.6,4,36.4,67,389,188,7,4,4,8,4,98,20,Matches,09a9e921
46,Édgar Badía,es ESP,GK,Elche,29,1992,24,904,799,900,4,0,0,904,0,0,,0,,425,2478,1415,0,2,1,1,0,310,0,Matches,e4346678
47,Miguel Baeza,es ESP,DF,Celta Vigo,21,2000,0,5,0,0,3,2,0,5,0,0,,0,,3,62,36,2,1,0,0,0,4,0,Matches,a98f3cbf
48,Alejandro Balde,es ESP,DFFW,Barcelona,17,2003,2.1,177,2,24,95,58,7,177,5,1,20,4,80,141,578,316,9,7,2,4,3,143,23,Matches,5ccc9672
49,Gareth Bale,wls WAL,FW,Real Madrid,32,1989,3.1,102,0,12,32,58,15,102,4,1,25,3,75,65,292,136,6,3,4,5,2,74,10,Matches,a58bb1e1
50,Mikel Balenziaga,es ESP,DF,Athletic Club,33,1988,22.5,1225,88,371,609,254,10,1225,12,6,50,6,50,507,2081,1147,29,16,0,13,12,565,66,Matches,1fe67e86
51,Iván Balliu,al ALB,DF,Rayo Vallecano,29,1992,35,2114,88,538,945,655,37,2114,54,22,40.7,32,59.3,938,5258,2727,84,48,8,40,20,1107,132,Matches,cee88597
52,Barbero,es ESP,FWMF,Osasuna,22,1998,0.2,18,1,1,6,11,3,18,0,0,,0,,7,31,0,0,1,0,5,2,14,3,Matches,981c1863
53,Barcia,es ESP,DF,Granada,20,2000,0.8,26,1,13,12,1,0,26,0,0,,0,,10,65,31,1,0,0,0,1,8,0,Matches,0c717ae6
54,Enis Bardhi,mk MKD,MFFW,Levante,26,1995,18.9,995,12,124,425,461,41,993,74,38,51.4,36,48.6,597,2971,1436,41,31,12,52,32,669,105,Matches,cac2537b
55,Keidi Bare,al ALB,MF,Espanyol,23,1997,16.5,1038,51,275,633,137,14,1038,16,9,56.3,7,43.8,542,2836,1200,20,19,2,11,11,702,15,Matches,03049c8c
56,Kike Barja,es ESP,MFFW,Osasuna,24,1997,9.6,525,5,48,216,270,33,525,57,34,59.6,23,40.4,343,2315,926,34,19,5,37,28,390,92,Matches,aad53e64
57,Antonio Barragán,es ESP,DF,Elche,34,1987,11.3,635,59,260,272,105,2,635,1,0,0,1,100,282,917,445,7,3,0,9,1,353,30,Matches,487d9b09
58,Ander Barrenetxea,es ESP,FWMF,Real Sociedad,19,2001,6.1,275,5,43,117,120,24,275,37,15,40.5,22,59.5,183,1147,577,20,11,10,23,16,203,72,Matches,200e89e1
59,Marc Bartra,es ESP,DF,Betis,30,1991,22.1,1397,198,769,579,52,24,1397,8,7,87.5,1,12.5,754,3315,1865,14,10,2,12,4,862,5,Matches,b742cc0d
60,Álvaro Bastida,es ESP,MF,Cádiz,17,2004,2.2,66,2,12,45,9,0,66,0,0,,0,,32,102,40,0,1,0,0,0,39,0,Matches,42a028c5
61,Rodrigo Battaglia,ar ARG,MF,Mallorca,30,1991,13.1,663,52,193,394,82,14,663,15,10,66.7,5,33.3,317,1671,932,19,9,1,12,11,336,2,Matches,d637fc22
62,Jon Bautista,es ESP,MF,Real Sociedad,26,1995,0.5,15,1,2,8,5,1,15,1,1,100,0,0,4,16,6,0,0,0,0,1,6,1,Matches,debc6b55
63,Bebé,cv CPV,FW,Rayo Vallecano,31,1990,9.6,497,8,47,184,286,21,497,48,29,60.4,19,39.6,299,2819,1333,54,46,10,41,19,330,80,Matches,d8712bf9
64,Héctor Bellerín,es ESP,DF,Betis,26,1995,22,1285,68,365,573,357,41,1285,42,22,52.4,20,47.6,596,3170,1755,43,32,7,26,8,726,103,Matches,f874dd44
65,Fran Beltrán,es ESP,MF,Celta Vigo,22,1999,28.9,2177,63,582,1351,262,5,2177,27,19,70.4,8,29.6,1317,6821,2801,18,33,2,31,20,1509,22,Matches,ed5c5fa3
66,Darío Benedetto,ar ARG,FWMF,Elche,31,1990,6.6,177,0,11,100,69,20,177,18,10,55.6,8,44.4,110,508,144,6,6,0,16,4,128,25,Matches,bef0a7ac
67,Iker Benito,es ESP,FWMF,Osasuna,18,2002,1.3,52,1,9,22,21,0,52,6,2,33.3,4,66.7,30,154,78,2,1,0,4,4,29,7,Matches,50cbc806
68,Pedro Benito,es ESP,FW,Cádiz,21,2000,0.3,7,0,0,4,3,0,7,0,0,,0,,6,21,8,1,0,0,2,0,6,1,Matches,a7416105
69,Karim Benzema,fr FRA,FW,Real Madrid,33,1987,28.8,1501,15,59,510,942,224,1490,51,36,70.6,15,29.4,976,4819,2440,88,66,41,35,24,1275,252,Matches,70d74ece
70,Yuri Berchiche,es ESP,DF,Athletic Club,31,1990,11.3,755,33,223,346,196,12,755,11,8,72.7,3,27.3,371,2210,1270,33,27,2,13,7,416,46,Matches,b6e50615
71,Álex Berenguer,es ESP,MF,Athletic Club,26,1995,24.1,1225,22,160,446,633,81,1224,71,33,46.5,38,53.5,633,3718,1831,59,39,16,70,36,795,202,Matches,dc1c2fce
72,Pedro Bigas,es ESP,DF,Elche,30,1990,17.2,1114,119,581,487,50,11,1114,6,2,33.3,4,66.7,589,2971,1781,14,10,0,12,0,739,5,Matches,697295b1
73,Blanco,es ESP,MF,Real Madrid,21,2000,0.3,25,1,13,12,2,0,25,1,1,100,0,0,13,79,32,1,2,0,0,1,15,0,Matches,506daeac
74,Yassine Bounou,ma MAR,GK,Sevilla,30,1991,31,1127,1037,1125,2,0,0,1127,1,1,100,0,0,603,2756,1438,0,0,0,1,0,571,0,Matches,f6798fc3
75,Lucas Boyé,ar ARG,FW,Elche,25,1996,19,796,25,62,419,331,75,796,88,57,64.8,31,35.2,533,2800,919,37,32,18,142,78,613,89,Matches,d49f3e6b
76,Martin Braithwaite,dk DEN,FW,Barcelona,30,1991,2.6,82,3,7,41,35,12,82,3,2,66.7,1,33.3,49,300,146,5,3,3,8,5,67,24,Matches,fd771f95
77,Darko Brašanac,rs SRB,MF,Osasuna,29,1992,26.7,1129,29,158,511,470,79,1129,27,15,55.6,12,44.4,565,2561,1319,42,36,6,43,26,713,167,Matches,4accb7e0
78,Claudio Bravo,cl CHI,GK,Betis,38,1983,16.2,534,435,531,3,0,0,534,0,0,,0,,285,1594,989,0,0,0,0,0,224,0,Matches,10072610
79,Yan Brice Eteki,cm CMR,MF,Granada,23,1997,3.8,169,15,32,106,32,1,169,3,1,33.3,2,66.7,82,332,116,2,1,0,6,7,87,0,Matches,3d688b46
80,Bryan,es ESP,MFFW,Valencia,20,2001,8.4,379,6,55,107,226,30,379,35,17,48.6,18,51.4,240,1797,774,22,17,10,48,11,242,64,Matches,7b5ab7f2
81,Ante Budimir,hr CRO,FW,Osasuna,30,1991,19.3,606,21,48,266,300,92,604,31,11,35.5,20,64.5,285,1235,429,19,12,5,62,28,420,90,Matches,8f3565b3
82,Sergio Busquets,es ESP,MF,Barcelona,33,1988,35.5,3086,80,543,2055,498,23,3086,26,21,80.8,5,19.2,1725,6238,3114,24,33,0,20,15,2260,36,Matches,5ab0ea87
83,Adrián Butzke,es ESP,FW,Granada,22,1999,0,1,0,0,1,0,0,1,0,0,,0,,1,1,0,0,0,0,0,0,1,0,Matches,505dce2b
84,Erick Cabaco,uy URU,DF,Getafe,26,1995,4.5,201,16,81,109,13,2,201,0,0,,0,,99,520,290,3,1,0,1,0,117,1,Matches,e7ab4179
85,Leandro Cabrera,uy URU,DF,Espanyol,30,1991,37,2329,421,1268,982,90,27,2329,5,1,20,4,80,1088,4244,2057,5,6,0,16,3,1399,5,Matches,69cbc8b6
86,Martín Cáceres,uy URU,DF,Levante,34,1987,7.4,395,27,175,190,36,4,395,1,1,100,0,0,226,1114,674,9,6,1,4,1,257,5,Matches,e94d79e3
87,Cala,es ESP,DF,Cádiz,31,1989,10.5,401,68,240,155,9,7,401,1,1,100,0,0,172,744,369,0,0,0,3,3,187,2,Matches,fe05804b
88,Calderón,es ESP,DF,Betis,21,2000,0.7,51,2,12,20,19,1,51,0,0,,0,,30,213,110,5,3,0,1,0,36,4,Matches,da4e70e5
89,Fernando Calero,es ESP,DF,Espanyol,25,1995,12.1,753,80,377,363,19,4,753,5,4,80,1,20,379,1683,1017,2,4,0,8,1,471,2,Matches,41b3069f
90,Víctor Camarasa,es ESP,MFFW,Betis,27,1994,1.2,69,3,16,39,14,2,69,1,0,0,1,100,38,248,109,0,0,1,5,0,45,4,Matches,b2d03887
91,Eduardo Camavinga,fr FRA,MF,Real Madrid,18,2002,13.7,1013,34,232,569,223,22,1013,32,22,68.8,10,31.3,670,3436,1798,30,24,3,16,10,767,33,Matches,7b9c2d84
92,José Campaña,es ESP,MF,Levante,28,1993,15.8,1021,32,214,565,260,19,1020,35,21,60,14,40,574,3337,1783,37,30,4,21,10,687,55,Matches,61220da2
93,Sergio Canales,es ESP,FWMF,Betis,30,1991,31,2105,21,245,1113,774,72,2105,57,29,50.9,28,49.1,1356,8273,4332,99,80,10,50,41,1704,166,Matches,a6de370d
94,Álex Cantero,es ESP,FWMF,Levante,21,2000,6.8,193,4,22,76,99,28,193,15,8,53.3,7,46.7,129,955,500,14,8,4,16,8,144,45,Matches,4aa253fd
95,Ander Capa,es ESP,DF,Athletic Club,29,1992,0,3,0,1,1,1,0,3,0,0,,0,,3,26,18,1,1,0,0,0,3,1,Matches,37f1cf47
96,Étienne Capoue,fr FRA,MF,Villarreal,33,1988,25.4,1577,86,358,1007,235,15,1577,54,40,74.1,14,25.9,980,5643,3003,44,40,2,23,14,1125,29,Matches,5acc4a10
97,Isaac Carcelen,es ESP,DFMF,Cádiz,28,1993,17.2,949,61,330,416,210,13,949,24,11,45.8,13,54.2,437,2149,1150,29,20,5,28,14,440,32,Matches,c4b888df
98,Cárdenas,es ESP,GK,Levante,24,1997,24,800,706,793,8,0,0,800,0,0,,0,,380,1905,1290,0,0,0,0,0,301,0,Matches,e1846dde
99,Carlo,es ESP,MF,Villarreal,20,2001,0.1,5,0,1,3,1,0,5,0,0,,0,,4,38,27,2,0,0,0,0,4,0,Matches,8249ff06
100,Diego Carlos,br BRA,DF,Sevilla,28,1993,32.9,2488,372,1404,1019,68,36,2488,4,2,50,2,50,1548,5129,2452,1,3,0,14,2,1811,5,Matches,b4a014b1
101,Carmona,es ESP,DF,Sevilla,19,2002,0.3,14,2,9,4,1,1,14,1,1,100,0,0,4,50,27,1,1,1,0,0,5,1,Matches,2dce876a
102,Yannick Carrasco,be BEL,FWMF,Atlético Madrid,27,1993,28.7,1567,27,213,570,811,140,1565,136,88,64.7,48,35.3,929,6652,3664,141,80,69,77,52,1041,263,Matches,de39485a
103,Guido Carrillo,ar ARG,FW,Elche,30,1991,13,454,30,58,237,165,40,454,14,8,57.1,6,42.9,177,906,247,5,11,1,34,15,314,47,Matches,8f898ba8
104,Dani Carvajal,es ESP,DF,Real Madrid,29,1992,17.2,1366,73,399,527,451,37,1366,18,10,55.6,8,44.4,749,3038,1414,29,33,6,24,9,907,108,Matches,4958bfb2
105,William Carvalho,pt POR,MF,Betis,29,1992,20.1,1542,31,231,1039,291,41,1542,70,48,68.6,22,31.4,929,4314,2230,39,23,8,23,27,1172,39,Matches,dee86451
106,Casemiro,br BRA,MF,Real Madrid,29,1992,28.5,2354,156,707,1300,366,29,2354,27,19,70.4,8,29.6,1338,4641,2455,23,23,4,33,14,1608,30,Matches,4d224fe8
107,Kiko Casilla,es ESP,GK,Elche,34,1986,14,514,431,512,2,0,0,514,0,0,,0,,249,1237,679,0,0,0,1,0,181,0,Matches,58bc7d18
108,Catena,es ESP,DF,Rayo Vallecano,26,1994,36,2047,296,1137,862,57,42,2047,5,5,100,0,0,1030,4544,2716,13,2,0,9,6,1232,6,Matches,274ab13c
109,Dani Ceballos,es ESP,MF,Real Madrid,24,1996,3.1,313,7,69,172,76,9,313,11,5,45.5,6,54.5,217,1228,578,6,8,1,10,1,248,8,Matches,c0617e2b
110,Franco Cervi,ar ARG,MF,Celta Vigo,27,1994,20,1051,15,198,458,403,47,1051,39,20,51.3,19,48.7,509,2523,1108,35,20,7,46,21,594,86,Matches,5e1028e5
111,Chapela,es ESP,MFFW,Cádiz,22,1999,4.4,127,7,41,52,39,5,127,5,3,60,2,40,70,468,269,6,5,0,8,3,65,12,Matches,9ed40a69
112,Chema,es ESP,MF,Getafe,29,1992,0.5,17,1,5,10,2,0,17,0,0,,0,,5,15,12,0,0,0,0,0,7,0,Matches,7f203b54
113,Denis Cheryshev,ru RUS,MFFW,Valencia,30,1990,6.3,251,8,43,90,124,24,251,11,6,54.5,5,45.5,132,674,324,14,9,4,16,3,126,36,Matches,0ac94a23
114,Samuel Chukwueze,ng NGA,MFFW,Villarreal,22,1999,14.8,681,4,71,243,383,111,681,125,66,52.8,59,47.2,499,3634,2019,89,42,55,47,20,520,164,Matches,b8a642fc
115,Víctor Chust,es ESP,DF,Cádiz,21,2000,20.3,984,125,525,427,41,18,984,5,4,80,1,20,515,3479,1915,17,6,0,3,1,566,1,Matches,ec1a731e
116,Jasper Cillessen,nl NED,GK,Valencia,32,1989,16.2,484,403,482,2,0,0,484,0,0,,0,,253,1543,1115,0,0,0,0,0,178,0,Matches,04ac8285
117,Pathé Ciss,sn SEN,MF,Rayo Vallecano,27,1994,12.2,696,42,193,436,74,6,696,15,10,66.7,5,33.3,349,1739,780,8,13,0,12,11,372,6,Matches,9a0408b6
118,Carlos Clerc,es ESP,DF,Levante,29,1992,16.8,1032,51,376,459,212,15,1032,33,23,69.7,10,30.3,509,2962,1616,45,24,3,15,6,573,56,Matches,33a61a52
119,Coke,es ESP,DF,Levante,34,1987,1.3,85,8,40,25,22,3,85,3,2,66.7,1,33.3,35,163,86,1,1,0,1,0,40,5,Matches,6d8f8441
120,Álex Collado,es ESP,MFFW,Granada,22,1999,11.3,550,13,80,241,238,19,550,38,14,36.8,24,63.2,287,1654,671,20,23,7,29,19,308,32,Matches,85dace26
121,Eray Cömert,ch SUI,DF,Valencia,23,1998,4.5,228,21,119,105,6,4,228,0,0,,0,,137,803,388,1,0,0,3,0,142,1,Matches,1.59E+21
122,Santi Comesaña,es ESP,MF,Rayo Vallecano,24,1996,29.8,1837,68,405,1138,325,58,1837,64,48,75,16,25,967,4828,2760,46,44,3,45,35,1179,50,Matches,5ae499d0
123,Diego Conde,es ESP,GK,Getafe,22,1998,0.1,6,5,6,0,0,0,6,0,0,,0,,2,12,11,0,0,0,0,0,2,0,Matches,4eae5bc4
124,Francis Coquelin,fr FRA,MF,Villarreal,30,1991,9.2,590,19,97,305,196,21,590,20,17,85,3,15,364,1782,837,14,12,2,13,17,420,39,Matches,a6951bf8
125,Jesús Corona,mx MEX,FWDF,Sevilla,28,1993,12.9,736,6,108,279,353,49,736,44,19,43.2,25,56.8,466,2141,1131,37,19,13,36,29,562,130,Matches,fb938d24
126,Ángel Correa,ar ARG,FWMF,Atlético Madrid,26,1995,20.6,901,6,87,342,483,130,901,55,32,58.2,23,41.8,543,2392,1138,38,24,20,73,48,682,149,Matches,01eb744d
127,Thierry Correia,pt POR,DF,Valencia,22,1999,15.7,834,38,280,321,238,13,834,22,11,50,11,50,378,2024,1077,27,16,1,28,8,383,66,Matches,c78b352d
128,Hélder Costa,ao ANG,MFFW,Valencia,27,1994,12.4,465,12,98,150,226,32,465,58,23,39.7,35,60.3,270,1982,1119,39,18,8,35,22,276,80,Matches,f13d02a6
129,Jaume Costa,es ESP,DF,Mallorca,33,1988,20.3,1191,71,341,473,385,19,1191,14,9,64.3,5,35.7,550,2677,1570,39,33,1,15,6,609,108,Matches,808d48f3
130,Thibaut Courtois,be BEL,GK,Real Madrid,29,1992,36,1200,1033,1194,6,0,0,1200,0,0,,0,,748,3704,2237,0,0,0,1,0,661,0,Matches,1840e36d
131,Philippe Coutinho,br BRA,MFFW,Barcelona,29,1992,5.6,403,4,25,160,222,23,402,19,13,68.4,6,31.6,290,1660,792,22,27,8,19,16,347,49,Matches,0ef89a37
132,Cristo,es ESP,DF,Real Sociedad,21,2000,0.2,14,0,3,6,5,0,14,2,0,0,2,100,9,45,19,1,0,0,0,0,8,1,Matches,ad81ba78
133,Juan Cruz Armada,es ESP,DF,Osasuna,29,1992,21.5,1097,98,459,579,70,6,1097,13,10,76.9,3,23.1,585,3251,1598,16,9,2,10,11,639,12,Matches,a56da3ba
134,Marc Cucurella,es ESP,MFDF,Getafe,23,1998,0.3,24,0,2,7,17,2,24,1,1,100,0,0,16,136,105,2,3,1,0,0,14,3,Matches,1daec722
135,Jorge Cuenca,es ESP,DF,Getafe,21,1999,29.8,1440,177,748,654,48,26,1440,6,3,50,3,50,663,2483,1095,4,8,0,14,3,715,6,Matches,0abc51f2
136,Matheus Cunha,br BRA,FW,Atlético Madrid,22,1999,11.8,382,13,40,165,181,60,382,12,7,58.3,5,41.7,201,1005,515,16,10,8,33,12,246,61,Matches,dc62b55d
137,Arnaut Danjuma,nl NED,FW,Villarreal,24,1997,16.4,549,6,34,130,391,124,546,61,33,54.1,28,45.9,391,2698,1480,71,27,52,33,18,443,172,Matches,f08490a6
138,Sergi Darder,es ESP,MF,Espanyol,27,1993,34.7,2002,61,385,1186,461,38,2002,77,53,68.8,24,31.2,1288,8511,4410,94,75,11,38,32,1531,65,Matches,070a3904
139,Rodrigo De Paul,ar ARG,MF,Atlético Madrid,27,1994,23.9,1659,29,279,984,415,20,1659,38,25,65.8,13,34.2,973,5519,2768,65,59,5,35,31,1161,53,Matches,162efffd
140,Thomas Delaney,dk DEN,MF,Sevilla,29,1991,17.2,974,63,282,540,157,25,974,9,6,66.7,3,33.3,474,1727,838,14,13,1,11,6,634,17,Matches,fe641c1a
141,Ousmane Dembélé,fr FRA,FW,Barcelona,24,1997,15.7,1019,5,62,320,649,84,1019,90,59,65.6,31,34.4,740,6233,3396,128,86,51,37,28,813,201,Matches,b19db005
142,Yusuf Demir,at AUT,FW,Barcelona,18,2003,2.1,113,2,16,29,70,9,113,9,5,55.6,4,44.4,70,319,117,3,4,2,8,5,80,17,Matches,fa265f6d
143,Sergiño Dest,us USA,DFFW,Barcelona,20,2000,16.8,1183,27,255,527,418,48,1183,66,37,56.1,29,43.9,758,4574,2643,75,40,23,33,24,846,158,Matches,5976f83e
144,Boulaye Dia,sn SEN,FW,Villarreal,24,1996,14.1,376,3,36,153,194,75,376,21,11,52.4,10,47.6,220,1184,501,22,11,9,33,21,290,93,Matches,244bc2c8
145,Mouctar Diakhaby,gn GUI,DF,Valencia,24,1996,21.6,975,154,507,419,59,19,975,19,13,68.4,6,31.6,484,2530,1364,18,8,1,15,4,445,7,Matches,d2110326
146,Javier Díaz,es ESP,GK,Sevilla,24,1997,1,35,32,35,0,0,0,35,0,0,,0,,26,74,49,0,0,0,0,0,23,0,Matches,17a1299d
147,Víctor Díaz,es ESP,DF,Granada,33,1988,16.7,848,117,441,356,58,13,848,8,4,50,4,50,403,1700,799,5,8,1,5,0,463,6,Matches,3624ce4c
148,Landry Dimata,be BEL,FWMF,Espanyol,23,1997,6,164,8,13,80,72,20,164,10,6,60,4,40,100,468,175,6,7,4,24,10,132,34,Matches,b5f63410
149,Stole Dimitrievski,mk MKD,GK,Rayo Vallecano,27,1993,30.8,1015,869,1008,7,0,0,1015,0,0,,0,,489,3171,2173,0,0,0,0,0,367,0,Matches,fc70e345
150,Matías Dituro,ar ARG,GK,Celta Vigo,34,1987,38,1529,1306,1516,11,2,0,1529,0,0,,0,,814,4088,2700,0,0,0,2,0,719,0,Matches,b6160ad0
151,Djené,tg TOG,DF,Getafe,29,1991,34.6,1653,187,779,782,101,12,1653,18,18,100,0,0,918,4227,2118,24,21,0,32,9,879,9,Matches,a4971d84
152,Naïs Djouahra,fr FRA,FWMF,Real Sociedad,21,1999,2.4,131,4,16,51,65,7,131,7,3,42.9,4,57.1,81,573,311,14,9,6,9,5,96,18,Matches,3594a357
153,Marko Dmitrović,rs SRB,GK,Sevilla,29,1992,6,237,207,236,1,0,0,237,0,0,,0,,123,405,220,0,0,0,1,0,131,0,Matches,ac295d9e
154,Jaume Doménech,es ESP,GK,Valencia,30,1990,3.8,115,99,113,2,0,0,115,0,0,,0,,48,290,131,0,0,0,0,0,31,0,Matches,c9cb972b
155,Carlos Dominguez,es ESP,DF,Celta Vigo,20,2001,3.8,207,25,123,81,4,3,207,1,1,100,0,0,113,595,393,3,0,0,2,0,122,0,Matches,3521abfe
156,Mario Dominguez,es ESP,FW,Valencia,17,2004,0.3,4,1,2,1,1,0,4,0,0,,0,,2,1,0,0,0,0,0,0,2,1,Matches,d709cd5c
157,John Donald,es ESP,DF,Elche,20,2000,2,112,10,55,53,5,2,112,1,1,100,0,0,53,259,157,2,1,0,1,0,63,1,Matches,5e95c000
158,Domingos Duarte,pt POR,DF,Granada,26,1995,18.7,906,139,490,397,24,15,906,3,2,66.7,1,33.3,409,1938,1008,4,4,0,6,1,485,3,Matches,93090f69
159,Óscar Duarte,cr CRC,DF,Levante,32,1989,19.7,1175,206,686,465,31,25,1175,2,1,50,1,50,585,2568,1365,1,0,0,5,1,702,1,Matches,aa0ac32d
160,Rubén Duarte,es ESP,DF,Alavés,25,1995,29.1,1676,101,535,737,415,16,1676,9,5,55.6,4,44.4,679,2885,1414,35,31,2,20,7,695,46,Matches,1fe0492d
161,Unai Dufur,es ESP,DF,Osasuna,22,1999,1,61,6,16,42,3,2,61,0,0,,0,,36,146,56,0,0,0,0,0,34,0,Matches,c261b5dd
162,Hugo Duro,es ESP,DFMF,Getafe,21,1999,0.1,7,0,0,1,6,4,7,0,0,,0,,5,7,1,0,0,0,0,0,5,1,Matches,37e103f8
163,Hugo Duro,es ESP,FWMF,Valencia,21,1999,20.4,623,24,85,251,290,60,623,25,13,52,12,48,332,1196,454,12,15,8,57,32,413,87,Matches,37e103f8
164,Aritz Elustondo,es ESP,DF,Real Sociedad,27,1994,23.4,1392,162,679,647,75,14,1392,7,6,85.7,1,14.3,755,4470,2496,20,14,0,11,1,819,12,Matches,f7dc2ae5
165,Adri Embarba,es ESP,FWMF,Espanyol,29,1992,22.1,1099,35,191,362,563,46,1099,80,41,51.3,39,48.8,562,3761,1805,75,49,17,56,38,635,134,Matches,db8f0eba
166,Emerson,br BRA,DF,Barcelona,22,1999,1,78,1,17,48,13,0,78,1,0,0,1,100,42,184,73,0,0,0,0,0,54,4,Matches,df8b52a5
167,Youssef En-Nesyri,ma MAR,FW,Sevilla,24,1997,14.2,331,22,49,145,140,58,330,14,4,28.6,10,71.4,142,492,171,7,3,4,25,12,214,57,Matches,04e17fd5
168,Gonzalo Escalante,ar ARG,MF,Alavés,28,1993,14.4,582,37,136,335,115,24,582,9,7,77.8,2,22.2,216,788,372,7,3,0,14,14,255,15,Matches,3f79a1c8
169,Aarón Escandell,es ESP,GK,Granada,25,1995,3.2,137,115,137,0,0,0,137,0,0,,0,,64,402,250,0,0,0,0,0,34,0,Matches,67669ce7
170,Sergio Escudero,es ESP,DFMF,Granada,31,1989,15.9,934,47,281,443,214,14,934,12,3,25,9,75,352,1514,801,17,13,1,19,10,412,37,Matches,b0616e3d
171,Alfonso Espino,uy URU,DF,Cádiz,29,1992,37,2202,149,770,939,529,46,2202,47,24,51.1,23,48.9,929,4757,2546,62,50,9,43,21,965,123,Matches,db001fa9
172,Estanis,es ESP,FW,Barcelona,17,2003,0.1,4,0,2,2,0,0,4,0,0,,0,,0,0,0,0,0,0,1,0,1,0,Matches,ace50e9f
173,Pervis Estupiñán,ec ECU,DF,Villarreal,23,1998,17.5,1262,50,355,501,417,30,1262,35,17,48.6,18,51.4,658,3310,1745,50,29,7,26,14,741,148,Matches,d38fdf53
174,Abdessamad Ezzalzouli,ma MAR,FW,Barcelona,19,2001,6.4,302,1,42,77,193,52,302,59,34,57.6,25,42.4,214,2030,1194,47,21,24,23,12,215,76,Matches,bed68338
175,Radamel Falcao,co COL,FW,Rayo Vallecano,35,1986,9.3,282,12,19,138,126,41,282,10,3,30,7,70,153,598,219,8,6,5,31,11,229,38,Matches,66116290
176,Fali,es ESP,DFMF,Cádiz,27,1993,20,898,122,460,384,56,13,898,1,1,100,0,0,404,1971,1177,9,4,1,10,3,454,6,Matches,72a84002
177,Omar Faraj,se SWE,FW,Levante,19,2002,0,6,0,5,1,1,0,6,0,0,,0,,5,29,0,0,1,0,1,0,2,0,Matches,de627c8a
178,Ansu Fati,es ESP,FW,Barcelona,18,2002,3.7,222,0,10,71,144,34,222,14,4,28.6,10,71.4,151,832,430,20,11,13,18,2,190,49,Matches,0ba976e4
179,Aleix Febas,es ESP,MF,Mallorca,25,1996,1.3,70,2,8,50,13,2,70,3,1,33.3,2,66.7,32,178,103,1,0,0,3,1,48,1,Matches,38126309
180,Nabil Fekir,fr FRA,MF,Betis,28,1993,31,1883,4,108,836,957,127,1883,123,82,66.7,41,33.3,1169,7228,3280,117,81,50,102,81,1437,231,Matches,bece776f
181,Felipe,br BRA,DF,Atlético Madrid,32,1989,16.7,965,117,451,479,37,21,965,3,2,66.7,1,33.3,521,2849,1396,5,3,1,8,2,538,2,Matches,51a3c4c8
182,João Félix,pt POR,FWMF,Atlético Madrid,21,1999,14,600,9,43,285,280,53,600,52,31,59.6,21,40.4,415,2677,1489,42,44,11,29,19,520,82,Matches,8aafd64f
183,Aitor Fernández,es ESP,GK,Levante,30,1991,13,415,356,411,4,0,0,415,0,0,,0,,207,1096,819,0,0,0,0,0,155,0,Matches,a01c3d54
184,Álex Fernández,es ESP,MF,Cádiz,28,1992,22.8,1272,53,272,729,290,26,1270,22,9,40.9,13,59.1,703,3890,2048,48,23,2,29,27,792,44,Matches,aa677a35
185,Fernando,br BRA,MFDF,Sevilla,34,1987,20.6,1415,114,539,742,143,10,1415,11,7,63.6,4,36.4,817,3263,1630,15,28,0,23,6,985,11,Matches,41f32541
186,Fidel,es ESP,MF,Elche,31,1989,25.1,1361,37,236,638,506,49,1360,75,44,58.7,31,41.3,817,4238,2241,64,43,18,62,40,991,136,Matches,eb82b6f1
187,José Fontán,es ESP,DF,Celta Vigo,21,2000,3.1,234,20,89,135,12,1,234,1,1,100,0,0,160,780,478,3,2,0,0,1,167,4,Matches,1827a42d
188,Dimitri Foulquier,fr FRA,DF,Granada,28,1993,2,84,4,21,46,18,0,84,0,0,,0,,32,200,78,2,2,0,3,2,40,5,Matches,45e17712
189,Dimitri Foulquier,fr FRA,DF,Valencia,28,1993,26,1243,67,354,612,289,14,1243,33,23,69.7,10,30.3,584,3750,2078,39,34,3,21,13,557,31,Matches,45e17712
190,Juan Foyth,ar ARG,DF,Villarreal,23,1998,21.4,1409,80,470,713,247,18,1409,40,28,70,12,30,746,4620,2709,48,28,3,25,7,779,35,Matches,6c7762c3
191,Enric Franquesa,es ESP,DFFW,Levante,24,1997,6.9,325,12,86,149,95,4,325,19,10,52.6,9,47.4,145,1043,503,17,13,3,10,8,179,36,Matches,40883e3a
192,Jorge de Frutos,es ESP,MFFW,Levante,24,1997,19.6,754,16,128,279,362,77,754,76,36,47.4,40,52.6,421,2730,1566,60,31,21,51,16,475,153,Matches,38ce1150
193,Javi Galán,es ESP,DF,Celta Vigo,26,1994,36.6,2642,70,724,1190,764,40,2642,125,85,68,40,32,1482,9534,5404,123,83,15,70,37,1596,233,Matches,a4b00319
194,Iñigo Ruiz de Galarreta,es ESP,MF,Mallorca,27,1993,15.3,925,35,176,587,169,5,925,35,26,74.3,9,25.7,455,2042,1069,14,24,1,20,15,556,16,Matches,91f7631f
195,Thiago Galhardo,br BRA,FWMF,Celta Vigo,32,1989,12.8,413,13,40,177,197,51,413,20,8,40,12,60,165,742,323,14,5,0,28,11,287,61,Matches,766f48dd
196,Álvaro García,es ESP,FWMF,Rayo Vallecano,28,1992,33.3,1393,40,248,419,741,154,1393,50,22,44,28,56,759,4974,2696,124,49,58,70,13,888,293,Matches,90bbd822
197,Dani García,es ESP,MF,Athletic Club,31,1990,24.2,1207,57,259,751,206,12,1207,6,4,66.7,2,33.3,535,1778,802,10,11,0,7,9,748,7,Matches,240d3a0b
198,David García,es ESP,DF,Osasuna,27,1994,34.5,1819,237,820,917,88,56,1819,4,3,75,1,25,867,4311,2465,7,5,0,12,3,977,2,Matches,3e42f707
199,Eric García,es ESP,DF,Barcelona,20,2001,22.7,1862,134,681,1136,52,10,1862,3,2,66.7,1,33.3,1301,7382,4972,36,12,2,12,1,1445,3,Matches,2bed3eab
200,Francisco Garcia,es ESP,DF,Rayo Vallecano,21,1999,33.6,2032,94,622,884,556,29,2032,45,22,48.9,23,51.1,996,7686,4553,140,96,9,54,15,1063,141,Matches,7226539b
201,Joan García,es ESP,GK,Espanyol,20,2001,1.2,36,26,33,3,0,0,36,0,0,,0,,19,85,43,0,0,0,0,0,13,0,Matches,87b498b0
202,Manu García,es ESP,MF,Alavés,23,1998,12,693,9,92,412,202,9,693,45,32,71.1,13,28.9,427,2227,1031,23,13,4,31,22,462,30,Matches,6ed1a2a2
203,Raúl García,es ESP,FW,Athletic Club,35,1986,20,795,27,82,372,345,67,794,12,9,75,3,25,370,1173,473,12,20,1,29,15,574,113,Matches,b418dbd4
204,Rubén García,es ESP,MFFW,Osasuna,28,1993,26.4,1550,22,190,628,746,61,1548,47,24,51.1,23,48.9,834,3726,1693,39,52,11,56,18,1004,199,Matches,5c96b017
205,Saúl García,es ESP,MF,Alavés,26,1994,0,5,1,4,0,1,0,5,0,0,,0,,0,0,0,0,0,0,0,0,1,0,Matches,dafa5038
206,Unai García,es ESP,DF,Osasuna,29,1992,15.6,729,101,349,344,43,13,729,4,3,75,1,25,326,1666,1001,12,7,2,10,2,354,5,Matches,4a633cfe
207,Mario Gaspar,es ESP,DF,Villarreal,30,1990,6.9,428,26,138,197,95,14,428,4,3,75,1,25,188,813,526,6,4,0,5,2,252,22,Matches,fb5d47b3
208,Gavi,es ESP,MFFW,Barcelona,16,2004,25.7,1581,16,146,829,624,84,1581,86,53,61.6,33,38.4,1116,5830,2515,72,60,8,61,49,1235,160,Matches,19cae58d
209,Óscar Gil,es ESP,DF,Espanyol,24,1997,18.8,972,55,341,371,267,14,972,27,13,48.1,14,51.9,461,2059,876,23,18,2,38,12,518,75,Matches,6652cf96
210,Mario Gila,es ESP,DF,Real Madrid,20,2000,0.3,24,4,18,6,0,0,24,1,1,100,0,0,11,56,30,0,0,0,0,0,14,0,Matches,9c435456
211,Dani Gómez,es ESP,FW,Levante,23,1998,11.8,361,6,22,158,188,55,361,46,18,39.1,28,60.9,240,1385,552,22,12,15,47,24,270,87,Matches,0e5ddc7c
212,Maxi Gómez,uy URU,FW,Valencia,24,1996,21.7,601,23,40,260,306,78,601,18,5,27.8,13,72.2,323,1338,514,22,14,10,58,19,485,91,Matches,4c2e9442
213,Moi Gómez,es ESP,MFFW,Villarreal,27,1994,14.3,697,10,114,305,288,26,697,22,13,59.1,9,40.9,441,2529,1131,26,20,5,12,18,507,83,Matches,5a626448
214,Papu Gómez,ar ARG,FWMF,Sevilla,33,1988,19.8,1167,22,175,561,443,42,1167,54,28,51.9,26,48.1,837,5751,3052,91,88,13,34,28,932,92,Matches,6e4df551
215,Sergi Gómez,es ESP,DF,Espanyol,29,1992,30.2,1630,264,992,612,31,14,1630,1,1,100,0,0,809,3020,1460,4,2,0,5,3,1082,1,Matches,bc6f5f06
216,Maxime Gonalons,fr FRA,MF,Granada,32,1989,17.2,830,56,241,521,82,7,830,21,14,66.7,7,33.3,447,2599,1094,13,14,2,14,17,471,6,Matches,b8c1de25
217,Diego González,es ESP,DF,Elche,26,1995,19.9,900,146,559,326,18,9,900,1,1,100,0,0,466,2072,1035,6,2,0,5,0,512,1,Matches,4ac7608e
218,Édgar González,es ESP,DF,Betis,24,1997,16.3,1076,127,562,499,20,6,1076,4,4,100,0,0,637,2673,1452,5,5,0,5,1,736,2,Matches,49d028db
219,Giovanni González,uy URU,DF,Mallorca,26,1994,4.1,250,21,67,112,74,9,250,4,3,75,1,25,111,483,238,6,4,1,2,3,125,20,Matches,1fc474ae
220,Nicolás González,es ESP,MF,Barcelona,19,2002,12.4,833,17,113,470,262,27,833,43,34,79.1,9,20.9,522,3052,1582,37,34,7,37,19,623,45,Matches,2c56a792
221,Peter González,do DOM,MFDF,Real Madrid,19,2002,0.3,25,1,5,8,12,2,25,1,1,100,0,0,19,125,62,3,1,2,1,1,18,3,Matches,1ccd3dae
222,Roberto González,es ESP,FWMF,Betis,20,2001,1.5,61,1,8,28,25,2,61,5,2,40,3,60,30,199,66,1,2,0,3,1,39,8,Matches,56545648
223,Gori,es ESP,MF,Espanyol,19,2002,0.1,8,0,1,4,3,0,8,0,0,,0,,4,54,50,1,1,0,0,0,5,0,Matches,f3451c66
224,Andoni Gorosabel,es ESP,DF,Real Sociedad,24,1996,25.4,1676,61,428,810,455,33,1676,34,18,52.9,16,47.1,848,3606,2077,51,39,4,27,14,981,110,Matches,6f5f82c0
225,Jaume Grau,es ESP,MF,Osasuna,24,1997,0,4,0,1,3,0,0,4,0,0,,0,,4,8,7,0,0,0,0,0,3,0,Matches,fc3d2006
226,Dominik Greif,sk SVK,GK,Mallorca,24,1997,1,33,32,33,0,0,0,33,0,0,,0,,17,65,45,0,0,0,0,0,11,0,Matches,30061f53
227,Clément Grenier,fr FRA,MF,Mallorca,30,1991,0.7,48,1,12,23,14,4,48,1,0,0,1,100,22,73,18,1,1,1,0,1,31,2,Matches,8b298f56
228,Antoine Griezmann,fr FRA,FW,Barcelona,30,1991,2.9,143,5,25,79,40,7,143,7,3,42.9,4,57.1,86,537,248,5,5,1,5,9,105,15,Matches,df69b544
229,Antoine Griezmann,fr FRA,FWMF,Atlético Madrid,30,1991,18.8,890,16,102,423,377,70,890,29,19,65.5,10,34.5,474,2408,1114,39,33,10,33,24,657,126,Matches,df69b544
230,Andrés Guardado,mx MEX,MF,Betis,34,1986,15.5,1108,47,273,712,135,13,1108,10,6,60,4,40,639,3064,1709,13,10,0,15,4,745,17,Matches,ef322658
231,Sergi Guardiola,es ESP,FW,Rayo Vallecano,30,1991,19,610,19,51,245,322,85,609,20,13,65,7,35,345,1626,575,23,17,14,58,32,460,114,Matches,32974271
232,Nemanja Gudelj,rs SRB,DFMF,Sevilla,29,1991,11.6,791,88,396,369,30,3,791,0,0,,0,,440,1981,1006,6,6,1,7,2,526,5,Matches,0076ab7f
233,Gonçalo Guedes,pt POR,FWMF,Valencia,24,1996,29,1208,5,81,431,723,88,1206,124,64,51.6,60,48.4,814,5982,3060,93,79,21,99,46,916,245,Matches,e6bc67d7
234,Ander Guevara,es ESP,MF,Real Sociedad,24,1997,9.6,693,28,177,438,85,9,693,4,3,75,1,25,385,1932,1080,8,5,3,10,4,476,11,Matches,8e48dc61
235,John Guidetti,se SWE,FWMF,Alavés,29,1992,3.1,103,0,4,39,61,15,103,6,4,66.7,2,33.3,55,208,70,1,3,1,6,2,74,21,Matches,99bebd12
236,Hugo Guillamón,es ESP,MFDF,Valencia,21,2000,26.2,1333,83,398,767,178,10,1333,16,10,62.5,6,37.5,684,3156,1535,11,16,2,27,21,738,19,Matches,f7c12fbf
237,Gerard Gumbau,es ESP,MF,Elche,26,1994,21,1261,41,295,715,265,7,1261,13,7,53.8,6,46.2,615,2699,1262,17,17,0,23,6,795,16,Matches,ac454a4f
238,Jon Guridi,es ESP,MF,Real Sociedad,26,1995,2.3,111,6,14,68,29,6,111,9,5,55.6,4,44.4,67,257,123,3,2,1,5,0,72,5,Matches,4c0a6a48
239,Raúl Guti,es ESP,MF,Elche,24,1996,18.1,931,18,187,578,176,14,931,21,11,52.4,10,47.6,568,2587,1148,21,14,0,20,15,674,25,Matches,0b2c8585
240,Marcos Mauro López Gutiérrez,ar ARG,DF,Cádiz,30,1991,1.5,41,11,21,19,1,1,41,0,0,,0,,9,26,5,0,0,0,0,0,9,0,Matches,b3b62f94
241,Miguel Gutiérrez,es ESP,DF,Real Madrid,20,2001,2.9,204,9,70,85,52,3,204,9,6,66.7,3,33.3,138,802,267,9,4,2,1,2,143,10,Matches,7e98cff1
242,Munir El Haddadi,ma MAR,FWMF,Sevilla,25,1995,5.3,205,3,29,90,87,17,205,8,2,25,6,75,111,434,165,3,5,0,17,9,135,28,Matches,8696bc90
243,Varazdat Haroyan,am ARM,DF,Cádiz,28,1992,16,590,94,348,225,20,7,590,4,3,75,1,25,253,1103,511,5,1,0,6,1,259,5,Matches,be32269e
244,Eden Hazard,be BEL,FWMF,Real Madrid,30,1991,8,472,1,42,149,290,64,472,31,25,80.6,6,19.4,350,2170,1148,41,25,17,21,11,416,99,Matches,a39bb753
245,Kike Hermoso,es ESP,DF,Betis,21,1999,1,73,7,52,19,2,2,73,1,1,100,0,0,48,170,97,1,0,0,1,0,48,0,Matches,dea912dc
246,Mario Hermoso,es ESP,DF,Atlético Madrid,26,1995,20.7,1479,84,542,757,189,27,1479,11,8,72.7,3,27.3,831,3894,2385,38,30,2,10,5,955,21,Matches,555f3a0b
247,Aridane Hernández,gq EQG,DF,Osasuna,32,1989,12.9,671,87,353,307,13,4,671,3,2,66.7,1,33.3,343,1446,589,1,0,0,4,2,363,1,Matches,132ac341
248,Luis Hernández,es ESP,DF,Cádiz,32,1989,15.2,887,70,373,396,121,15,887,0,0,,0,,384,1644,1044,7,2,0,3,1,528,4,Matches,02d2c436
249,Mario Hernández,es ESP,DFFW,Rayo Vallecano,22,1999,4.4,251,6,71,121,61,2,251,6,2,33.3,4,66.7,104,459,267,4,3,0,9,3,129,10,Matches,90162357
250,Héctor Herrera,mx MEX,MF,Atlético Madrid,31,1990,9.5,773,30,157,499,123,7,773,19,16,84.2,3,15.8,439,2196,1096,14,12,0,14,3,522,15,Matches,a8542814
251,Sergio Herrera,es ESP,GK,Osasuna,28,1993,36,1253,925,1240,13,0,0,1253,3,3,100,0,0,598,4274,2444,0,0,0,3,0,416,0,Matches,a4995f48
252,Yangel Herrera,ve VEN,MF,Espanyol,23,1998,18.3,1094,51,263,661,179,24,1094,30,19,63.3,11,36.7,568,2134,868,12,16,0,27,23,727,34,Matches,e778654a
253,Matthew Hoppe,us USA,FWMF,Mallorca,20,2001,1.5,47,0,5,23,19,3,47,3,0,0,3,100,28,92,23,0,0,0,3,4,38,9,Matches,1bc432b7
254,Robert Ibáñez,es ESP,MFFW,Osasuna,28,1993,1,59,0,12,14,33,7,59,2,2,100,0,0,33,127,77,1,1,0,4,3,39,9,Matches,c7429db3
255,Vicente Iborra,es ESP,MF,Villarreal,33,1988,11.5,736,48,211,442,87,11,736,4,2,50,2,50,418,1636,803,5,8,0,6,5,498,7,Matches,ad1ffcfd
256,Oussama Idrissi,ma MAR,MFFW,Sevilla,25,1996,1.4,65,1,5,17,43,5,65,10,8,80,2,20,48,310,147,3,7,2,2,3,55,16,Matches,34caa4b3
257,Oussama Idrissi,ma MAR,MF,Cádiz,25,1996,10,493,5,54,186,255,43,493,42,23,54.8,19,45.2,299,2236,1215,37,31,15,16,16,327,83,Matches,34caa4b3
258,Iglesias,es ESP,DF,Getafe,23,1998,8,445,25,134,210,104,3,445,9,5,55.6,4,44.4,176,1048,432,15,7,1,13,7,168,24,Matches,974322dc
259,Borja Iglesias,es ESP,FW,Betis,28,1993,17.5,510,8,26,215,272,84,507,32,13,40.6,19,59.4,281,1367,456,18,7,11,46,30,392,102,Matches,75645f0e
260,Asier Illarramendi,es ESP,MF,Real Sociedad,31,1990,4.2,341,17,103,201,39,0,341,7,3,42.9,4,57.1,175,703,236,0,5,0,4,6,228,5,Matches,5ce0b5ba
261,Nikita Iosifov,ru RUS,MF,Villarreal,20,2001,0,4,0,0,0,4,1,4,1,1,100,0,0,3,18,9,0,0,0,0,0,4,3,Matches,4c2fa917
262,Alexander Isak,se SWE,FW,Real Sociedad,21,1999,23.8,696,13,44,240,431,130,694,88,44,50,44,50,473,3304,1432,58,48,29,56,36,540,160,Matches,8e92be30
263,Isco,es ESP,MFFW,Real Madrid,29,1992,3.7,315,2,37,163,122,20,315,25,17,68,8,32,224,1373,659,16,11,4,10,7,260,17,Matches,a0b4bb3e
264,Nicolas Jackson,sn SEN,FWMF,Villarreal,20,2001,1.8,78,1,3,32,47,16,78,6,4,66.7,2,33.3,46,392,177,6,5,4,9,6,65,20,Matches,9c36ed83
265,Jakub Jankto,cz CZE,DFMF,Getafe,25,1996,6.5,298,8,61,148,94,10,298,6,4,66.7,2,33.3,142,789,371,8,6,1,8,4,165,32,Matches,1ea5f91c
266,Adnan Januzaj,be BEL,FWMF,Real Sociedad,26,1995,18.1,1037,19,100,425,526,51,1035,79,46,58.2,33,41.8,633,4080,1906,65,61,20,79,45,730,140,Matches,4737cebe
267,Jason,es ESP,MFFW,Alavés,27,1994,7.5,299,4,52,98,155,10,299,18,5,27.8,13,72.2,125,783,366,11,9,2,13,7,149,31,Matches,9038c2a1
268,Jason,es ESP,MFDF,Valencia,27,1994,0.8,48,1,11,14,23,4,48,3,3,100,0,0,31,284,166,4,5,0,2,4,29,6,Matches,9038c2a1
269,Luis Javier Suárez,co COL,FW,Granada,23,1997,31.6,1046,28,85,442,532,111,1045,79,44,55.7,35,44.3,595,3573,1588,62,48,26,103,42,750,196,Matches,eeba07f8
270,Álvaro Jiménez,es ESP,MFFW,Cádiz,26,1995,2.6,112,1,13,31,70,7,112,15,8,53.3,7,46.7,67,524,240,11,5,5,9,2,70,19,Matches,5f5501ed
271,Joaquín,es ESP,FWMF,Betis,40,1981,5.2,345,11,40,131,179,20,345,30,17,56.7,13,43.3,198,1255,734,31,20,9,6,7,230,46,Matches,4c5b14d2
272,Jofre,es ESP,MFDF,Espanyol,20,2001,0.2,13,0,0,2,11,2,13,1,0,0,1,100,10,84,45,1,2,1,1,0,11,7,Matches,030ef8d6
273,Frenkie de Jong,nl NED,MF,Barcelona,24,1997,27.5,1876,35,261,1141,498,66,1876,60,51,85,9,15,1264,7247,4393,78,71,8,37,28,1484,121,Matches,1bacc518
274,Luuk de Jong,nl NED,FW,Barcelona,30,1990,7.3,280,13,29,138,116,45,280,4,3,75,1,25,155,436,170,4,3,3,28,15,216,48,Matches,abb3bb95
275,Joan Jordán,es ESP,MF,Sevilla,27,1994,27.9,2062,53,457,1172,444,23,2062,37,23,62.2,14,37.8,1139,4217,1739,17,34,3,36,21,1520,64,Matches,2a0c8ba4
276,Josan,es ESP,DFMF,Elche,31,1989,13.5,690,27,184,265,249,30,690,46,27,58.7,19,41.3,375,2626,1232,42,23,7,21,17,401,82,Matches,5b28b2f6
277,Willian José,br BRA,FW,Betis,29,1991,17.8,693,21,64,364,270,52,690,16,6,37.5,10,62.5,363,1686,571,18,12,8,36,36,536,100,Matches,d87e2cae
278,Joselu,es ESP,FW,Alavés,31,1990,34.7,1483,51,109,733,647,159,1476,51,18,35.3,33,64.7,691,2177,604,27,19,19,79,34,1156,137,Matches,6265208f
279,Josema,es ESP,DF,Elche,25,1996,2,85,12,39,37,11,0,85,0,0,,0,,29,142,95,1,2,0,4,0,33,0,Matches,ed3f5f4c
280,Luka Jović,rs SRB,FW,Real Madrid,23,1997,4.1,121,4,15,53,53,25,121,6,3,50,3,50,71,335,153,4,2,1,9,6,85,17,Matches,4d8cd038
281,Miguel Juan Llambrich,es ESP,DF,Espanyol,25,1996,0.8,60,4,28,24,8,0,60,3,2,66.7,1,33.3,29,87,36,1,0,0,2,0,35,7,Matches,d83f09ff
282,José Juan Macías,mx MEX,FWMF,Getafe,21,1999,2.2,71,0,4,31,37,8,71,10,5,50,5,50,46,176,61,1,3,0,10,2,57,19,Matches,1f1c8a15
283,Juanmi,es ESP,FW,Betis,28,1993,23.7,773,20,117,330,346,84,773,44,29,65.9,15,34.1,414,2222,973,26,21,14,73,29,492,107,Matches,84399660
284,Lago Junior,ci CIV,FWMF,Mallorca,30,1990,2,74,1,13,18,44,10,74,8,3,37.5,5,62.5,57,433,225,13,2,8,3,6,63,17,Matches,360d70f8
285,Vinicius Júnior,br BRA,FW,Real Madrid,21,2000,29.9,1729,7,149,434,1172,228,1729,209,95,45.5,114,54.5,1373,10475,6171,225,119,110,86,59,1476,485,Matches,7111d552
286,Jutglà,es ESP,FW,Barcelona,22,1999,3.3,154,1,11,63,80,13,154,5,2,40,3,60,79,436,193,10,3,6,5,3,127,38,Matches,2a9f6b4d
287,Jens Jønsson,dk DEN,MF,Cádiz,28,1993,14.5,487,52,171,241,79,15,487,10,8,80,2,20,213,1034,246,4,8,1,18,4,201,13,Matches,53520a67
288,Lee Kangin,kr KOR,MFFW,Mallorca,20,2001,15.7,775,8,95,358,337,23,775,61,38,62.3,23,37.7,453,2291,950,32,25,5,47,32,532,64,Matches,8455ad90
289,Kike,es ESP,FW,Osasuna,31,1989,20.7,761,13,53,328,387,105,760,35,13,37.1,22,62.9,459,2281,537,26,18,10,84,37,606,144,Matches,e897d8ba
290,Koba Koindredi,fr FRA,MF,Valencia,19,2001,2,79,5,22,38,19,2,79,3,2,66.7,1,33.3,42,236,124,2,2,0,6,3,44,5,Matches,3a58d075
291,Koke,es ESP,MF,Atlético Madrid,29,1992,27.9,1987,47,384,1189,422,27,1987,18,13,72.2,5,27.8,1074,4383,2328,28,40,1,25,32,1508,53,Matches,55126f3b
292,Luca Koleosho,ca CAN,FW,Espanyol,16,2004,0,2,1,1,0,1,0,2,0,0,,0,,1,8,7,0,0,0,0,0,1,0,Matches,fc076f78
293,Geoffrey Kondogbia,cf CTA,MFDF,Atlético Madrid,28,1993,20.9,1233,53,312,783,151,6,1233,33,29,87.9,4,12.1,654,3314,1479,11,11,0,29,26,754,7,Matches,cce181df
294,Jules Koundé,fr FRA,DF,Sevilla,22,1998,30.4,2438,323,1167,1064,225,49,2438,39,24,61.5,15,38.5,1509,7432,4826,48,41,7,27,12,1728,35,Matches,4d1666ff
295,Toni Kroos,de GER,MF,Real Madrid,31,1990,23.4,2386,49,474,1370,559,23,2386,17,9,52.9,8,47.1,1591,6828,3517,40,46,4,8,11,1965,38,Matches,6ce1f46f
296,Takefusa Kubo,jp JPN,FWMF,Mallorca,20,2001,17.8,758,8,111,298,364,63,758,64,40,62.5,24,37.5,486,3301,1735,65,31,25,59,30,513,107,Matches,16aa3654
297,Víctor Laguardia,es ESP,DF,Alavés,31,1989,33.8,1546,233,826,698,33,20,1546,0,0,,0,,710,2582,1121,2,2,0,9,2,749,3,Matches,b7c99b9b
298,Diego Lainez,mx MEX,FW,Betis,21,2000,1.6,76,1,7,30,39,5,76,9,6,66.7,3,33.3,47,309,158,4,4,1,3,8,57,11,Matches,bf12926c
299,Érik Lamela,ar ARG,FWMF,Sevilla,29,1992,11.3,628,5,67,261,303,49,628,34,18,52.9,16,47.1,400,2333,971,26,21,13,29,29,471,90,Matches,abe66106
300,Latasa,es ESP,FW,Real Madrid,20,2001,0.1,7,0,0,3,4,2,7,0,0,,0,,5,12,9,0,0,0,1,0,6,1,Matches,2bea832e
301,Toni Lato,es ESP,DF,Valencia,23,1997,6.6,377,15,129,153,98,3,377,8,8,100,0,0,151,703,336,8,6,0,4,7,165,17,Matches,8e088e04
302,Robin Le Normand,fr FRA,DF,Real Sociedad,24,1996,37,2484,335,1296,1132,67,41,2484,3,1,33.3,2,66.7,1481,7812,4802,27,11,2,15,3,1639,4,Matches,9a64e67e
303,Jeremías Ledesma,ar ARG,GK,Cádiz,28,1993,38,1273,1060,1260,13,1,1,1273,2,2,100,0,0,599,4379,3110,0,0,0,2,0,401,0,Matches,6c4776b1
304,Wu Lei,cn CHN,FWMF,Espanyol,29,1991,5.3,136,3,18,70,51,18,136,6,1,16.7,5,83.3,64,365,165,8,4,4,8,1,80,21,Matches,e3fabb0a
305,Florian Lejeune,fr FRA,DF,Alavés,30,1991,30,1489,225,785,661,55,22,1489,6,3,50,3,50,698,3073,1341,6,3,2,10,1,732,4,Matches,6eaed4eb
306,Iñigo Lekue,es ESP,DF,Athletic Club,28,1993,21.4,1427,89,454,636,353,11,1427,29,13,44.8,16,55.2,664,3396,1740,52,39,5,28,10,714,72,Matches,59b7d823
307,Thomas Lemar,fr FRA,MF,Atlético Madrid,25,1995,16,971,19,114,422,441,45,971,56,33,58.9,23,41.1,588,3696,1836,54,46,9,18,34,694,92,Matches,4dbd0916
308,Ruben Lendinez,es ESP,DF,Valencia,18,2003,1.5,67,6,25,36,6,2,67,0,0,,0,,41,194,103,0,1,0,0,0,36,0,Matches,755da865
309,Clément Lenglet,fr FRA,DF,Barcelona,26,1995,9.2,893,67,287,573,36,5,893,2,1,50,1,50,627,3646,2609,19,8,0,5,2,685,1,Matches,4f28a6ff
310,Javier Llabrés,es ESP,FWMF,Mallorca,18,2002,1.5,83,0,7,35,43,4,83,6,4,66.7,2,33.3,49,261,110,3,1,2,4,1,64,15,Matches,38b0cf42
311,Marcos Llorente,es ESP,MFDF,Atlético Madrid,26,1995,27.2,1588,59,407,683,512,56,1588,30,19,63.3,11,36.7,875,4515,2117,63,37,11,40,22,978,181,Matches,02c15616
312,Giovani Lo Celso,ar ARG,FWMF,Villarreal,25,1996,11,652,8,79,315,267,40,652,40,26,65,14,35,446,2750,1123,33,16,7,25,17,517,71,Matches,d7553721
313,Julen Lobete,es ESP,FWMF,Real Sociedad,20,2000,3.2,108,3,12,37,61,17,108,9,3,33.3,6,66.7,62,289,122,3,2,1,15,5,76,29,Matches,a952a529
314,Renan Lodi,br BRA,DF,Atlético Madrid,23,1998,13.1,778,28,222,324,243,36,778,31,17,54.8,14,45.2,420,2672,1427,39,20,5,22,12,477,88,Matches,ed9f7cfe
315,David López,es ESP,MFDF,Espanyol,31,1989,8.3,508,42,221,261,29,7,508,2,2,100,0,0,257,916,467,2,1,0,7,2,306,6,Matches,f03f284b
316,Diego López,es ESP,GK,Espanyol,39,1981,35.3,1245,1072,1233,14,0,0,1245,0,0,,0,,583,3859,2684,0,0,0,0,0,405,0,Matches,73683fa9
317,Javi López,es ESP,DF,Alavés,19,2002,5.1,273,19,84,144,45,0,273,6,2,33.3,4,66.7,124,802,327,6,7,0,6,6,152,18,Matches,e9ada8cf
318,Unai López,es ESP,MF,Rayo Vallecano,25,1995,12.9,961,16,132,576,259,18,961,27,14,51.9,13,48.1,505,2269,1040,16,19,3,18,20,679,36,Matches,88050721
319,Mamadou Loum,sn SEN,MF,Alavés,24,1996,25.7,1174,89,328,721,138,29,1174,42,26,61.9,16,38.1,551,2510,1091,13,14,2,47,25,589,14,Matches,bcfc4473
320,Anthony Lozano,hn HON,FWMF,Cádiz,28,1993,18.6,525,12,31,246,259,77,525,59,36,61,23,39,315,2253,1050,43,24,16,64,44,375,84,Matches,38699c72
321,Florentino Luís,pt POR,MF,Getafe,21,1999,11,565,23,135,367,69,6,565,11,7,63.6,4,36.4,270,874,275,3,0,1,16,10,300,11,Matches,881cd6be
322,José Luis Gayà,es ESP,DF,Valencia,26,1995,20.8,1083,51,326,452,319,21,1083,29,16,55.2,13,44.8,526,2548,1240,36,35,3,13,5,556,92,Matches,b05e2dbd
323,José Luis Morales,es ESP,FWMF,Levante,34,1987,30.2,1167,9,115,396,685,138,1162,156,64,41,92,59,713,5471,2733,100,72,54,90,55,800,241,Matches,4a478107
324,Luismi,es ESP,FWMF,Sevilla,20,2001,0.1,7,0,4,3,1,0,7,1,1,100,0,0,2,15,13,0,0,0,0,0,5,0,Matches,acf5410c
325,Andriy Lunin,ua UKR,GK,Real Madrid,22,1999,2,88,84,88,0,0,0,88,0,0,,0,,44,174,123,0,0,0,0,0,43,0,Matches,3061e1ec
326,Darwin Machís,ve VEN,MFFW,Granada,28,1993,15.3,654,13,112,251,302,44,654,60,34,56.7,26,43.3,383,2898,1560,51,30,9,56,22,421,97,Matches,ed6ea4d9
327,Pablo Maffeo,es ESP,DF,Mallorca,24,1997,32.7,1735,102,527,746,481,45,1735,79,49,62,30,38,812,5030,2472,72,57,12,50,55,860,108,Matches,5db04597
328,Nemanja Maksimović,rs SRB,MF,Getafe,26,1995,32.6,1186,59,261,632,303,59,1186,16,10,62.5,6,37.5,542,2600,1213,28,24,5,25,11,569,44,Matches,00b28772
329,Hugo Mallo,es ESP,DF,Celta Vigo,30,1991,20.3,1465,66,427,646,397,42,1465,16,8,50,8,50,655,2973,1630,38,34,9,19,10,832,136,Matches,cb574619
330,Mickael Malsa,mq MTQ,MF,Levante,25,1995,12.7,675,32,186,419,78,12,675,8,7,87.5,1,12.5,346,1498,771,7,5,1,19,11,412,11,Matches,bbc19252
331,Giorgi Mamardashvili,ge GEO,GK,Valencia,20,2000,18,538,440,534,5,0,0,538,0,0,,0,,242,1365,833,0,0,0,1,0,137,0,Matches,d4b73232
332,Reinildo Mandava,mz MOZ,DF,Atlético Madrid,27,1994,14.4,838,44,357,399,87,8,838,7,5,71.4,2,28.6,425,2101,1135,15,12,1,13,5,438,25,Matches,c20bdcd7
333,Aïssa Mandi,dz ALG,DF,Villarreal,29,1991,15.3,1111,147,576,506,32,11,1111,0,0,,0,,731,3373,1860,7,5,0,6,1,827,2,Matches,fbd6378b
334,Maranhão,br BRA,FWMF,Valencia,24,1996,10.8,339,14,48,126,174,42,339,33,14,42.4,19,57.6,189,1195,581,19,17,6,26,22,223,62,Matches,ae86d473
335,Nikola Maraš,rs SRB,DF,Rayo Vallecano,25,1995,11.6,568,77,307,256,12,10,568,1,1,100,0,0,269,1405,734,5,1,0,5,0,320,0,Matches,b9d0446f
336,Marcelo,br BRA,DF,Real Madrid,33,1988,5.8,510,17,96,200,218,14,510,10,9,90,1,10,348,1660,999,17,21,4,7,1,404,47,Matches,603116a7
337,Iván Marcone,ar ARG,MF,Elche,31,1990,9,513,24,171,310,35,2,513,12,10,83.3,2,16.7,288,1184,443,1,1,0,5,3,310,2,Matches,b14f755d
338,Óscar de Marcos,es ESP,DF,Athletic Club,32,1989,18.7,1291,53,345,597,360,20,1291,13,4,30.8,9,69.2,556,2646,1560,42,36,0,10,7,693,91,Matches,9f323c71
339,José Mari,es ESP,MF,Cádiz,33,1987,4.3,238,7,49,152,37,3,238,1,1,100,0,0,114,542,327,8,5,0,4,3,143,5,Matches,6f4c734d
340,José María Giménez,uy URU,DF,Atlético Madrid,26,1995,22.7,1140,173,621,486,39,26,1140,12,8,66.7,4,33.3,579,2388,1153,5,4,1,9,1,693,2,Matches,f0da930c
341,Mariano,do DOM,FW,Real Madrid,27,1993,3.8,96,3,10,40,48,19,96,10,6,60,4,40,51,338,184,10,6,6,4,4,74,19,Matches,5c4dc0ff
342,Mika Màrmol,es ESP,DF,Barcelona,19,2002,0,5,0,0,5,0,0,5,0,0,,0,,3,3,2,0,0,0,0,0,3,0,Matches,e7630876
343,Roger Martí,es ESP,FW,Levante,30,1991,23.5,679,9,34,338,318,92,676,28,14,50,14,50,382,1751,643,24,17,9,57,23,496,133,Matches,0ae4e09a
344,Anthony Martial,fr FRA,FWMF,Sevilla,25,1995,5.4,219,2,18,93,108,24,219,16,7,43.8,9,56.3,144,934,350,14,14,13,19,13,189,43,Matches,8b788c01
345,Martín,es ESP,MF,Cádiz,22,1999,1.3,60,4,11,34,15,0,60,1,1,100,0,0,19,86,60,1,0,0,1,0,23,0,Matches,cbec0059
346,Ander Martin,es ESP,FWMF,Real Sociedad,20,2000,1,71,2,8,26,37,4,71,4,1,25,3,75,38,157,75,3,1,1,6,1,48,7,Matches,e1e75690
347,Andrés Martín,es ESP,FWMF,Rayo Vallecano,22,1999,2.1,54,0,3,20,31,6,54,3,1,33.3,2,66.7,35,176,55,1,1,0,4,5,42,5,Matches,2ae30661
348,Carlos Martín,es ESP,DF,Atlético Madrid,19,2002,0.1,3,1,1,1,1,0,3,1,1,100,0,0,2,9,7,0,0,0,0,0,2,1,Matches,64035864
349,Iván Martín,es ESP,MFFW,Alavés,22,1999,1.8,81,0,9,44,28,1,81,2,0,0,2,100,59,311,92,2,2,0,3,6,62,5,Matches,ae48c5cb
350,Iñigo Martínez,es ESP,DF,Athletic Club,30,1991,26,1499,185,739,697,76,33,1499,2,2,100,0,0,750,4700,2935,29,10,0,7,3,795,8,Matches,3fc45c73
351,Javi Martínez,es ESP,MFFW,Osasuna,21,1999,9.8,499,14,89,222,195,26,499,16,11,68.8,5,31.3,279,1450,763,24,15,7,24,10,326,38,Matches,3672b352
352,Pablo Martínez,es ESP,MF,Levante,23,1998,7.3,354,9,84,192,88,11,354,16,7,43.8,9,56.3,195,1029,381,8,10,0,16,10,216,18,Matches,ecc77652
353,Omar Mascarell,es ESP,MF,Elche,28,1993,27.7,1512,96,446,918,152,7,1512,16,12,75,4,25,735,3665,1317,12,6,1,20,10,920,7,Matches,11fd2b75
354,Jaime Mata,es ESP,FW,Getafe,32,1988,7.5,296,6,24,117,157,36,296,9,4,44.4,5,55.6,174,640,262,6,4,2,35,6,235,61,Matches,02319ad7
355,Luís Maximiano,pt POR,GK,Granada,22,1999,34.8,1262,1055,1256,10,0,0,1262,2,2,100,0,0,602,3624,2517,0,0,0,0,3,374,0,Matches,3318286e
356,Borja Mayoral,es ESP,FW,Getafe,24,1997,11.6,369,7,30,185,160,44,368,29,14,48.3,15,51.7,206,1035,451,21,11,10,26,16,256,55,Matches,64e8ed6d
357,Jordi Mboula,es ESP,FW,Mallorca,22,1999,4.8,150,4,20,66,70,10,150,15,7,46.7,8,53.3,85,814,392,13,10,4,11,8,96,30,Matches,4887118d
358,Óscar Melendo,es ESP,MFFW,Espanyol,23,1997,11,512,6,67,302,153,9,512,18,15,83.3,3,16.7,372,2066,911,18,21,0,13,13,410,26,Matches,379652be
359,Gonzalo Melero,es ESP,MF,Levante,27,1994,18.8,954,46,219,566,180,27,952,26,12,46.2,14,53.8,537,2551,1280,19,17,1,31,25,699,39,Matches,3902e91b
360,Memphis,nl NED,FW,Barcelona,27,1994,20.6,1183,7,51,433,708,129,1178,74,45,60.8,29,39.2,676,3682,1992,83,51,45,76,34,926,239,Matches,8f696594
361,Tomás Mendes,es ESP,MF,Alavés,16,2004,0.1,6,1,1,5,0,0,6,0,0,,0,,3,4,1,0,0,0,0,0,3,0,Matches,45f771db
362,Brais Méndez,es ESP,MF,Celta Vigo,24,1997,33.6,1991,47,266,1072,669,78,1991,70,34,48.6,36,51.4,1124,5151,2317,57,68,13,78,49,1405,161,Matches,c9e39d91
363,Édgar Méndez,es ESP,FWMF,Alavés,31,1990,17.9,638,18,110,261,276,40,638,26,14,53.8,12,46.2,341,1509,603,18,11,4,49,20,400,112,Matches,aed746df
364,Ferland Mendy,fr FRA,DF,Real Madrid,26,1995,19.3,1529,56,393,635,512,38,1529,52,35,67.3,17,32.7,995,5692,2871,71,48,19,23,13,1115,116,Matches,3cefcaef
365,Fran Mérida,es ESP,MF,Espanyol,31,1990,3,204,4,48,123,37,2,204,11,9,81.8,2,18.2,117,594,287,4,6,0,2,2,125,4,Matches,0e50f929
366,Mikel Merino,es ESP,MF,Real Sociedad,25,1996,32.1,2147,102,429,1235,510,82,2147,47,28,59.6,19,40.4,1198,4369,1865,30,41,10,45,56,1517,92,Matches,d080ed5e
367,Martín Merquelanz,es ESP,FWMF,Rayo Vallecano,26,1995,1.9,94,1,14,35,47,2,94,10,3,30,7,70,49,315,198,5,6,1,5,3,60,9,Matches,ddd5348b
368,Matt Miazga,us USA,DF,Alavés,26,1995,9.3,424,84,254,155,18,11,424,0,0,,0,,174,567,205,0,0,0,5,0,203,2,Matches,9fc0f253
369,Miguel,es ESP,FWMF,Alavés,21,1999,9.2,275,4,22,108,147,44,275,25,13,52,12,48,171,1005,461,17,12,11,34,12,196,62,Matches,6763373d
370,Éder Militão,br BRA,DF,Real Madrid,23,1998,33.7,2371,303,1211,1043,136,39,2371,20,11,55,9,45,1465,6973,3907,22,17,2,16,7,1587,15,Matches,2784f898
371,Luis Milla,es ESP,MF,Granada,26,1994,30.8,1705,64,327,1017,380,22,1702,38,28,73.7,10,26.3,842,5202,3036,52,44,3,34,23,989,45,Matches,19c36442
372,Pere Milla,es ESP,MFFW,Elche,28,1992,18.3,740,36,151,350,246,44,740,33,16,48.5,17,51.5,423,1825,818,17,16,7,52,33,500,75,Matches,335039a2
373,Santi Mina,es ESP,FW,Celta Vigo,25,1995,26.3,960,23,99,487,388,94,959,21,12,57.1,8,38.1,472,1833,622,23,19,11,62,34,683,135,Matches,0b90bb97
374,Óscar Mingueza,es ESP,DF,Barcelona,22,1999,9.9,841,35,232,426,186,7,841,7,6,85.7,1,14.3,536,2170,1173,13,16,0,8,5,598,40,Matches,056269d7
375,Rafa Mir,es ESP,FW,Sevilla,24,1997,20.1,546,17,54,273,224,79,546,23,12,52.2,11,47.8,261,1464,520,18,12,8,59,16,393,76,Matches,bbf5c11b
376,Jorge Miramón,es ESP,DF,Levante,32,1989,22,1265,94,443,535,301,15,1265,31,21,67.7,10,32.3,582,3066,1303,30,31,4,31,21,661,86,Matches,7f4c7c9f
377,Juan Miranda,es ESP,DF,Betis,21,2000,8.7,615,30,175,294,147,11,615,9,4,44.4,5,55.6,262,951,439,7,10,1,9,1,342,51,Matches,ead61f73
378,Stefan Mitrović,rs SRB,DF,Getafe,31,1990,29.6,1125,171,660,449,22,13,1125,2,2,100,0,0,508,2622,989,2,2,2,9,4,554,1,Matches,e6777e6b
379,Luka Modrić,hr CRO,MF,Real Madrid,35,1985,22.6,1875,18,336,922,631,50,1874,48,32,66.7,16,33.3,1330,6778,3299,67,39,14,30,22,1495,87,Matches,6025fab1
380,Johan Mojica,co COL,DF,Elche,28,1992,31.7,2180,110,749,836,607,27,2180,72,31,43.1,41,56.9,1177,5990,3064,108,97,9,50,21,1270,157,Matches,608f2092
381,Jorge Molina,es ESP,FW,Granada,39,1982,21.8,722,19,60,304,361,98,721,17,7,41.2,10,58.8,371,1203,446,11,6,4,53,25,571,105,Matches,43f71e77
382,Jon Moncayola,es ESP,MF,Osasuna,23,1998,32.4,1672,61,337,949,404,19,1672,19,13,68.4,6,31.6,817,3428,1433,19,21,1,36,15,1073,66,Matches,9.94E+171
383,Monchu,es ESP,MF,Granada,21,1999,7.4,418,13,94,245,81,5,418,10,6,60,4,40,231,1270,494,8,12,0,13,8,279,12,Matches,8ac501f5
384,Gonzalo Montiel,ar ARG,DF,Sevilla,24,1997,11.8,783,27,238,345,202,17,783,8,3,37.5,5,62.5,385,1630,941,29,16,2,14,5,504,78,Matches,374d5158
385,Ángel Montoro,es ESP,MF,Granada,33,1988,14.8,801,34,156,488,161,18,801,3,0,0,3,100,405,1814,689,4,7,0,18,13,485,20,Matches,719384c1
386,Martín Montoya,es ESP,DF,Betis,30,1991,5.8,396,21,101,191,104,15,396,1,0,0,1,100,191,696,344,9,4,4,7,2,230,33,Matches,5cec2487
387,Jon Morcillo,es ESP,MFFW,Athletic Club,22,1998,0.6,44,0,8,15,21,2,44,1,0,0,1,100,21,154,60,3,3,0,4,1,25,7,Matches,b7d7f3bf
388,Alberto Moreno,es ESP,MFDF,Villarreal,29,1992,13.6,762,23,145,315,306,35,762,17,10,58.8,7,41.2,482,2501,1246,34,32,4,32,13,531,87,Matches,11b9265b
389,Álex Moreno,es ESP,DF,Betis,28,1993,26.7,1769,103,525,738,523,69,1769,61,23,37.7,38,62.3,837,5252,2948,93,59,25,45,18,943,175,Matches,16e9d0ea
390,Gerard Moreno,es ESP,FW,Villarreal,29,1992,13.2,606,15,46,297,274,70,604,61,39,63.9,22,36.1,409,2041,889,29,20,11,30,29,501,95,Matches,81f0781e
391,Tete Morente,es ESP,MF,Elche,24,1996,18.1,807,14,139,323,358,40,807,63,30,47.6,33,52.4,468,3152,1410,59,27,13,45,14,529,135,Matches,004d185e
392,Ilaix Moriba,gn GUI,MF,Valencia,18,2003,9.1,427,17,102,218,112,16,427,14,7,50,7,50,239,1287,581,9,14,3,26,8,241,13,Matches,f4c69aa6
393,Manu Morlanes,es ESP,MF,Espanyol,22,1999,12.7,773,36,188,475,117,5,773,15,13,86.7,2,13.3,414,2234,1281,21,16,1,10,6,489,6,Matches,a0255c67
394,Loren Morón,es ESP,FWMF,Espanyol,27,1993,6.3,170,8,26,74,73,24,170,7,4,57.1,3,42.9,72,311,133,5,1,1,17,8,101,19,Matches,3aa4a3be
395,Loren Morón,es ESP,FW,Betis,27,1993,0,3,0,1,2,0,0,3,0,0,,0,,1,2,0,0,0,0,1,0,1,0,Matches,3aa4a3be
396,Cristhian Mosquera,co COL,DF,Valencia,17,2004,2.4,91,6,32,56,3,1,91,0,0,,0,,58,325,148,1,0,0,2,0,55,0,Matches,dc1ce4f5
397,Toni Moya,es ESP,MF,Alavés,23,1998,15.4,749,35,157,398,204,8,749,25,20,80,5,20,335,1793,805,19,14,1,25,12,348,17,Matches,9e098912
398,Iker Muniain,es ESP,MF,Athletic Club,28,1992,30.9,1857,15,138,850,895,70,1854,104,65,62.5,39,37.5,1097,6011,2917,81,73,18,62,56,1313,161,Matches,c05dfb74
399,Aihen Muñoz,es ESP,DF,Real Sociedad,23,1997,14.9,926,38,304,408,223,10,926,28,14,50,14,50,434,2270,1266,32,31,2,24,12,484,55,Matches,228b0d9d
400,Jeison Murillo,co COL,DF,Celta Vigo,29,1992,12.4,806,70,346,444,17,8,806,3,3,100,0,0,501,2443,1532,9,6,0,2,3,553,3,Matches,b233e8e4
401,Vedat Muriqi,xk KVX,FW,Mallorca,27,1994,16,665,29,67,297,308,85,663,22,9,40.9,13,59.1,306,1263,555,19,11,6,42,14,497,84,Matches,0cadc46d
402,Yunus Musah,us USA,MFFW,Valencia,18,2002,14,548,9,70,240,258,35,548,64,36,56.3,28,43.8,318,2793,1593,59,37,19,35,14,365,78,Matches,b51b1b9c
403,Shkodran Mustafi,de GER,DF,Levante,29,1992,7.3,450,69,260,183,10,3,450,4,2,50,2,50,224,1251,711,4,1,0,1,1,264,0,Matches,3f2d59fe
404,Nacho,es ESP,DF,Real Madrid,31,1990,17.3,1198,146,551,540,111,13,1198,4,2,50,2,50,688,2753,1511,15,13,2,7,1,826,10,Matches,2946f9a1
405,Roberto Navarro,es ESP,MFFW,Real Sociedad,19,2002,2.2,126,3,12,72,46,8,126,9,7,77.8,2,22.2,80,459,248,5,4,2,9,5,89,15,Matches,c997b942
406,Ximo Navarro,es ESP,DF,Alavés,31,1990,15,767,73,288,359,129,9,767,12,5,41.7,7,58.3,342,1799,952,21,18,1,20,6,356,24,Matches,8db394aa
407,Jesús Navas,es ESP,DF,Sevilla,35,1985,19.8,1553,51,479,587,492,27,1553,15,6,40,9,60,942,4399,2478,58,28,10,14,8,1071,181,Matches,3f10bd22
408,Álvaro Negredo,es ESP,FW,Cádiz,35,1985,24,758,29,66,382,314,117,755,34,21,61.8,13,38.2,383,1813,575,20,13,14,52,17,593,104,Matches,63b0ca6b
409,Neto,br BRA,GK,Barcelona,32,1989,3,137,123,137,0,0,0,137,0,0,,0,,86,333,212,0,0,0,0,0,76,0,Matches,a9dc785c
410,Carlos Neva,es ESP,DF,Granada,25,1996,23.4,1200,98,473,465,271,11,1200,16,9,56.3,7,43.8,509,2547,1148,27,15,4,22,8,550,89,Matches,8d47bb39
411,Saúl Ñíguez,es ESP,FWMF,Atlético Madrid,26,1994,2.2,138,3,28,73,41,6,138,2,1,50,1,50,58,318,159,4,5,0,2,1,77,10,Matches,c14bc029
412,Fernando Niño,es ESP,FW,Mallorca,20,2000,9.8,334,17,45,150,142,37,334,16,9,56.3,7,43.8,165,896,452,18,12,5,23,14,231,47,Matches,81d5c497
413,Peru Nolaskoain,es ESP,DF,Athletic Club,22,1998,0,2,0,0,2,0,0,2,0,0,,0,,1,1,0,0,0,0,0,0,2,0,Matches,857cb4f3
414,Nolito,es ESP,MF,Celta Vigo,34,1986,15.4,709,7,90,348,275,40,709,22,13,59.1,9,40.9,391,1517,626,10,15,3,27,21,475,66,Matches,b2d0ec1b
415,Randy Ntekja,fr FRA,FWMF,Rayo Vallecano,23,1997,16.2,631,12,56,308,272,63,631,30,16,53.3,14,46.7,305,1560,701,21,21,12,65,33,444,84,Matches,a6103274
416,Unai Núñez,es ESP,DF,Athletic Club,24,1997,6.9,407,41,170,223,21,10,407,4,3,75,1,25,235,1597,999,8,3,0,4,1,260,3,Matches,be170419
417,Allan Nyom,cm CMR,DF,Getafe,33,1988,2.7,112,8,47,52,14,0,112,1,0,0,1,100,48,190,90,2,2,0,1,1,49,4,Matches,97572117
418,Jan Oblak,si SVN,GK,Atlético Madrid,28,1993,38,1159,1015,1154,5,1,1,1159,2,2,100,0,0,553,3045,1933,0,0,0,2,0,444,0,Matches,ee8508c0
419,Lucas Ocampos,ar ARG,FW,Sevilla,27,1994,23.6,1228,27,175,469,599,103,1228,95,37,38.9,58,61.1,714,4050,1790,68,42,30,76,43,887,230,Matches,a08b974a
420,Lucas Olaza,uy URU,DF,Elche,27,1994,3.3,242,9,61,110,72,3,242,2,2,100,0,0,116,365,185,2,7,0,4,3,135,22,Matches,4cee5954
421,Oier Olazábal,es ESP,GK,Espanyol,31,1989,1.5,48,45,48,0,0,0,48,0,0,,0,,25,168,122,0,0,0,0,0,13,0,Matches,b5bdf144
422,Brian Oliván,es ESP,DF,Mallorca,27,1994,24.3,1228,89,446,477,311,30,1227,10,7,70,3,30,577,2991,1538,31,33,4,16,7,614,91,Matches,a3e4bf46
423,Mathías Olivera,uy URU,DF,Getafe,23,1997,31.1,1859,85,473,879,536,64,1859,54,27,50,27,50,829,4743,2616,73,57,18,62,38,889,95,Matches,41c12f75
424,Javier Ontiveros,es ESP,FWMF,Osasuna,23,1997,0.4,37,0,3,21,14,2,37,1,1,100,0,0,27,188,118,6,4,1,0,1,29,2,Matches,a83d8b0c
425,Pedro Ortiz,es ESP,MF,Sevilla,20,2000,0.1,16,1,2,9,5,1,16,0,0,,0,,14,53,28,0,0,0,0,0,14,0,Matches,f9358b61
426,Milutin Osmajić,me MNE,FWMF,Cádiz,22,1999,2.9,85,5,10,39,36,11,85,5,2,40,3,60,49,195,37,1,2,1,14,3,66,6,Matches,375ed9d7
427,Jesús Owono,gq EQG,GK,Alavés,20,2001,1,25,21,25,0,0,0,25,0,0,,0,,18,174,124,0,0,0,0,0,4,0,Matches,d6e3d7fb
428,Mikel Oyarzabal,es ESP,FWMF,Real Sociedad,24,1997,18.6,830,19,99,289,459,75,825,43,22,51.2,21,48.8,469,2757,1339,51,34,22,37,29,550,144,Matches,8c3c640c
429,Fernando Pacheco,es ESP,GK,Alavés,29,1992,33.9,1114,923,1109,5,0,0,1114,0,0,,0,,520,3405,2363,0,0,0,2,0,351,0,Matches,97852360
430,Jon Pacheco,es ESP,DF,Real Sociedad,20,2001,4.2,272,46,171,98,3,1,272,0,0,,0,,157,960,568,0,0,0,3,0,175,0,Matches,44150beb
431,Helibelton Palacios,co COL,DF,Elche,28,1993,21.5,1164,86,463,512,204,7,1164,35,27,77.1,8,22.9,527,2761,1572,31,26,4,15,10,604,49,Matches,ac8b2421
432,Isaac Palazón Camacho,es ESP,FWMF,Rayo Vallecano,26,1994,25.4,1266,27,158,572,557,50,1266,81,36,44.4,45,55.6,712,3678,1332,41,33,8,85,55,855,148,Matches,49dbab27
433,Daniel Parejo,es ESP,MF,Villarreal,32,1989,30,2353,61,426,1363,579,16,2352,33,25,75.8,8,24.2,1337,5444,2505,36,23,3,27,23,1672,36,Matches,7460ca0d
434,Raúl Parra,es ESP,DF,Cádiz,21,1999,1,42,6,26,14,2,0,42,1,0,0,1,100,16,88,48,1,1,0,1,0,16,2,Matches,647d39d2
435,Javier Pastore,ar ARG,MFFW,Elche,32,1989,5.8,338,3,56,166,120,18,338,14,8,57.1,6,42.9,226,1203,582,16,11,4,10,11,269,36,Matches,881ef58c
436,Gabriel Paulista,br BRA,DF,Valencia,30,1990,17.7,823,152,475,346,15,7,823,2,1,50,1,50,380,2035,1132,9,1,0,9,3,332,1,Matches,b7ca5c51
437,Alfonso Pedraza,es ESP,DF,Villarreal,25,1996,18.9,1248,58,324,452,484,75,1248,61,31,50.8,30,49.2,724,4991,2588,94,49,31,42,19,744,182,Matches,63f04c6c
438,Pedri,es ESP,MF,Barcelona,18,2002,9.8,698,10,83,354,269,21,698,19,15,78.9,4,21.1,481,2385,1030,23,33,5,14,17,542,42,Matches,0d9b2d31
439,Pedrosa,es ESP,DF,Espanyol,23,1998,30.2,1649,126,550,641,474,48,1649,82,48,58.5,34,41.5,800,5354,2865,90,66,15,61,26,917,140,Matches,112521d1
440,Facundo Pellistri,uy URU,MFFW,Alavés,19,2001,7.5,257,7,49,109,108,19,257,26,11,42.3,15,57.7,160,1454,714,24,14,6,24,13,159,42,Matches,ac7e7b1c
441,Rubén Peña,es ESP,MFFW,Villarreal,30,1991,1.5,75,2,15,36,25,5,75,5,2,40,3,60,47,332,161,5,4,2,2,6,48,14,Matches,1f079188
442,Alberto Perea,es ESP,MF,Cádiz,30,1990,8.6,508,9,60,204,252,17,508,53,29,54.7,24,45.3,329,1928,888,32,21,8,29,18,341,72,Matches,5496cc91
443,Victor Perea,es ESP,DF,Espanyol,21,2000,0,3,0,2,1,0,0,3,0,0,,0,,1,3,2,0,0,0,0,0,1,0,Matches,b7de5bad
444,Iñigo Pérez,es ESP,MF,Osasuna,33,1988,3.8,175,5,20,77,80,5,175,3,0,0,3,100,94,437,231,8,4,1,0,3,114,14,Matches,bc61cc65
445,Juan Pérez,es ESP,GK,Osasuna,25,1996,2,44,38,44,0,0,0,44,0,0,,0,,23,141,71,0,0,0,0,0,17,0,Matches,8f29e08b
446,Kike Pérez,es ESP,MFFW,Elche,24,1997,5.8,315,7,50,152,118,12,315,14,9,64.3,5,35.7,179,1265,685,23,19,1,17,11,226,20,Matches,237a3851
447,Lucas Pérez,es ESP,FW,Elche,32,1988,14.1,476,4,33,208,238,24,476,12,5,41.7,7,58.3,291,1495,475,17,11,3,30,12,344,59,Matches,a300ac7e
448,Lucas Pérez,es ESP,FWMF,Cádiz,32,1988,11.8,450,4,29,169,253,31,450,12,5,41.7,7,58.3,229,1117,460,17,10,2,11,15,300,61,Matches,a300ac7e
449,Njegoš Petrović,rs SRB,MF,Granada,22,1999,10.2,445,20,92,274,87,7,445,16,10,62.5,6,37.5,214,1020,529,3,11,1,11,6,255,14,Matches,0cb29e91
450,Alex Petxa,es ESP,DFMF,Athletic Club,24,1997,4.6,324,12,86,167,73,3,324,9,3,33.3,6,66.7,146,693,304,8,6,0,9,3,181,14,Matches,97d08e60
451,Germán Pezzella,ar ARG,DF,Betis,30,1991,22.1,1273,178,750,496,33,28,1273,3,3,100,0,0,696,2436,1041,2,2,0,3,1,797,5,Matches,8c725b43
452,Pablo Piatti,ar ARG,MFFW,Elche,32,1989,3.5,140,3,31,51,59,5,140,5,2,40,3,60,75,418,196,4,7,1,10,4,90,21,Matches,48e89655
453,Cristiano Piccini,it ITA,DF,Valencia,28,1992,3.6,184,15,68,79,40,3,184,10,9,90,1,10,79,456,295,5,8,0,4,2,71,10,Matches,32c0491f
454,Tomás Pina Isla,es ESP,MF,Alavés,33,1987,16,725,37,180,434,118,13,725,7,4,57.1,3,42.9,322,1219,369,4,5,1,13,6,386,8,Matches,e54bd0a2
455,Orbelín Pineda,mx MEX,MFFW,Celta Vigo,25,1996,1.1,84,1,20,33,34,5,84,2,1,50,1,50,44,231,88,1,7,0,2,3,56,4,Matches,411fabd7
456,Yeremi Pino,es ESP,MFFW,Villarreal,18,2002,18.6,787,14,106,263,431,97,787,56,25,44.6,31,55.4,502,2855,1493,43,28,28,65,23,555,164,Matches,540ec57b
457,Gerard Piqué,es ESP,DF,Barcelona,34,1987,23.2,1902,219,825,1023,58,29,1902,6,6,100,0,0,1181,6118,3942,25,8,1,8,3,1319,4,Matches,adfc9123
458,Ezequiel Ponce,ar ARG,FW,Elche,24,1997,7.4,252,6,21,134,99,28,252,25,14,56,11,44,146,736,234,6,5,1,22,20,183,39,Matches,ccbbe661
459,Pere Pons,es ESP,MF,Alavés,28,1993,15.2,507,17,95,288,128,26,507,8,4,50,4,50,262,1187,603,20,14,4,35,10,299,50,Matches,29b61deb
460,Portu,es ESP,FWMF,Real Sociedad,29,1992,17.7,652,9,74,252,334,86,651,18,9,50,9,50,387,2069,1145,44,19,19,34,19,459,150,Matches,1bda5842
461,Sergio Postigo,es ESP,DF,Levante,32,1988,9.4,445,94,261,179,8,6,445,1,0,0,1,100,230,1007,546,2,1,0,3,1,251,2,Matches,474ecac8
462,Darío Poveda,es ESP,FWMF,Getafe,24,1997,4.2,138,2,7,64,68,5,138,13,7,53.8,6,46.2,86,418,151,5,5,1,21,7,98,24,Matches,cbdf7d5c
463,José Pozo,es ESP,MFDF,Rayo Vallecano,25,1996,0.8,65,1,10,27,29,4,65,2,0,0,2,100,39,212,90,2,0,0,2,2,47,7,Matches,fc8b614b
464,Abdón Prats,es ESP,FW,Mallorca,28,1992,7.1,232,5,20,108,106,28,232,11,7,63.6,4,36.4,115,473,161,4,5,2,17,21,158,33,Matches,d1b060e2
465,Alejandro Primo,es ESP,GK,Levante,17,2004,1,26,25,26,0,0,0,26,0,0,,0,,13,17,8,0,0,0,0,0,15,0,Matches,f38284bb
466,Javi Puado,es ESP,MFFW,Espanyol,23,1998,24.9,872,35,156,390,341,62,872,55,30,54.5,25,45.5,524,3863,1733,64,46,17,42,33,625,130,Matches,2683eda7
467,Pubill,es ESP,DFMF,Levante,18,2003,5.7,337,9,83,133,122,13,337,10,4,40,6,60,158,783,327,10,7,2,15,3,199,28,Matches,365113c0
468,Antonio Puertas,es ESP,MFFW,Granada,29,1992,25.1,989,34,184,428,391,64,989,56,31,55.4,25,44.6,520,3214,1426,51,37,14,56,40,640,126,Matches,c77a8043
469,Riqui Puig,es ESP,MF,Barcelona,21,1999,5.4,497,2,43,289,167,9,497,8,5,62.5,3,37.5,331,1555,590,9,12,1,9,10,427,24,Matches,f090a37a
470,Yacine Qasmi,ma MAR,FW,Rayo Vallecano,30,1991,0,4,0,0,2,2,0,4,0,0,,0,,1,4,0,0,0,0,1,0,2,1,Matches,3b3cbebb
471,Quini,es ESP,DF,Granada,31,1989,25.6,1261,100,453,505,313,26,1261,33,17,51.5,16,48.5,454,2197,1040,26,23,4,33,20,505,67,Matches,7a538238
472,Dani Raba,es ESP,MFFW,Villarreal,25,1995,1,61,3,12,22,27,2,61,3,1,33.3,2,66.7,32,147,52,1,1,1,5,2,40,12,Matches,ea6a7ab4
473,Dani Raba,es ESP,MFFW,Granada,25,1995,0.3,10,0,2,4,4,0,10,0,0,,0,,7,45,28,1,0,0,3,3,6,2,Matches,ea6a7ab4
474,Uroš Račić,rs SRB,MF,Valencia,23,1998,13.4,659,33,153,377,139,14,659,18,14,77.8,4,22.2,334,1488,481,6,15,0,19,9,375,15,Matches,faed84db
475,Nemanja Radoja,rs SRB,MF,Levante,28,1993,13.5,601,40,181,345,86,8,601,16,11,68.8,5,31.3,324,1568,547,9,11,3,22,20,364,23,Matches,b5dd3469
476,Rafinha,br BRA,MF,Real Sociedad,28,1993,11.7,848,14,135,481,246,20,848,36,18,50,18,50,558,2887,1523,34,28,6,26,22,586,31,Matches,0c2ac3cb
477,Antonio Raillo,es ESP,DF,Mallorca,29,1991,17,790,138,465,295,36,14,790,1,0,0,1,100,413,2664,1534,15,7,0,8,1,433,0,Matches,b857bd29
478,Ivan Rakitić,hr CRO,MF,Sevilla,33,1988,24.2,1904,51,407,1067,440,26,1902,21,8,38.1,13,61.9,1000,3654,1703,23,24,1,31,12,1323,62,Matches,89f951b5
479,Jonás Ramalho,es ESP,DF,Osasuna,28,1993,2.7,164,11,50,92,22,1,164,2,0,0,2,100,79,328,115,2,3,0,3,1,90,6,Matches,be3a0121
480,Sandro Ramírez,es ESP,FW,Getafe,26,1995,16.2,598,8,43,243,322,59,598,44,13,29.5,31,70.5,395,2181,812,34,23,19,52,16,440,107,Matches,833fb62e
481,Raúl,es ESP,FWDF,Betis,20,2000,0,1,0,0,0,1,0,1,0,0,,0,,0,0,0,0,0,0,0,0,1,0,Matches,18f0a9f0
482,Lluís Recasens,es ESP,DF,Espanyol,19,2002,0.5,16,6,10,6,0,0,16,0,0,,0,,6,26,7,0,0,0,0,0,6,0,Matches,c31ea173
483,Manolo Reina,es ESP,GK,Mallorca,36,1985,21,684,576,683,1,0,0,684,0,0,,0,,311,2020,1298,0,0,0,1,0,216,0,Matches,605eb473
484,Karim Rekik,nl NED,DF,Sevilla,26,1994,12.2,868,60,394,398,82,13,868,8,5,62.5,3,37.5,528,1956,1034,12,9,1,17,5,633,13,Matches,3376a776
485,Álex Remiro,es ESP,GK,Real Sociedad,26,1995,35,1333,1198,1324,9,0,0,1333,0,0,,0,,711,3589,2171,0,0,0,1,0,633,0,Matches,374ee424
486,Nico Ribaudo,es ESP,MFFW,Espanyol,20,2001,12.4,570,7,83,281,211,30,570,39,23,59,16,41,389,2630,1347,40,25,9,31,18,438,74,Matches,ce8039aa
487,Diego Rico,es ESP,DF,Real Sociedad,28,1993,18.3,1372,66,437,580,367,11,1372,29,12,41.4,17,58.6,686,2756,1251,24,26,2,26,7,721,70,Matches,d9ba39fc
488,Sergio Rico,es ESP,GK,Mallorca,27,1993,14,385,327,384,1,0,0,385,0,0,,0,,183,945,558,0,0,0,0,0,133,0,Matches,5f0241b2
489,Luis Rioja,es ESP,MFFW,Alavés,27,1993,34.6,1316,18,204,447,703,90,1316,130,70,53.8,60,46.2,811,6037,3374,122,75,39,99,51,815,213,Matches,eb3dd471
490,Rober,es ESP,DF,Levante,26,1995,22.3,1265,160,712,499,72,16,1265,6,5,83.3,1,16.7,640,3437,2128,17,18,0,16,3,749,5,Matches,c00097d2
491,Sergi Roberto,es ESP,MFDF,Barcelona,29,1992,4.4,284,9,51,155,80,8,284,3,3,100,0,0,170,824,389,6,7,0,5,2,204,15,Matches,335fa267
492,Rubén Rochina,es ESP,MFFW,Granada,30,1991,8.3,490,10,69,261,171,4,490,19,14,73.7,5,26.3,284,1490,664,13,17,1,26,16,334,38,Matches,ecd8c01e
493,Enzo Roco,cl CHI,DF,Elche,28,1992,28.4,1434,217,842,556,44,18,1434,10,5,50,5,50,667,3004,1617,12,3,0,15,2,800,8,Matches,37f827ec
494,Rodrigo,es ESP,FW,Betis,21,2000,9.8,505,10,66,235,212,31,505,26,16,61.5,10,38.5,360,2152,950,24,24,9,14,11,405,78,Matches,85bed4ee
495,Kévin Rodrigues,pt POR,DFFW,Rayo Vallecano,27,1994,4.8,290,12,87,151,56,2,290,4,2,50,2,50,116,585,295,9,8,0,11,5,131,11,Matches,f1bed920
496,Ángel Rodríguez,es ESP,FWMF,Mallorca,34,1987,17.2,442,17,57,195,198,62,442,23,13,56.5,10,43.5,250,1361,590,23,15,5,45,21,290,85,Matches,8cfc2f69
497,Óscar Rodríguez Arnaiz,es ESP,MFFW,Getafe,23,1998,10.5,537,11,87,291,168,11,537,19,10,52.6,9,47.4,285,1681,732,19,19,4,20,12,345,31,Matches,19709006
498,Óscar Rodríguez Arnaiz,es ESP,FWMF,Sevilla,23,1998,4.6,276,9,46,125,109,14,276,20,12,60,8,40,183,976,448,13,7,4,14,4,211,39,Matches,19709006
499,Dani Rodríguez,es ESP,MFFW,Mallorca,33,1988,31.5,1351,32,192,646,546,86,1351,100,60,60,40,40,800,4998,2043,65,58,15,88,81,877,130,Matches,70f8e0bd
500,Guido Rodríguez,ar ARG,MF,Betis,27,1994,28.1,1782,107,583,1051,163,11,1782,27,18,66.7,9,33.3,897,3310,1474,13,15,1,25,17,1093,14,Matches,34e393f2
501,Rodrygo,br BRA,FW,Real Madrid,20,2001,16.9,898,3,88,314,507,107,898,58,27,46.6,31,53.4,632,3830,2220,76,55,38,48,15,695,194,Matches,8f5e92a6
502,Leonardo Román,es ESP,GK,Mallorca,21,2000,2,75,63,75,0,0,0,75,1,1,100,0,0,42,199,97,0,0,0,0,0,26,0,Matches,924ff27e
503,Iván Romero,es ESP,FW,Sevilla,20,2001,2,57,0,1,26,30,7,57,9,3,33.3,6,66.7,40,172,39,3,1,1,6,6,43,17,Matches,2fbe6af0
504,Unai Ropero,es ESP,MF,Alavés,19,2001,0.1,4,0,1,3,0,0,4,0,0,,0,,3,8,1,0,0,0,1,1,4,1,Matches,7868c973
505,Rubén,es ESP,DF,Espanyol,20,2001,1.7,91,7,39,32,21,1,91,3,3,100,0,0,47,415,222,5,5,1,4,1,51,8,Matches,35d4f151
506,Aitor Ruibal,es ESP,FWDF,Betis,25,1996,9.5,468,9,74,198,201,25,468,26,13,50,13,50,278,1469,913,21,10,10,24,11,329,72,Matches,a55d8df5
507,Isma Ruiz,es ESP,MF,Granada,20,2001,3.1,147,3,32,93,24,3,147,2,2,100,0,0,82,411,196,3,0,2,1,1,93,3,Matches,6e36226f
508,Víctor Ruiz,es ESP,DF,Betis,32,1989,15.8,1061,126,523,519,26,13,1061,2,1,50,1,50,566,2886,1588,5,6,0,13,1,668,2,Matches,b3dc6eca
509,Gerónimo Rulli,ar ARG,GK,Villarreal,29,1992,32,1361,1014,1352,9,0,0,1361,1,1,100,0,0,796,3879,2219,0,1,1,3,1,684,1,Matches,625c144a
510,Franco Russo,ar ARG,DF,Mallorca,26,1994,16.3,816,120,421,366,37,18,816,6,5,83.3,1,16.7,384,2048,944,4,9,2,8,3,424,3,Matches,b75ac54b
511,Mathew Ryan,au AUS,GK,Real Sociedad,29,1992,3,117,104,116,1,0,0,117,0,0,,0,,63,363,161,0,0,0,0,0,44,0,Matches,4535e4bb
512,Youssouf Sabaly,sn SEN,DF,Betis,28,1993,8.8,600,36,185,266,151,10,600,13,6,46.2,7,53.8,318,1631,956,24,23,1,22,7,376,35,Matches,fbbb9269
513,Salvi,es ESP,MFFW,Cádiz,30,1991,15.5,498,20,108,180,222,29,497,16,9,56.3,7,43.8,267,2015,988,36,20,3,29,5,297,88,Matches,405f267a
514,Fede San Emeterio,es ESP,MF,Cádiz,24,1997,9.2,405,15,104,244,58,1,405,2,0,0,2,100,161,684,183,1,5,0,7,1,248,1,Matches,efecd633
515,Oihan Sancet,es ESP,FW,Athletic Club,21,2000,15.8,634,14,41,264,337,68,634,37,23,62.2,14,37.8,383,2114,873,28,24,10,62,45,544,152,Matches,bdb624a3
516,Antonio Sánchez,es ESP,MFFW,Mallorca,24,1997,18,942,37,251,471,238,23,942,34,18,52.9,16,47.1,508,2805,1166,24,21,4,45,20,532,50,Matches,a254bbe0
517,Germán Sánchez,es ESP,DF,Granada,34,1986,25.5,1300,203,734,516,54,28,1300,2,0,0,2,100,607,2814,1389,10,9,1,2,1,710,5,Matches,ea9b2ef9
518,Juan Sánchez,es ESP,,Sevilla,17,2003,0.1,,,,,,,,,,,,,,,,,,,,,,,Matches,ff4f78e1
519,Manuel Sánchez,es ESP,DF,Osasuna,20,2000,25.1,1421,51,345,613,475,36,1421,45,24,53.3,21,46.7,686,3459,1675,43,30,8,35,26,775,117,Matches,ffacd3d5
520,Oier Sanjurjo,es ESP,MF,Osasuna,35,1986,8.4,388,13,58,219,112,9,388,3,2,66.7,1,33.3,169,608,266,3,8,0,9,5,245,25,Matches,466824fb
521,Jesús Santiago,es ESP,MF,Valencia,17,2004,0.9,40,2,6,24,10,0,40,1,0,0,1,100,22,115,44,0,0,0,2,1,19,1,Matches,bc49fd34
522,Sergio Santos,es ESP,DF,Real Madrid,20,2001,0.1,8,0,3,4,1,0,8,0,0,,0,,5,16,13,0,0,0,0,0,7,1,Matches,cf59e05f
523,Alvaro Sanz,es ESP,MF,Barcelona,20,2001,0.3,14,0,3,6,5,0,14,1,0,0,1,100,7,38,17,0,0,0,0,0,11,0,Matches,eaefa2d0
524,Marcelo Saracchi,uy URU,DF,Levante,23,1998,2.1,132,10,53,43,36,2,132,2,2,100,0,0,75,401,147,4,4,1,2,1,68,14,Matches,1c96ad85
525,Joan Sastre Vanrell,es ESP,DF,Mallorca,24,1997,2.9,137,14,57,54,26,1,137,5,3,60,2,40,66,340,185,4,3,0,2,2,71,5,Matches,f9acf8bf
526,Esteban Saveljich,me MNE,DF,Rayo Vallecano,30,1991,18.9,763,101,433,316,17,12,763,1,0,0,1,100,397,2076,1081,2,1,0,3,2,434,1,Matches,79f2a5f5
527,Stefan Savić,me MNE,DF,Atlético Madrid,30,1991,27.1,1641,154,754,825,71,26,1641,9,8,88.9,1,11.1,949,4927,3264,30,17,0,10,3,1052,6,Matches,f6ac68c1
528,Valentino Scotta,es ESP,DF,Sevilla,19,2001,0,2,0,1,1,0,0,2,0,0,,0,,1,2,0,0,0,0,0,1,0,0,Matches,98529579
529,Aleksandar Sedlar,rs SRB,DFMF,Mallorca,29,1991,4.5,215,33,128,83,4,1,215,0,0,,0,,112,558,278,2,1,0,3,0,119,0,Matches,a35134ae
530,Javier Serrano,es ESP,MF,Atlético Madrid,18,2003,0.8,50,5,13,36,1,0,50,1,0,0,1,100,26,41,14,0,0,0,3,0,34,1,Matches,0a8fd9cb
531,Nicolás Serrano,es ESP,MFFW,Athletic Club,18,2003,3.5,181,4,27,78,81,11,181,7,4,57.1,3,42.9,108,762,341,13,4,4,15,2,123,26,Matches,2ad0e5e5
532,Salva Sevilla,es ESP,MF,Mallorca,37,1984,16.7,1120,28,232,637,266,8,1116,7,5,71.4,2,28.6,668,3399,1793,30,21,1,20,5,713,14,Matches,75bd85ea
533,David Silva,es ESP,MF,Real Sociedad,35,1986,19.1,1210,25,133,605,480,71,1210,44,29,65.9,15,34.1,762,4203,1797,65,55,17,37,28,952,105,Matches,e2716bd0
534,Jonathan Silva,ar ARG,DFFW,Getafe,27,1994,2.5,132,5,41,48,43,2,132,1,1,100,0,0,66,291,177,5,4,1,2,4,67,9,Matches,f2308b33
535,Rui Silva,pt POR,GK,Betis,27,1994,21.8,775,655,771,4,0,0,775,0,0,,0,,374,1951,1188,0,0,0,2,0,291,0,Matches,ea83bfa6
536,Giuliano Simeone,ar ARG,MF,Atlético Madrid,18,2002,0,3,0,0,1,2,1,3,0,0,,0,,1,2,1,0,0,0,0,0,2,2,Matches,a6536561
537,Unai Simón,es ESP,GK,Athletic Club,24,1997,34,977,829,973,4,0,0,977,0,0,,0,,529,3195,1895,0,0,0,1,0,350,0,Matches,5dcf3e90
538,Antonio Sivera,es ESP,GK,Alavés,24,1996,3.1,115,103,115,0,0,0,115,0,0,,0,,48,301,186,0,0,0,0,0,29,0,Matches,9970da54
539,Rubén Sobrino,es ESP,MF,Valencia,29,1992,0.2,5,0,3,2,0,0,5,1,1,100,0,0,2,25,0,0,0,0,0,0,1,1,Matches,19b776e9
540,Rubén Sobrino,es ESP,FWMF,Cádiz,29,1992,20.7,758,29,155,322,302,75,758,56,33,58.9,23,41.1,431,2602,1302,36,28,11,59,33,480,87,Matches,19b776e9
541,Alex Sola,es ESP,DFFW,Real Sociedad,22,1999,0.5,35,2,11,19,8,0,35,3,2,66.7,1,33.3,13,77,50,1,1,0,2,0,18,1,Matches,5fa714d5
542,Augusto Solari,ar ARG,MFDF,Celta Vigo,29,1992,7.9,555,11,106,249,205,18,555,20,9,45,11,55,296,1223,568,15,17,0,17,14,333,53,Matches,3ca6106c
543,Roberto Soldado,es ESP,FW,Levante,36,1985,7.4,205,8,14,101,90,34,205,7,3,42.9,4,57.1,87,242,85,4,1,3,13,3,135,43,Matches,9d66fbe3
544,Carlos Soler,es ESP,MF,Valencia,24,1997,27.5,1222,41,194,546,505,53,1215,38,19,50,19,50,608,3363,1817,40,40,5,39,13,671,89,Matches,fed17f5a
545,Son,es ESP,DF,Levante,27,1994,21.9,1260,56,395,524,354,33,1260,39,19,48.7,20,51.3,629,2607,1417,37,23,11,35,4,721,111,Matches,037dbd30
546,David Soria,es ESP,GK,Getafe,28,1993,37.9,1257,1017,1252,5,0,0,1257,0,0,,0,,606,3471,2311,0,0,0,2,0,398,0,Matches,8f8c6934
547,Alberto Soro,es ESP,MFFW,Granada,22,1999,6.4,260,6,59,96,107,18,260,11,6,54.5,5,45.5,129,605,316,8,5,2,18,14,156,35,Matches,452c3055
548,Hugo Sotelo,es ESP,FW,Celta Vigo,17,2003,0,1,0,1,0,0,0,1,0,0,,0,,1,4,3,0,0,0,0,0,1,0,Matches,3aa74860
549,Damián Suárez,uy URU,DF,Getafe,33,1988,30.1,1767,64,405,873,510,12,1767,42,15,35.7,27,64.3,780,3098,1561,33,41,5,40,14,859,96,Matches,ba5004e1
550,Denis Suárez,es ESP,MF,Celta Vigo,27,1994,31.3,2346,26,303,1423,647,37,2346,82,42,51.2,40,48.8,1342,8735,4970,100,100,7,57,17,1656,78,Matches,12c50af5
551,Luis Suárez,uy URU,FW,Atlético Madrid,34,1987,20.4,682,16,53,288,342,86,679,23,6,26.1,17,73.9,318,1261,521,16,11,10,47,10,530,105,Matches,a6154613
552,Mario Suárez,es ESP,DF,Rayo Vallecano,34,1987,7.9,408,59,211,182,18,10,408,6,4,66.7,2,33.3,195,1024,610,5,2,0,4,2,220,2,Matches,7106f0a0
553,Suso,es ESP,FW,Sevilla,27,1993,4.3,215,1,10,89,118,11,215,12,7,58.3,5,41.7,153,832,390,9,5,3,8,2,181,39,Matches,4e219ad2
554,Mamadou Sylla,sn SEN,FWMF,Alavés,27,1994,4.4,110,5,9,42,60,10,110,7,3,42.9,4,57.1,62,388,167,5,4,2,16,2,78,29,Matches,e5ec95f8
555,Mamadou Sylla,sn SEN,FW,Rayo Vallecano,27,1994,2.8,115,3,13,50,54,20,115,8,4,50,4,50,60,429,191,6,6,4,9,2,77,19,Matches,e5ec95f8
556,Alexander Sørloth,no NOR,FW,Real Sociedad,25,1995,19.6,696,19,48,312,351,96,696,66,38,57.6,28,42.4,417,2985,1435,55,39,18,71,52,549,112,Matches,e92cd3f7
557,Tachi,es ESP,DF,Alavés,23,1997,2.7,114,13,52,54,8,1,114,0,0,,0,,47,201,100,0,0,0,2,0,47,1,Matches,8b625720
558,Renato Tapia,pe PER,MF,Celta Vigo,26,1995,15.7,1061,59,289,695,84,9,1061,15,6,40,9,60,566,2633,1340,10,15,2,11,13,613,6,Matches,34269bdf
559,Cristian Tello,es ESP,FW,Betis,29,1991,9.1,486,7,59,187,243,34,486,27,10,37,17,63,253,1687,816,31,19,15,14,13,349,86,Matches,72a99e38
560,Nahuel Tenaglia,ar ARG,DF,Alavés,25,1996,11.9,642,44,255,269,121,8,642,11,7,63.6,4,36.4,226,1188,649,17,14,0,14,6,235,15,Matches,66654daa
561,Marc Tenas,es ESP,FWMF,Alavés,20,2001,0.6,27,2,5,10,13,1,27,1,1,100,0,0,9,189,45,0,2,0,4,1,23,4,Matches,1c5d79e2
562,Marc-André ter Stegen,de GER,GK,Barcelona,29,1992,35,1335,1097,1323,12,0,0,1335,2,2,100,0,0,777,3585,2393,0,0,0,0,0,804,0,Matches,6f51e382
563,David Timor,es ESP,MF,Getafe,31,1989,3.8,207,8,38,133,39,1,207,2,1,50,1,50,106,363,159,0,4,0,1,5,121,3,Matches,174651c8
564,Raúl de Tomás,es ESP,FW,Espanyol,26,1994,32.4,1101,47,128,483,507,129,1096,72,50,69.4,22,30.6,700,3493,1316,44,28,24,87,60,887,191,Matches,02ef8778
565,Raúl Torrente,es ESP,DF,Granada,19,2001,14.2,750,106,422,314,18,5,750,1,1,100,0,0,392,2388,1433,10,2,0,3,0,424,0,Matches,4d753a3f
566,Ferrán Torres,es ESP,FW,Barcelona,21,2000,15.7,770,11,57,301,417,88,769,37,13,35.1,24,64.9,553,2808,1180,34,25,22,45,20,643,215,Matches,9e1035f8
567,Óliver Torres,es ESP,MFFW,Sevilla,26,1994,11.2,773,10,131,435,221,23,773,26,15,57.7,11,42.3,491,2119,955,24,20,5,17,21,588,52,Matches,58a9a4d9
568,Pau Torres,es ESP,DF,Villarreal,24,1997,31.7,2259,226,1068,1091,120,35,2259,28,25,89.3,3,10.7,1456,9692,6628,59,31,0,25,5,1563,10,Matches,532e1e4f
569,Roberto Torres,es ESP,MFFW,Osasuna,32,1989,9,508,6,71,210,231,11,506,12,5,41.7,7,58.3,280,1062,379,7,9,0,12,5,328,50,Matches,d733aa38
570,Lucas Torró,es ESP,MF,Osasuna,27,1994,30.3,1629,84,375,1017,253,38,1629,25,22,88,3,12,722,3244,1332,18,21,0,33,23,829,27,Matches,0e4fef6e
571,Adama Traoré,es ESP,FW,Barcelona,25,1996,4.2,224,4,11,74,143,27,224,35,24,68.6,11,31.4,154,1501,695,34,11,16,11,5,171,55,Matches,9a28eba4
572,Óscar Trejo,ar ARG,MF,Rayo Vallecano,33,1988,22.3,1362,17,130,745,519,51,1359,127,82,64.6,45,35.4,739,4336,1971,53,51,16,78,66,924,96,Matches,fc647b34
573,Manu Trigueros,es ESP,MFFW,Villarreal,29,1991,24.2,1434,43,205,784,447,54,1434,15,8,53.3,7,46.7,901,3298,1643,30,32,6,35,27,1102,96,Matches,963829d0
574,Kieran Trippier,eng ENG,DFFW,Atlético Madrid,30,1990,10.8,862,23,227,391,248,6,862,12,7,58.3,5,41.7,423,1575,932,14,15,0,9,4,553,70,Matches,21512407
575,Beñat Turrientes,es ESP,MF,Real Sociedad,19,2002,2.3,114,2,12,61,44,4,114,11,7,63.6,4,36.4,72,316,131,3,4,1,2,3,81,6,Matches,068f4dec
576,Samuel Umtiti,fr FRA,DF,Barcelona,27,1993,1,57,10,32,26,0,0,57,0,0,,0,,29,162,132,3,0,0,0,0,35,0,Matches,3eed9821
577,Enes Ünal,tr TUR,FW,Getafe,24,1997,31.1,1077,34,70,512,504,129,1073,48,25,52.1,23,47.9,561,2152,697,24,20,11,109,55,818,127,Matches,f8eca1b6
578,Myrto Uzuni,al ALB,FWMF,Granada,26,1995,9.5,335,16,66,126,150,31,335,22,9,40.9,13,59.1,186,923,415,14,11,8,29,9,182,37,Matches,01da7812
579,Álvaro Vadillo,es ESP,DFMF,Espanyol,26,1994,0.1,13,1,5,4,4,1,13,0,0,,0,,4,43,31,2,0,1,0,0,10,2,Matches,61b62b33
580,Óscar Valentín,es ESP,MF,Rayo Vallecano,26,1994,28.5,1663,85,450,1077,158,9,1663,20,16,80,4,20,827,4794,2525,27,24,0,34,11,928,10,Matches,592f3158
581,Germán Valera,es ESP,FW,Real Sociedad,19,2002,0.6,35,0,9,6,20,0,35,7,2,28.6,5,71.4,22,127,47,1,2,0,4,1,23,8,Matches,84f55b4a
582,Martin Valjent,sk SVK,DF,Mallorca,25,1995,35.3,1697,290,1042,613,51,10,1697,6,4,66.7,2,33.3,913,5242,2914,25,16,0,11,3,958,5,Matches,f2c6ac01
583,Jesús Vallejo,es ESP,DF,Real Madrid,24,1997,3.8,268,61,173,83,14,2,268,4,2,50,2,50,139,489,198,0,0,0,0,0,170,0,Matches,c2111b45
584,Manu Vallejo,es ESP,MFFW,Alavés,24,1997,4.1,169,3,17,77,77,8,169,10,1,10,9,90,77,305,112,5,2,0,13,4,96,25,Matches,0bc4e720
585,Manu Vallejo,es ESP,FWMF,Valencia,24,1997,1.1,48,1,5,11,32,6,48,0,0,,0,,27,136,73,2,1,0,2,3,31,6,Matches,0bc4e720
586,Federico Valverde,uy URU,MF,Real Madrid,23,1998,20.4,1376,33,217,713,472,38,1376,50,32,64,18,36,913,5789,3343,76,81,5,26,9,1037,86,Matches,0959c2a2
587,José Luis García Vayá,es ESP,MF,Levante,22,1998,22.4,1486,55,365,872,270,13,1486,20,13,65,7,35,747,3336,1514,24,19,2,25,10,987,24,Matches,27dc1378
588,Jesus Vazquez,es ESP,DF,Valencia,18,2003,9,475,25,127,195,162,13,475,34,25,73.5,9,26.5,215,1537,833,26,13,2,29,10,208,38,Matches,106c142c
589,Kevin Vázquez,es ESP,DF,Celta Vigo,28,1993,14.8,1052,41,263,497,298,16,1052,16,11,68.8,5,31.3,469,1630,766,15,21,1,21,12,539,80,Matches,ee923664
590,Lucas Vázquez,es ESP,DF,Real Madrid,30,1991,20.4,1758,68,492,731,541,55,1758,31,18,58.1,13,41.9,1164,5533,2789,58,31,20,36,19,1312,156,Matches,fd51b456
591,Gabriel Veiga,es ESP,MF,Celta Vigo,19,2002,1.2,91,0,9,60,26,1,91,7,6,85.7,1,14.3,45,311,183,5,3,0,3,1,55,4,Matches,35a6e5c7
592,Unai Vencedor Paris,es ESP,MF,Athletic Club,20,2000,26.5,1504,65,292,865,359,23,1504,30,25,83.3,5,16.7,790,3096,1398,16,21,1,25,22,1025,20,Matches,4112ace5
593,Gonzalo Verdú,es ESP,DF,Elche,32,1988,15.5,842,124,505,327,11,4,842,0,0,,0,,453,1973,849,1,1,0,4,0,557,0,Matches,1c2c55fc
594,Mikel Vesga,es ESP,MF,Athletic Club,28,1993,15.1,880,49,177,551,155,16,880,15,9,60,6,40,400,1977,997,16,11,3,18,10,537,15,Matches,b0fce72c
595,Rúben Vezo,pt POR,DF,Levante,27,1994,26.9,1551,210,843,649,64,25,1551,8,5,62.5,3,37.5,862,4297,2370,21,10,0,13,5,956,8,Matches,c67cd65c
596,Aleix Vidal,es ESP,DFMF,Espanyol,31,1989,21.1,1285,64,394,495,404,18,1285,32,12,37.5,20,62.5,643,3081,1668,44,29,4,25,15,753,120,Matches,4965583
597,Nacho Vidal,es ESP,DF,Osasuna,26,1995,32.2,1924,124,591,839,509,32,1924,48,23,47.9,25,52.1,749,3429,1479,31,29,6,44,9,856,80,Matches,3a9c4b7b
598,Dídac Vilà,es ESP,DFMF,Espanyol,32,1989,2.3,116,12,40,43,33,3,116,1,1,100,0,0,58,287,143,1,2,0,6,0,59,10,Matches,bad38a94
599,Tonny Vilhena,nl NED,MFFW,Espanyol,26,1995,10.3,449,25,99,182,174,21,449,17,12,70.6,5,29.4,246,1336,756,17,19,5,23,12,292,60,Matches,c7069d87
600,Daniel Villahermosa,es ESP,MF,Espanyol,20,2001,0.3,9,1,2,7,0,0,9,1,1,100,0,0,9,46,33,1,0,0,1,1,9,0,Matches,de903ae2
601,Asier Villalibre,es ESP,FW,Athletic Club,23,1997,6.1,182,11,14,79,91,28,182,5,4,80,1,20,103,580,195,12,7,5,18,14,159,49,Matches,57be54ec
602,Gonzalo Villar,es ESP,MF,Getafe,23,1998,3.3,179,3,31,126,22,1,179,8,8,100,0,0,107,464,205,7,5,0,6,4,123,5,Matches,bdc74a8f
603,Vitolo,es ESP,MF,Getafe,31,1989,2.5,139,2,11,60,69,7,139,9,5,55.6,4,44.4,84,543,250,8,7,4,4,2,113,22,Matches,db750822
604,Daniel Vivian,es ESP,DF,Athletic Club,22,1999,22.1,1180,181,685,464,46,20,1180,5,4,80,1,20,602,2994,1656,3,3,0,14,6,606,2,Matches,ab7bf91d
605,Šime Vrsaljko,hr CRO,DF,Atlético Madrid,29,1992,10.2,718,34,215,309,194,10,718,7,5,71.4,2,28.6,346,1701,884,27,17,0,14,7,407,39,Matches,46a8347f
606,Nikola Vukčević,me MNE,MF,Levante,29,1991,1.3,91,6,26,62,6,0,91,1,1,100,0,0,45,184,86,2,1,0,2,0,40,0,Matches,4442fbcd
607,Daniel Wass,dk DEN,DFFW,Atlético Madrid,32,1989,0.5,31,1,11,10,10,0,31,1,1,100,0,0,12,73,45,1,1,0,0,0,13,2,Matches,d83bbc54
608,Daniel Wass,dk DEN,MF,Valencia,32,1989,17.6,817,32,145,493,185,11,817,9,7,77.8,2,22.2,414,1881,950,13,14,1,11,7,464,22,Matches,d83bbc54
609,Iñaki Williams,gh GHA,FW,Athletic Club,27,1994,30.9,1003,28,56,367,591,190,1002,56,28,50,27,48.2,555,3354,1539,76,37,41,90,42,815,316,Matches,6a99e0b1
610,Nico Williams,es ESP,MF,Athletic Club,19,2002,14.9,693,9,85,229,394,81,693,90,44,48.9,46,51.1,455,3371,1898,82,38,37,39,28,504,147,Matches,afdc14d7
611,Okay Yokuşlu,tr TUR,DFMF,Getafe,27,1994,5.2,247,29,121,112,20,3,247,5,5,100,0,0,122,666,298,2,1,0,5,3,129,2,Matches,e49ce451
612,Okay Yokuşlu,tr TUR,DFMF,Celta Vigo,27,1994,1.6,96,11,37,46,13,3,96,2,2,100,0,0,43,177,48,0,0,0,0,1,54,0,Matches,e49ce451
613,Joseba Zaldúa,es ESP,DF,Real Sociedad,29,1992,13,750,49,246,332,177,7,750,8,3,37.5,5,62.5,322,1642,754,17,18,0,11,7,384,57,Matches,5ca20b7a
614,Oier Zarraga,es ESP,MF,Athletic Club,22,1999,13,625,22,128,324,180,18,624,8,4,50,4,50,320,1776,930,24,21,2,20,9,414,37,Matches,968a1c2f
615,Luca Zidane,fr FRA,GK,Rayo Vallecano,23,1998,7.2,246,208,246,0,0,0,246,2,2,100,0,0,146,867,463,0,0,0,0,0,103,0,Matches,c818c4d9
616,Igor Zubeldia,es ESP,DF,Real Sociedad,24,1997,18.3,1201,115,579,584,41,12,1201,6,3,50,3,50,753,4152,2351,8,6,0,7,1,811,3,Matches,5c7845f6
617,Martín Zubimendi,es ESP,MF,Real Sociedad,22,1999,28.8,1744,107,440,1121,195,31,1744,24,17,70.8,7,29.2,991,5008,2674,24,30,2,27,12,1190,23,Matches,3ee0dd59