﻿,,,,,,,,Touches,Touches,Touches,Touches,Touches,Touches,Touches,Take-Ons,Take-Ons,Take-Ons,Take-Ons,Take-Ons,Carries,Carries,Carries,Carries,Carries,Carries,Carries,Carries,Receiving,Receiving,,#NAME?
Rk,Player,Nation,Pos,Squad,Age,Born,90s,Touches,Def Pen,Def 3rd,Mid 3rd,Att 3rd,Att Pen,Live,Att,Succ,Succ%,Tkld,Tkld%,Carries,TotDist,PrgDist,PrgC,3-Jan,CPA,Mis,Dis,Rec,PrgR,Matches,-9999
1,Dickson Abiama,ng NGA,FW,Greuther Fürth,22,1998,8.1,246,6,24,108,115,23,246,20,7,35,13,65,131,629,266,14,5,6,29,10,160,38,Matches,cadd666a
2,Ragnar Ache,de GER,MFFW,Eint Frankfurt,23,1998,2.9,117,1,7,46,65,17,117,11,6,54.5,5,45.5,72,450,176,8,5,3,16,9,97,29,Matches,dc38e3bc
3,Tyler Adams,us USA,MF,RB Leipzig,22,1999,15,1062,28,184,739,150,10,1062,23,13,56.5,10,43.5,607,2825,1319,20,21,3,20,9,750,23,Matches,2b09d998
4,Sargis Adamyan,am ARM,FWMF,Hoffenheim,28,1993,3.7,149,2,17,72,63,9,149,12,6,50,6,50,89,547,224,9,3,0,12,5,95,26,Matches,2.29E+101
5,Amine Adli,fr FRA,FWMF,Leverkusen,21,2000,14,729,9,116,347,282,57,729,37,21,56.8,16,43.2,456,2836,1731,51,29,15,47,18,531,105,Matches,dcfb17f4
6,Naouirou Ahamada,fr FRA,MFDF,Stuttgart,19,2002,0.7,38,0,5,27,6,0,38,0,0,,0,,33,120,57,0,0,0,3,0,31,1,Matches,a6c58494
7,Manuel Akanji,ch SUI,DF,Dortmund,26,1995,25.1,2195,198,963,1182,65,21,2195,9,8,88.9,1,11.1,1517,7984,4478,18,12,0,8,1,1649,8,Matches,89ac64a6
8,Kevin Akpoguma,ng NGA,DFFW,Hoffenheim,26,1995,17,1139,54,364,525,257,34,1139,47,21,44.7,26,55.3,567,2745,1419,36,17,11,30,9,628,40,Matches,6ec6fde0
9,Lucas Alario,ar ARG,FW,Leverkusen,28,1992,7.3,261,6,17,113,134,43,260,14,12,85.7,2,14.3,153,635,245,6,5,3,30,13,200,44,Matches,834d0be5
10,Nadiem Amiri,de GER,MFFW,Leverkusen,24,1996,4.1,277,1,44,155,81,6,277,12,3,25,9,75,183,1290,575,17,15,1,9,9,208,29,Matches,555d5edd
11,Sebastian Andersson,se SWE,FW,Köln,30,1991,14,397,14,26,162,211,67,397,15,6,40,9,60,199,748,221,10,4,2,53,19,304,86,Matches,b4cf5806
12,Andrés Andrade Cedeño,pa PAN,DF,Arminia,22,1998,11.6,686,66,269,305,116,12,686,18,9,50,9,50,293,1614,864,18,9,2,15,7,290,15,Matches,6ea23758
13,Fredrik André Bjørkan,no NOR,DF,Hertha BSC,22,1998,3.9,215,14,91,93,37,2,215,9,4,44.4,5,55.6,88,755,449,11,6,0,7,3,104,10,Matches,3724baa1
14,Robert Andrich,de GER,MF,Leverkusen,26,1994,20.2,1216,66,329,727,170,26,1216,14,13,92.9,1,7.1,592,2502,1261,19,14,2,13,9,745,27,Matches,e0b113a7
15,Angeliño,es ESP,DF,RB Leipzig,24,1997,25.5,1708,46,401,703,617,60,1708,19,14,73.7,5,26.3,782,2986,1429,35,21,11,30,19,1039,177,Matches,3.09E+100
16,Waldemar Anton,de GER,DF,Stuttgart,25,1996,28.8,2152,295,1116,969,95,34,2152,22,17,77.3,5,22.7,1356,7662,3975,26,14,0,25,13,1405,12,Matches,5e66fa06
17,Christopher Antwi-Adjei,gh GHA,FWMF,Bochum,27,1994,12.6,430,4,40,150,246,46,430,32,13,40.6,19,59.4,237,1673,772,35,16,13,51,18,273,85,Matches,0a3f6cde
18,Charles Aránguiz,cl CHI,MF,Leverkusen,32,1989,17.5,1281,32,322,814,152,14,1281,9,7,77.8,2,22.2,675,2342,915,6,12,0,22,8,830,14,Matches,56413b1f
19,Maximilian Arnold,de GER,MF,Wolfsburg,27,1994,33.3,2158,104,510,1276,397,5,2158,14,12,85.7,2,14.3,1104,4711,2079,18,28,2,31,17,1267,24,Matches,86e119e0
20,Takuma Asano,jp JPN,FWMF,Bochum,26,1994,17.9,580,6,67,248,285,56,580,36,20,55.6,16,44.4,371,2795,1284,48,26,16,60,19,396,109,Matches,13ddc856
21,Santiago Ascacíbar,ar ARG,MF,Hertha BSC,24,1997,26.4,1460,81,457,863,155,16,1460,23,12,52.2,11,47.8,620,2369,998,13,8,2,26,13,769,20,Matches,e26fcca3
22,Fisnik Asllani,xk KVX,MFFW,Hoffenheim,18,2002,0.1,9,0,0,4,5,0,9,1,0,0,1,100,7,15,3,0,0,0,0,0,9,2,Matches,35f67a30
23,Simon Asta,de GER,DF,Greuther Fürth,20,2001,8.7,481,22,156,215,115,11,481,5,4,80,1,20,191,966,472,7,6,3,8,3,225,37,Matches,dfc85b89
24,Taiwo Awoniyi,ng NGA,FW,Union Berlin,23,1997,24.2,829,32,56,393,396,129,827,63,35,55.6,28,44.4,501,2643,1004,36,23,19,140,41,609,171,Matches,e5478b87
25,Sardar Azmoun,ir IRN,FWMF,Leverkusen,26,1995,4,151,9,20,78,54,16,151,6,4,66.7,2,33.3,73,457,279,8,4,2,6,2,105,22,Matches,10549b49
26,Mitchel Bakker,nl NED,DF,Leverkusen,21,2000,20.2,1443,66,389,778,292,26,1443,49,28,57.1,21,42.9,768,3441,1719,38,30,4,36,14,894,95,Matches,a8567629
27,Ridle Baku,de GER,DFFW,Wolfsburg,23,1998,27.2,1702,50,461,740,517,60,1702,71,36,50.7,35,49.3,920,4838,2368,74,40,16,60,23,991,171,Matches,442b56fa
28,Aymen Barkok,ma MAR,MFDF,Eint Frankfurt,23,1998,1.8,103,7,25,52,30,0,103,7,4,57.1,3,42.9,52,414,176,3,5,0,5,8,52,3,Matches,a2a85828
29,Leandro Barreiro Martins,lu LUX,MF,Mainz 05,21,2000,19.9,806,31,187,396,231,37,806,13,5,38.5,8,61.5,378,1542,636,15,13,1,41,13,410,53,Matches,00242b75
30,Jacob Barrett Laursen,dk DEN,DF,Arminia,26,1994,18.1,945,59,295,444,214,7,945,23,12,52.2,11,47.8,364,1821,819,25,11,0,16,5,409,24,Matches,c0d3bd23
31,Abdourahmane Barry,fr FRA,DF,Greuther Fürth,21,2000,2.3,147,14,47,62,40,4,147,4,1,25,3,75,74,328,158,3,2,1,9,2,71,12,Matches,8df328f4
32,Maximilian Bauer,de GER,DF,Greuther Fürth,21,2000,18.8,1102,164,685,401,20,12,1102,2,1,50,1,50,601,2610,1135,4,3,0,5,2,634,0,Matches,44a20f0c
33,Oliver Baumann,de GER,GK,Hoffenheim,31,1990,33,1609,1277,1592,23,0,0,1609,1,1,100,0,0,1005,4395,2397,0,0,0,0,0,895,0,Matches,47064058
34,Timo Baumgartl,de GER,DF,Union Berlin,25,1996,24.1,1453,135,683,695,87,31,1453,6,4,66.7,2,33.3,764,3588,1651,7,4,0,15,8,845,14,Matches,bd7d2e6d
35,Julian Baumgartlinger,at AUT,MFFW,Leverkusen,33,1988,1,79,3,30,44,5,0,79,0,0,,0,,34,168,65,2,2,0,0,0,50,1,Matches,69374ff5
36,Christoph Baumgartner,at AUT,MFFW,Hoffenheim,21,1999,21,990,26,153,466,384,76,990,48,21,43.8,27,56.3,551,2845,1256,34,28,15,61,27,680,116,Matches,437f2b00
37,Noah Joel Sarenren Bazee,ng NGA,MFFW,Augsburg,24,1996,2.7,109,4,17,31,63,21,109,10,3,30,7,70,52,509,205,10,7,6,12,4,61,26,Matches,fbbc8e15
38,Ihlas Bebou,tg TOG,FWDF,Hoffenheim,27,1994,23.2,903,27,127,328,455,102,903,44,18,40.9,25,56.8,511,2782,1162,48,27,17,62,30,610,166,Matches,a53b661f
39,Sheraldo Becker,sr SUR,FWMF,Union Berlin,26,1995,19.5,774,3,61,292,440,62,774,39,24,61.5,15,38.5,513,3778,1941,82,54,31,45,19,586,195,Matches,8eb55dbb
40,Kevin Behrens,de GER,FW,Union Berlin,30,1991,5.5,273,9,25,130,120,38,273,8,4,50,3,37.5,134,711,230,9,2,6,18,6,200,48,Matches,30ae134d
41,Ishak Belfodil,dz ALG,FW,Hertha BSC,29,1992,18.2,643,17,56,296,295,80,642,40,18,45,22,55,370,2033,795,35,14,18,38,29,489,129,Matches,ff182fdc
42,Stefan Bell,de GER,DF,Mainz 05,29,1991,31.8,1842,216,1045,698,112,46,1842,9,7,77.8,2,22.2,903,3630,1778,13,9,2,12,4,1040,15,Matches,857a5abe
43,Armel Bella Kotchap,de GER,DF,Bochum,19,2001,19.6,965,158,554,391,29,13,965,3,2,66.7,1,33.3,539,3098,1345,9,10,1,6,5,509,1,Matches,a39d11bc
44,Karim Bellarabi,de GER,FWMF,Leverkusen,31,1990,7.6,366,10,58,156,160,35,366,33,17,51.5,16,48.5,239,1572,873,24,18,7,19,12,270,69,Matches,bee0bab1
45,Jude Bellingham,eng ENG,MF,Dortmund,18,2003,31,1959,48,331,1124,515,84,1959,96,55,57.3,41,42.7,1242,6020,2770,78,44,23,82,62,1499,138,Matches,57d88cf9
46,George Bello,us USA,DF,Arminia,19,2002,4.8,234,21,74,99,67,7,234,22,9,40.9,13,59.1,114,680,348,9,5,2,10,4,121,18,Matches,aca0a525
47,László Bénes,sk SVK,MF,M'Gladbach,23,1997,2.7,223,6,43,136,47,3,223,3,1,33.3,2,66.7,123,423,218,6,1,1,7,1,151,9,Matches,fe888e39
48,Keanan Bennetts,eng ENG,FWDF,M'Gladbach,22,1999,0.6,39,0,4,23,13,2,39,7,3,42.9,4,57.1,19,176,64,3,1,1,3,0,23,3,Matches,f4c7c708
49,Ramy Bensebaini,dz ALG,DF,M'Gladbach,26,1995,22.4,1590,131,604,795,207,39,1588,29,16,55.2,13,44.8,843,3930,2085,26,17,4,28,13,964,66,Matches,378825c7
50,Louis Beyer,de GER,DF,M'Gladbach,21,2000,15.4,1110,80,491,542,80,11,1110,15,9,60,6,40,631,2799,1494,25,18,5,7,5,776,30,Matches,9af1f9ff
51,Bartosz Bialek,pl POL,FWDF,Wolfsburg,19,2001,2,66,3,7,31,28,7,66,3,0,0,3,100,34,182,94,1,4,0,6,5,51,14,Matches,763b8b37
52,Ermin Bičakčić,ba BIH,DF,Hoffenheim,31,1990,0.1,3,1,2,1,0,0,3,0,0,,0,,2,7,3,0,0,0,0,0,3,0,Matches,7aac47fe
53,Tom Bischof,de GER,MF,Hoffenheim,16,2005,0.2,6,1,1,1,4,0,6,0,0,,0,,5,21,7,0,0,0,0,1,5,1,Matches,07d3bfec
54,Danny Blum,de GER,FW,Bochum,30,1991,3.8,215,1,18,90,110,14,215,8,5,62.5,3,37.5,105,537,244,9,7,1,8,3,142,34,Matches,eb61713c
55,Kevin-Prince Boateng,gh GHA,MFFW,Hertha BSC,34,1987,7.7,403,12,60,250,96,12,403,9,6,66.7,3,33.3,201,626,232,0,4,0,18,13,263,21,Matches,f4ec4fd0
56,Herbert Bockhorn,de GER,DF,Bochum,26,1995,9.4,456,25,129,213,124,11,456,23,15,65.2,8,34.8,229,1728,875,31,17,5,17,9,219,27,Matches,5ad8c360
57,Jean-Paul Boëtius,nl NED,MF,Mainz 05,27,1994,20,1165,20,226,675,273,13,1165,32,22,68.8,10,31.3,615,2721,1193,17,14,3,41,28,736,49,Matches,635f2732
58,Tarsis Bonga,de GER,MFFW,Bochum,24,1997,0.2,17,0,1,6,10,2,17,1,1,100,0,0,10,61,16,1,0,0,3,1,12,2,Matches,6ebbc28a
59,Solomon Bonnah,nl NED,DF,RB Leipzig,17,2003,0.1,5,0,1,3,1,0,5,0,0,,0,,3,9,1,0,0,0,0,0,3,0,Matches,dd7b6eb8
60,Sebastiaan Bornauw,be BEL,DF,Wolfsburg,22,1999,22.3,1419,205,849,545,31,26,1419,4,2,50,2,50,818,2979,1077,0,1,1,5,3,906,5,Matches,01834aa0
61,Rafael Borré,co COL,FW,Eint Frankfurt,25,1995,26.4,995,10,59,476,477,104,995,56,29,51.8,27,48.2,594,2536,1015,43,28,16,95,30,724,168,Matches,c68da769
62,Dedryck Boyata,be BEL,DF,Hertha BSC,30,1990,21.1,1019,211,636,359,28,18,1019,4,3,75,1,25,510,2236,1089,4,3,1,8,0,591,0,Matches,7c473e12
63,Julian Brandt,de GER,MFFW,Dortmund,25,1996,23.1,1575,24,178,788,622,50,1575,65,38,58.5,27,41.5,929,5020,2137,66,50,19,58,31,1148,171,Matches,a167537f
64,Iker Bravo,es ESP,FW,Leverkusen,16,2005,0.1,2,0,0,1,1,0,2,0,0,,0,,1,0,0,0,0,0,1,0,1,0,Matches,db8c8860
65,Fabian Bredlow,de GER,GK,Stuttgart,26,1995,4,141,116,139,2,0,0,141,0,0,,0,,74,310,215,0,0,0,2,0,56,0,Matches,d28339cb
66,Josip Brekalo,hr CRO,FW,Wolfsburg,23,1998,0.2,20,0,1,9,10,1,20,1,1,100,0,0,16,74,20,0,1,0,1,2,15,3,Matches,d4a2533d
67,Brian Brobbey,nl NED,FWMF,RB Leipzig,19,2002,1.5,49,0,0,23,26,8,49,2,2,100,0,0,29,121,26,1,1,0,8,1,39,12,Matches,4c184730
68,John Brooks,us USA,DF,Wolfsburg,28,1993,29.1,2047,217,1018,967,72,26,2047,13,9,69.2,4,30.8,1210,5970,3192,22,17,2,23,5,1283,4,Matches,e27da244
69,Daniel Brosinski,de GER,DF,Mainz 05,33,1988,4.3,276,16,70,122,88,0,276,2,0,0,2,100,118,618,360,9,5,0,6,2,147,24,Matches,a7813ac4
70,Cédric Brunner,ch SUI,DF,Arminia,27,1994,24.3,1417,105,482,647,303,6,1417,28,15,53.6,13,46.4,578,2755,1092,23,25,1,20,11,597,45,Matches,f0a37d36
71,Jacob Bruun Larsen,dk DEN,FWMF,Hoffenheim,22,1998,9,384,6,55,149,186,46,384,21,9,42.9,12,57.1,244,1732,819,31,17,14,22,6,291,106,Matches,4e204552
72,Sascha Burchert,de GER,GK,Greuther Fürth,31,1989,14,598,501,590,8,0,0,598,0,0,,0,,326,1688,1162,0,0,0,0,0,259,0,Matches,25bdea4b
73,Delano Burgzorg,nl NED,MF,Mainz 05,22,1998,0.3,12,0,1,2,9,4,12,4,1,25,3,75,7,96,3,0,1,1,2,0,8,3,Matches,05e2d5ea
74,Jonathan Burkardt,de GER,FWMF,Mainz 05,21,2000,29,986,21,79,436,493,160,985,79,40,50.6,39,49.4,619,3444,1599,65,37,34,117,62,717,200,Matches,05f99a4a
75,Roman Bürki,ch SUI,GK,Dortmund,30,1990,1,24,14,23,1,0,0,24,0,0,,0,,11,59,27,0,0,0,0,0,10,0,Matches,9d12e142
76,Jamie Bynoe-Gittens,eng ENG,FW,Dortmund,16,2004,1.5,72,3,8,27,39,7,72,21,13,61.9,8,38.1,56,456,209,8,7,4,6,5,59,18,Matches,10745192
77,Daniel Caligiuri,it ITA,DFMF,Augsburg,33,1988,22.3,1250,60,264,578,430,29,1247,64,40,62.5,24,37.5,585,3793,1725,52,44,9,69,37,601,90,Matches,d1273f09
78,Emre Can,de GER,DFMF,Dortmund,27,1994,18.8,1647,104,553,946,160,17,1643,27,18,66.7,9,33.3,1006,4937,2354,31,26,3,22,9,1140,19,Matches,a65ce836
79,Koen Casteels,be BEL,GK,Wolfsburg,29,1992,28,1143,916,1136,11,0,0,1143,2,2,100,0,0,681,3155,1653,0,0,0,1,0,605,0,Matches,db401046
80,Gonzalo Castro,de GER,MFFW,Arminia,34,1987,4.8,214,4,37,108,76,8,214,5,2,40,3,60,105,485,240,7,4,0,10,2,116,15,Matches,68829001
81,Julian Chabot,de GER,DF,Köln,23,1998,2.3,185,12,99,82,4,2,185,2,1,50,1,50,98,355,157,0,1,0,3,0,108,0,Matches,ae7058f9
82,Timothy Chandler,us USA,DF,Eint Frankfurt,31,1990,13.5,694,39,192,287,217,26,694,8,3,37.5,5,62.5,297,1203,564,16,16,5,15,6,353,63,Matches,b3b7f5a6
83,Justin Che,us USA,FWDF,Hoffenheim,17,2003,0.5,30,0,5,17,8,2,30,0,0,,0,,17,92,52,0,0,0,0,0,19,5,Matches,3c569f37
84,Max Christiansen,de GER,MF,Greuther Fürth,24,1996,22.8,1234,102,384,758,103,7,1234,12,5,41.7,7,58.3,561,2483,990,8,12,0,16,8,634,9,Matches,e7b899b8
85,Kingsley Coman,fr FRA,FWDF,Bayern Munich,25,1996,15.1,924,11,73,317,547,110,924,85,48,56.5,37,43.5,611,4030,2080,83,40,41,51,29,742,233,Matches,042e8a49
86,Lucas Copado,de GER,FW,Bayern Munich,17,2004,0.2,8,0,2,2,4,2,8,1,1,100,0,0,2,5,1,0,0,0,1,0,3,0,Matches,8356931a
87,Sergio Córdova,ve VEN,FWMF,Augsburg,23,1997,3.6,95,4,12,37,48,16,95,8,2,25,6,75,48,264,105,6,2,2,8,9,63,16,Matches,229cd98a
88,Danny da Costa,de GER,DFMF,Eint Frankfurt,28,1993,8.1,408,28,117,176,119,9,408,11,5,45.5,6,54.5,170,904,442,12,7,5,11,2,174,29,Matches,5ddb8f9f
89,Tanguy Coulibaly,fr FRA,FWMF,Stuttgart,20,2001,12,499,10,99,212,197,25,499,43,22,51.2,21,48.8,286,1857,807,27,21,7,43,15,307,88,Matches,05ba9d7c
90,Mickaël Cuisance,fr FRA,MF,Bayern Munich,21,1999,0.1,13,0,2,8,3,1,13,1,1,100,0,0,10,74,13,0,0,0,0,2,10,1,Matches,5722eced
91,Matheus Cunha,br BRA,FW,Hertha BSC,22,1999,0.7,21,0,2,11,8,4,21,2,1,50,1,50,13,66,36,2,1,0,3,2,11,1,Matches,dc62b55d
92,Rafael Czichos,de GER,DF,Köln,31,1990,15.6,1223,141,648,555,31,15,1223,6,4,66.7,2,33.3,741,4430,2806,19,2,1,8,0,796,3,Matches,b0a0698b
93,Lennart-Marten Czyborra,de GER,DF,Arminia,22,1999,1.5,66,4,20,27,21,0,66,4,1,25,3,75,24,162,99,2,5,0,1,3,25,3,Matches,7ba1f1ef
94,Moanes Dabbur,il ISR,FWMF,Hoffenheim,29,1992,14.6,686,5,60,330,306,78,686,44,16,36.4,28,63.6,388,1488,505,11,11,4,41,36,483,96,Matches,eac044ad
95,Finn Dahmen,de GER,GK,Mainz 05,23,1998,2,83,69,83,0,0,0,83,0,0,,0,,44,242,110,0,0,0,0,0,42,0,Matches,dee3013b
96,Mahmoud Dahoud,de GER,MF,Dortmund,25,1996,18.4,1263,43,235,745,296,24,1263,41,26,63.4,15,36.6,711,3499,1624,28,24,6,31,13,877,46,Matches,db4ed67b
97,Márton Dárdai,de GER,DF,Hertha BSC,19,2002,8.4,480,47,289,164,29,7,480,3,3,100,0,0,254,1348,853,7,1,0,5,4,282,2,Matches,41bff4fa
98,Vladimír Darida,cz CZE,MF,Hertha BSC,30,1990,19.8,1153,32,255,637,268,20,1153,29,18,62.1,11,37.9,567,2746,1018,15,14,0,37,23,744,69,Matches,3eb0f2df
99,Alphonso Davies,ca CAN,DF,Bayern Munich,20,2000,19.3,1592,45,358,678,594,80,1592,125,80,64,45,36,980,6590,4087,113,73,38,47,24,1030,201,Matches,d781d855
100,Saulo Decarli,ch SUI,DF,Bochum,29,1992,0.1,7,0,1,4,2,1,7,0,0,,0,,5,11,6,0,0,0,0,0,5,0,Matches,41df88b8
101,Thomas Delaney,dk DEN,MF,Dortmund,29,1991,0.2,14,0,2,10,2,0,14,1,0,0,1,100,5,8,1,0,0,0,0,0,8,0,Matches,fe641c1a
102,Kerem Demirbay,de GER,MF,Leverkusen,28,1993,22.8,1681,73,350,935,411,34,1679,42,28,66.7,14,33.3,947,4749,2165,34,35,6,34,23,1039,47,Matches,54b4dc4e
103,Ermedin Demirović,ba BIH,FW,Freiburg,23,1998,9.7,303,8,35,100,172,56,303,19,10,52.6,9,47.4,165,806,314,16,11,8,31,14,195,74,Matches,ed79b7d3
104,Mike van der Hoorn,nl NED,DF,Arminia,28,1992,0.2,5,2,4,1,0,0,5,0,0,,0,,2,3,3,0,0,0,0,0,2,0,Matches,25f50295
105,Moussa Diaby,fr FRA,FWMF,Leverkusen,22,1999,30.7,1318,6,97,602,645,133,1317,129,56,43.4,73,56.6,937,5928,3138,131,71,45,71,30,1031,261,Matches,aeed5c06
106,Daniel Didavi,de GER,MFFW,Stuttgart,31,1990,3.1,146,1,13,68,68,8,146,7,5,71.4,2,28.6,94,552,276,6,5,2,9,6,106,25,Matches,d3096421
107,Javairô Dilrosun,nl NED,FW,Hertha BSC,23,1998,1.5,51,1,14,28,11,0,51,4,2,50,2,50,32,258,111,3,4,0,3,3,34,4,Matches,34a0f5ff
108,Lee Dongjun,kr KOR,MFFW,Hertha BSC,24,1997,1.3,47,0,7,17,24,8,47,8,2,25,6,75,21,189,68,4,2,3,6,4,25,8,Matches,96d0b6f0
109,Niklas Dorsch,de GER,MF,Augsburg,23,1998,25.8,1372,81,473,787,134,0,1372,48,34,70.8,14,29.2,713,3199,1258,11,14,0,22,24,717,7,Matches,7f73bdf4
110,Ondrej Duda,sk SVK,MFFW,Köln,26,1994,17.9,902,17,85,487,343,52,902,66,37,56.1,29,43.9,538,2596,923,25,15,10,66,24,600,81,Matches,79ca3e23
111,Jeremy Dudziak,tn TUN,MFFW,Greuther Fürth,25,1995,12.6,465,4,57,226,190,31,465,33,14,42.4,19,57.6,242,1442,593,18,17,8,29,23,273,62,Matches,5a8d6540
112,Erik Durm,de GER,DF,Eint Frankfurt,29,1992,5.3,334,13,83,181,72,4,334,1,0,0,1,100,162,911,470,14,11,1,6,4,167,20,Matches,cf623c78
113,Maximilian Eggestein,de GER,MF,Freiburg,24,1996,24.4,1208,53,241,662,315,34,1208,19,7,36.8,12,63.2,520,2303,1208,23,19,0,42,22,689,52,Matches,beb882a8
114,Lilian Egloff,de GER,MFDF,Stuttgart,18,2002,0.3,16,0,2,7,7,1,16,0,0,,0,,11,16,1,0,0,0,5,0,12,4,Matches,2f7fec15
115,Kingsley Ehizibue,nl NED,DF,Köln,26,1995,7.6,483,30,195,206,86,4,483,15,5,33.3,10,66.7,235,1275,727,22,12,2,13,6,235,22,Matches,76b2817e
116,Julian Eitschberger,de GER,DF,Hertha BSC,17,2004,0.5,40,5,18,18,4,1,40,0,0,,0,,20,74,57,2,0,0,0,0,19,1,Matches,943b9602
117,Jurgen Ekkelenkamp,nl NED,MFFW,Hertha BSC,21,2000,8,339,3,44,176,123,26,339,12,6,50,6,50,170,676,318,9,7,3,27,11,221,48,Matches,73d6a176
118,Nico Elvedi,ch SUI,DF,M'Gladbach,24,1996,27,1992,204,1074,888,41,23,1992,7,6,85.7,1,14.3,1177,5347,2774,13,8,0,9,6,1323,3,Matches,48035304
119,Breel Embolo,ch SUI,FW,M'Gladbach,24,1997,24.1,833,15,36,428,378,102,833,76,42,55.3,34,44.7,514,2762,1110,38,35,19,90,60,665,158,Matches,0b4f388a
120,Keita Endo,jp JPN,MF,Union Berlin,23,1997,0.6,36,0,4,12,20,5,36,1,0,0,1,100,24,108,50,1,0,0,2,0,28,12,Matches,1a83027b
121,Wataru Endo,jp JPN,MF,Stuttgart,28,1993,32.2,1981,96,494,1151,359,54,1981,54,34,63,20,37,1051,4554,2186,34,29,6,51,42,1290,63,Matches,c149016b
122,Michael Esser,de GER,GK,Bochum,33,1987,3,146,126,146,0,0,0,146,0,0,,0,,88,416,252,0,0,0,0,0,73,0,Matches,83e0eeb4
123,Wahidullah Faghir,dk DEN,FW,Stuttgart,18,2003,1.4,46,0,0,17,31,6,46,6,5,83.3,1,16.7,35,161,59,2,6,1,4,1,43,18,Matches,93c9e7d9
124,Ömer Faruk Beyaz,tr TUR,DFMF,Stuttgart,17,2003,0.8,53,0,6,22,25,3,53,1,0,0,1,100,24,103,28,0,1,1,6,1,35,5,Matches,8307b663
125,Adrian Fein,de GER,MF,Greuther Fürth,22,1999,0.4,12,0,2,8,2,1,12,0,0,,0,,7,27,14,0,0,0,0,1,7,1,Matches,60097ff6
126,Ohis Felix Uduokhai,de GER,DF,Augsburg,23,1997,8.7,502,65,289,196,23,3,502,9,8,88.9,1,11.1,292,1570,831,7,3,0,1,5,310,4,Matches,677da306
127,Edimilson Fernandes,ch SUI,MFFW,Arminia,25,1996,3.1,157,11,29,69,61,6,157,4,3,75,1,25,99,426,208,6,5,2,5,6,101,21,Matches,3bb625ac
128,Alfreð Finnbogason,is ISL,FW,Augsburg,32,1989,3.2,112,10,18,47,48,14,112,7,2,28.6,5,71.4,62,278,117,2,2,2,9,5,74,14,Matches,f9e7c4ac
129,Mark Flekken,nl NED,GK,Freiburg,28,1993,32,1396,1088,1371,27,0,0,1396,2,2,100,0,0,827,5135,2956,0,0,0,0,0,686,0,Matches,a92ab7be
130,Emil Forsberg,se SWE,MF,RB Leipzig,29,1991,19,951,8,69,481,413,61,947,31,23,74.2,8,25.8,592,3087,1391,39,40,12,55,26,743,118,Matches,9a2e0ccc
131,Philipp Förster,de GER,MFFW,Stuttgart,26,1995,10.7,569,3,66,280,229,36,569,18,9,50,9,50,328,1963,1021,33,30,10,23,10,400,59,Matches,76fa965f
132,Timothy Fosu-Mensah,nl NED,DF,Leverkusen,23,1998,1.6,109,5,33,51,28,1,109,2,1,50,1,50,47,211,94,2,4,0,2,0,54,6,Matches,a9142dc3
133,Raphael Framberger,de GER,DF,Augsburg,25,1995,9.4,554,30,162,239,156,4,554,12,6,50,6,50,206,1056,540,20,6,0,14,2,265,32,Matches,626fab5f
134,Marvin Friedrich,de GER,DF,M'Gladbach,25,1995,6.7,549,48,306,228,15,9,549,1,0,0,1,100,325,1206,463,1,0,0,2,0,397,4,Matches,b77f44a4
135,Marvin Friedrich,de GER,DF,Union Berlin,25,1995,13,773,91,403,329,48,19,773,7,5,71.4,2,28.6,430,2046,1198,6,4,1,11,5,462,6,Matches,b77f44a4
136,Jeremie Frimpong,nl NED,DF,Leverkusen,20,2000,22.8,1480,69,467,655,382,62,1480,79,47,59.5,32,40.5,854,6153,3459,112,73,32,48,26,889,121,Matches,74f2e748
137,Christian Früchtl,de GER,GK,Bayern Munich,21,2000,0.1,4,2,4,0,0,0,4,0,0,,0,,2,1,0,0,0,0,0,0,2,0,Matches,1940be91
138,Chris Führich,de GER,FWMF,Stuttgart,23,1998,19,900,16,109,412,402,41,900,65,40,61.5,25,38.5,521,3376,1684,61,41,11,42,23,581,102,Matches,0cf778df
139,Marius Funk,de GER,GK,Greuther Fürth,25,1996,8,392,327,391,1,0,0,392,0,0,,0,,206,1094,533,0,0,0,0,0,196,0,Matches,86314793
140,Stephan Fürstner,de GER,MF,Mainz 05,33,1987,0.1,5,0,1,4,0,0,5,0,0,,0,,3,6,1,0,0,0,0,0,2,0,Matches,18c2e247
141,Mijat Gaćinović,rs SRB,FWMF,Hoffenheim,26,1995,1.2,64,2,11,37,18,1,64,3,3,100,0,0,31,127,66,1,1,0,2,2,37,2,Matches,16daec92
142,Cristian Gamboa,cr CRC,DF,Bochum,31,1989,19.1,1178,79,468,570,161,7,1178,22,14,63.6,8,36.4,556,3243,1716,34,22,4,17,7,567,19,Matches,f27680d9
143,Silvère Ganvoula M'Boussy,cg CGO,FW,Bochum,25,1996,1.7,79,2,3,36,43,9,79,3,2,66.7,1,33.3,34,213,104,3,4,3,9,4,58,9,Matches,6c731625
144,Linus Gechter,de GER,DF,Hertha BSC,17,2004,8,466,60,251,200,19,6,466,1,1,100,0,0,266,1483,704,7,3,0,8,1,294,2,Matches,ad2b068c
145,Dennis Geiger,de GER,MF,Hoffenheim,23,1998,15.3,908,25,182,532,204,12,908,10,5,50,5,50,508,2448,1015,16,15,1,15,9,581,22,Matches,37f606f0
146,Yannick Gerhardt,de GER,MFDF,Wolfsburg,27,1994,17.5,1021,39,221,560,256,34,1021,21,14,66.7,7,33.3,544,2907,1448,42,33,3,34,15,600,79,Matches,62ab9184
147,Hamadi Al Ghaddioui,ma MAR,FW,Stuttgart,30,1990,5.5,171,7,14,78,79,21,171,4,0,0,4,100,67,189,68,3,1,2,16,6,123,29,Matches,5723931e
148,Niko Gießelmann,de GER,DFFW,Union Berlin,29,1991,23.1,1323,42,313,596,421,31,1323,20,4,20,16,80,573,2465,1085,19,21,2,24,9,710,81,Matches,7242b495
149,Rafał Gikiewicz,pl POL,GK,Augsburg,33,1987,34,1350,1085,1329,21,0,0,1350,0,0,,0,,668,3894,2348,0,0,0,3,0,554,0,Matches,17376543
150,Daniel Ginczek,de GER,MFFW,Wolfsburg,30,1991,0.1,7,0,1,3,3,1,7,0,0,,0,,3,3,0,0,0,0,1,0,4,1,Matches,e5f63987
151,Matthias Ginter,de GER,DF,M'Gladbach,27,1994,26.2,1996,132,867,961,176,44,1996,10,6,60,4,40,1227,6114,3665,36,25,2,11,3,1432,40,Matches,f521b80a
152,Serge Gnabry,de GER,FWDF,Bayern Munich,26,1995,24.3,1661,13,167,687,824,152,1661,104,63,60.6,41,39.4,1053,6186,3007,100,77,43,62,21,1253,313,Matches,88e357ef
153,Leon Goretzka,de GER,MF,Bayern Munich,26,1995,15.5,1042,27,188,557,307,57,1042,14,10,71.4,4,28.6,547,2405,1132,25,21,2,27,13,740,71,Matches,cc86b9a3
154,Jeffrey Gouweleeuw,nl NED,DF,Augsburg,30,1991,28.6,1528,200,858,620,75,26,1527,19,14,73.7,5,26.3,732,4148,2377,19,13,2,23,6,788,10,Matches,1025db8e
155,Jens Grahl,de GER,GK,Eint Frankfurt,32,1988,1,32,32,32,0,0,0,32,0,0,,0,,17,86,40,0,0,0,0,0,14,0,Matches,f26dee6b
156,Julian Green,us USA,MF,Greuther Fürth,26,1995,11.7,538,9,67,286,193,10,538,17,8,47.1,9,52.9,290,1690,849,29,27,1,19,5,342,46,Matches,ad1d6fa4
157,Michael Gregoritsch,at AUT,FWMF,Augsburg,27,1994,15.5,614,35,73,325,221,60,613,20,5,25,15,75,229,946,384,13,15,2,39,14,386,67,Matches,8e235926
158,Sebastian Griesbeck,de GER,DFMF,Greuther Fürth,30,1990,27.1,1171,134,625,512,44,18,1171,7,4,57.1,3,42.9,547,2471,953,3,4,0,24,8,572,3,Matches,a8db7ebb
159,Sebastian Griesbeck,de GER,MF,Union Berlin,30,1990,0.1,2,0,0,2,0,0,2,0,0,,0,,0,0,0,0,0,0,0,0,0,0,Matches,a8db7ebb
160,Vincenzo Grifo,it ITA,MFFW,Freiburg,28,1993,30.8,1689,38,207,783,717,74,1683,60,37,61.7,23,38.3,882,4486,2233,54,52,21,48,28,1107,165,Matches,54e4866f
161,Lennart Grill,de GER,GK,Leverkusen,22,1999,1,50,45,50,0,0,0,50,0,0,,0,,31,167,80,0,0,0,0,0,23,0,Matches,37998008
162,Florian Grillitsch,at AUT,DFMF,Hoffenheim,25,1995,16.6,1207,114,484,649,85,6,1207,8,5,62.5,3,37.5,755,4320,2142,22,13,1,9,5,787,15,Matches,ffbbc83b
163,Carlos Gruezo,ec ECU,MF,Augsburg,26,1995,10.8,415,24,119,241,60,4,415,3,3,100,0,0,208,897,340,3,4,1,11,8,219,6,Matches,f2dd9a21
164,Raphaël Guerreiro,pt POR,DF,Dortmund,27,1993,19.9,1724,44,419,866,452,29,1723,49,26,53.1,23,46.9,1016,4823,2717,61,52,7,30,13,1205,95,Matches,048a1cbc
165,Josuha Guilavogui,fr FRA,MFDF,Wolfsburg,30,1990,10.5,666,66,265,343,67,11,666,8,7,87.5,1,12.5,350,1290,521,3,6,0,12,9,352,9,Matches,e6c43eec
166,Péter Gulácsi,hu HUN,GK,RB Leipzig,31,1990,33,1235,1006,1206,31,0,0,1235,0,0,,0,,704,3227,1767,0,0,0,2,1,647,0,Matches,bcb2ccd8
167,Manuel Gulde,de GER,DF,Freiburg,30,1991,13.6,693,71,374,308,17,3,693,4,2,50,2,50,314,1341,638,2,1,0,6,1,410,0,Matches,25ab9c9c
168,Robert Gumny,pl POL,DF,Augsburg,23,1998,25.2,1199,92,480,507,219,25,1199,23,12,52.2,11,47.8,534,2874,1564,34,26,4,20,17,579,41,Matches,1df0c0b9
169,Christian Günter,de GER,DFMF,Freiburg,28,1993,34,1931,72,430,796,719,53,1931,45,20,44.4,25,55.6,863,3739,1909,57,57,9,39,7,1058,179,Matches,8593f88c
170,Lasse Günther,de GER,DF,Augsburg,18,2003,1.8,83,5,34,33,17,2,83,1,1,100,0,0,38,231,92,3,2,1,1,1,45,3,Matches,672803
171,Joško Gvardiol,hr CRO,DF,RB Leipzig,19,2002,26.8,2431,190,990,1278,190,32,2431,49,37,75.5,12,24.5,1488,6817,3794,47,33,5,28,20,1695,25,Matches,5ad50391
172,Erling Haaland,no NOR,FW,Dortmund,21,2000,21.2,701,31,52,290,365,149,695,24,13,54.2,11,45.8,334,1437,754,40,15,24,58,16,511,137,Matches,1f44ac21
173,Janik Haberer,de GER,MF,Freiburg,27,1994,9.1,415,20,103,217,100,11,415,6,2,33.3,4,66.7,156,653,261,4,8,1,14,6,212,17,Matches,70dcf94d
174,Alexander Hack,de GER,DF,Mainz 05,27,1993,23,1430,172,767,611,60,31,1430,12,7,58.3,5,41.7,653,2500,1395,5,6,0,15,1,716,7,Matches,a5ec3ede
175,Robin Hack,de GER,FWMF,Arminia,22,1998,15.2,691,10,79,331,295,33,691,58,28,48.3,30,51.7,418,2506,954,32,34,9,58,36,480,83,Matches,0174ba21
176,André Hahn,de GER,MFFW,Augsburg,30,1990,23.3,771,55,137,304,335,79,771,31,13,41.9,18,58.1,358,1828,584,25,17,6,64,22,458,95,Matches,cd82452e
177,Amadou Haidara,ml MLI,MF,RB Leipzig,23,1998,14.7,940,8,139,648,162,13,940,24,19,79.2,5,20.8,475,2207,1045,12,17,2,16,15,615,18,Matches,92432bc6
178,Marcel Halstenberg,de GER,DF,RB Leipzig,29,1991,5.6,469,22,175,250,47,8,469,8,7,87.5,1,12.5,261,1116,613,5,5,1,5,1,323,8,Matches,8ff2354e
179,Genki Haraguchi,jp JPN,MF,Union Berlin,30,1991,19.5,761,25,149,418,203,28,761,21,13,61.9,8,38.1,358,1980,974,40,14,7,25,14,410,45,Matches,f24ea523
180,Luis Hartwig,de GER,FW,Bochum,18,2002,0,2,0,0,2,0,0,2,0,0,,0,,0,0,0,0,0,0,0,0,1,0,Matches,a3f30508
181,Makoto Hasebe,jp JPN,DF,Eint Frankfurt,37,1984,13.2,1061,90,478,566,23,0,1061,7,5,71.4,2,28.6,681,3403,2049,10,5,1,4,3,679,2,Matches,9ab16552
182,Thorgan Hazard,be BEL,FWDF,Dortmund,28,1993,14.9,990,18,151,435,411,53,990,42,23,54.8,19,45.2,522,2611,1178,37,22,14,23,17,651,131,Matches,50871bcc
183,Jonas Hector,de GER,DF,Köln,31,1990,28.4,1989,116,628,943,437,62,1989,31,16,51.6,15,48.4,1020,5386,2531,64,38,11,28,12,1100,126,Matches,c2009df3
184,Hwang Hee-chan,kr KOR,FW,RB Leipzig,25,1996,0.5,15,0,1,7,7,2,15,3,2,66.7,1,33.3,9,49,30,2,0,1,2,0,12,4,Matches,169fd162
185,Dominique Heintz,de GER,DF,Union Berlin,27,1993,5.2,304,25,112,183,11,2,304,4,3,75,1,25,174,942,510,5,2,0,3,0,190,4,Matches,699fb8db
186,Dominique Heintz,de GER,DF,Freiburg,27,1993,0.3,22,1,17,5,0,0,22,0,0,,0,,16,57,32,0,0,0,0,0,18,0,Matches,699fb8db
187,Benjamin Henrichs,de GER,DF,RB Leipzig,24,1997,12.7,834,27,180,407,255,38,834,17,10,58.8,7,41.2,415,1916,949,24,17,4,14,13,551,87,Matches,0a89e877
188,Lucas Hernández,fr FRA,DF,Bayern Munich,25,1996,22.6,2203,121,789,1258,169,13,2203,25,17,68,8,32,1384,6953,4151,47,47,5,15,6,1628,32,Matches,c3ee18ef
189,Patrick Herrmann,de GER,DFFW,M'Gladbach,30,1991,8.4,451,9,76,160,218,28,451,13,9,69.2,4,30.8,220,1254,571,19,11,9,16,8,272,88,Matches,dfb6490a
190,Piero Hincapié,ec ECU,DF,Leverkusen,19,2002,19.5,1446,138,572,766,114,13,1446,29,15,51.7,14,48.3,850,4872,2815,43,20,1,26,13,875,34,Matches,0c7a48f8
191,Martin Hinteregger,at AUT,DF,Eint Frankfurt,28,1992,24.7,1678,177,878,761,46,21,1678,8,3,37.5,5,62.5,881,4473,1669,5,6,1,21,4,878,4,Matches,080440a4
192,Marwin Hitz,ch SUI,GK,Dortmund,33,1987,4.5,191,162,190,2,0,0,191,0,0,,0,,109,483,269,0,0,0,0,0,92,0,Matches,2e7ff968
193,Nicolas Höfler,de GER,MF,Freiburg,31,1990,28.9,1524,89,400,908,227,35,1524,30,23,76.7,7,23.3,695,3109,1308,15,21,0,30,12,826,17,Matches,5d8e331f
194,Jonas Hofmann,de GER,MFFW,M'Gladbach,29,1992,23.1,1494,21,193,749,563,93,1494,44,21,47.7,23,52.3,783,4080,1913,60,31,25,45,23,1022,161,Matches,2903a856
195,Lucas Höler,de GER,FW,Freiburg,27,1994,28.7,1303,41,153,534,630,115,1303,47,21,44.7,26,55.3,638,3042,1147,33,23,13,94,44,957,208,Matches,ca618d23
196,Gerrit Holtmann,ph PHI,FWMF,Bochum,26,1995,20.4,598,5,70,205,344,54,598,91,38,41.8,53,58.2,385,3581,1925,81,56,28,56,39,404,132,Matches,2979c05a
197,Justin Hoogma,nl NED,DF,Greuther Fürth,23,1998,3,200,21,110,87,4,1,200,0,0,,0,,141,646,296,0,1,0,0,0,144,0,Matches,816192f0
198,Jannes Horn,de GER,DF,Köln,24,1997,5.3,348,19,104,149,102,2,348,9,4,44.4,5,55.6,162,1016,617,18,20,1,5,2,185,25,Matches,2b83fa49
199,Timo Horn,de GER,GK,Köln,28,1993,13,544,463,541,3,0,0,544,1,1,100,0,0,324,1309,738,0,0,0,0,0,303,0,Matches,3cd9e95a
200,Lukáš Hrádecký,fi FIN,GK,Leverkusen,31,1989,32,1336,1073,1327,9,0,0,1336,0,0,,0,,802,3995,2261,0,0,0,0,0,698,1,Matches,ad3389d5
201,Branimir Hrgota,se SWE,FW,Greuther Fürth,28,1993,30.9,1127,9,82,512,550,93,1122,82,33,40.2,49,59.8,692,4222,1508,51,43,15,93,54,751,200,Matches,710fbdd1
202,Ajdin Hrustic,au AUS,MF,Eint Frankfurt,25,1996,10.7,747,15,139,449,167,13,747,24,12,50,12,50,449,1997,817,12,14,2,20,19,527,42,Matches,1f2d714c
203,Timo Hübers,de GER,DF,Köln,25,1996,19.3,1523,226,921,573,39,22,1523,7,6,85.7,1,14.3,805,3777,2085,8,13,2,19,4,856,5,Matches,94302c52
204,Benjamin Hübner,de GER,DF,Hoffenheim,32,1989,4.2,324,16,121,180,26,9,324,3,1,33.3,2,66.7,201,877,551,5,3,1,1,1,231,2,Matches,99de6b6f
205,Mats Hummels,de GER,DF,Dortmund,32,1988,19.6,1711,169,834,841,47,15,1711,8,6,75,2,25,1043,5154,2909,18,11,0,12,2,1165,4,Matches,05d548d8
206,Iago,br BRA,DF,Augsburg,24,1997,24.2,1466,87,469,633,383,35,1466,30,12,40,18,60,668,3873,1875,59,37,13,35,20,739,102,Matches,054849d2
207,Stefan Ilsanker,at AUT,DFMF,Eint Frankfurt,32,1989,3,162,27,94,60,10,3,162,1,0,0,1,100,64,218,119,0,1,0,2,1,59,0,Matches,8494acc4
208,Burak İnce,tr TUR,FW,Arminia,17,2004,1.5,47,0,3,22,24,6,47,3,3,100,0,0,30,194,76,4,4,1,2,3,36,12,Matches,683dec01
209,Marcus Ingvartsen,dk DEN,MF,Union Berlin,25,1996,1.4,43,2,7,25,11,2,43,3,2,66.7,1,33.3,19,77,7,0,0,0,4,1,28,4,Matches,271b8617
210,Marcus Ingvartsen,dk DEN,FWMF,Mainz 05,25,1996,7.6,337,5,28,164,146,37,336,18,8,44.4,10,55.6,166,668,255,10,11,5,36,11,235,51,Matches,271b8617
211,Hiroki Ito,jp JPN,DF,Stuttgart,22,1999,26.1,2108,229,991,1021,108,13,2108,9,5,55.6,4,44.4,1289,5802,2991,21,16,1,17,2,1409,22,Matches,204dded0
212,Cedric Itten,ch SUI,FW,Greuther Fürth,24,1996,7.1,218,7,15,99,104,32,218,6,2,33.3,4,66.7,107,424,143,8,1,4,26,13,164,46,Matches,ef233486
213,Gian-Luca Itter,de GER,DF,Greuther Fürth,22,1999,16.2,990,70,365,439,196,7,990,20,14,70,6,30,414,2122,1241,28,17,1,12,6,525,40,Matches,e6c15f6e
214,Lee Jae-sung,kr KOR,MFFW,Mainz 05,28,1992,16,862,26,119,445,304,38,862,23,12,52.2,11,47.8,457,2026,735,21,18,5,52,26,545,93,Matches,34b0387f
215,Paul Jaeckel,de GER,DF,Union Berlin,23,1998,22.7,1427,136,721,685,36,10,1427,21,19,90.5,2,9.5,763,3625,1822,13,11,2,19,5,809,5,Matches,a93b6f4e
216,Kristijan Jakić,hr CRO,MF,Eint Frankfurt,24,1997,20.9,1077,46,219,679,192,28,1077,28,14,50,14,50,535,2587,1158,23,19,3,31,25,608,27,Matches,a8ee54ad
217,Tony Jantschke,de GER,DF,M'Gladbach,31,1990,2.5,145,11,67,76,2,2,145,0,0,,0,,71,259,92,2,0,1,0,0,96,1,Matches,34b54da7
218,Dennis Jastrzembski,pl POL,DFFW,Hertha BSC,21,2000,2.5,136,4,33,51,55,8,136,8,3,37.5,5,62.5,63,467,206,9,6,4,6,1,68,21,Matches,6bba916f
219,Fredrik Jensen,fi FIN,MFFW,Augsburg,23,1997,4.6,154,2,21,60,76,15,154,4,2,50,2,50,70,429,236,10,6,2,6,1,86,21,Matches,3eeb80e0
220,Marco John,de GER,DF,Hoffenheim,19,2002,0.5,20,0,4,10,7,1,20,1,1,100,0,0,7,61,51,2,2,1,0,0,10,2,Matches,d9e196bf
221,Stevan Jovetić,me MNE,FWMF,Hertha BSC,31,1989,11.3,490,11,53,252,192,43,490,22,13,59.1,9,40.9,279,1630,816,28,24,3,23,22,404,70,Matches,f36c432f
222,Gideon Jung,de GER,DF,Greuther Fürth,26,1994,1.6,79,7,41,37,1,1,79,2,1,50,1,50,43,197,95,2,0,0,1,0,46,0,Matches,a2e7de6f
223,Anton Kade,de GER,FWMF,Hertha BSC,17,2004,0.9,52,0,14,20,19,4,52,8,1,12.5,7,87.5,20,164,41,2,2,2,2,0,23,5,Matches,6d7598d5
224,Pavel Kadeřábek,cz CZE,DFMF,Hoffenheim,29,1992,13.3,801,37,185,336,284,42,801,4,1,25,3,75,360,1755,966,27,20,1,15,0,477,104,Matches,79c90e45
225,Florian Kainz,at AUT,MFFW,Köln,28,1992,25.8,1342,27,194,576,596,40,1342,64,28,43.8,36,56.3,793,4813,2060,63,54,9,34,22,821,175,Matches,94c18565
226,Sasa Kalajdzic,at AUT,FW,Stuttgart,24,1997,13.6,519,14,34,280,207,66,517,17,10,58.8,7,41.2,254,880,343,14,6,8,48,14,395,78,Matches,15f24fe7
227,Felix Kalu Nmecha,de GER,MFFW,Wolfsburg,20,2000,3.6,180,6,26,92,64,8,180,10,5,50,5,50,123,670,340,11,8,2,15,6,143,22,Matches,091c86e2
228,Daichi Kamada,jp JPN,MF,Eint Frankfurt,24,1996,23.8,1121,15,114,627,395,73,1121,55,30,54.5,25,45.5,685,3830,1871,57,42,14,60,21,767,142,Matches,15b287da
229,Kevin Kampl,si SVN,MF,RB Leipzig,30,1990,21.1,1667,38,309,1100,275,11,1667,15,10,66.7,5,33.3,1057,5156,2586,39,31,4,26,14,1243,35,Matches,b825a650
230,Stefanos Kapino,gr GRE,GK,Arminia,27,1994,1,34,28,34,0,0,0,34,0,0,,0,,17,142,67,0,0,0,0,0,11,0,Matches,62ba5881
231,Atakan Karazor,de GER,MF,Stuttgart,24,1996,21.1,1285,97,375,785,134,11,1285,27,13,48.1,14,51.9,604,2290,1064,11,13,0,24,14,730,24,Matches,5762be5c
232,Silas Katompa,cd COD,FWMF,Stuttgart,22,1998,3.1,124,1,24,51,52,10,124,19,8,42.1,11,57.9,77,639,210,10,8,2,24,9,77,21,Matches,de4cac2d
233,Noah Katterbach,de GER,DF,Köln,20,2001,0.2,15,1,4,5,6,0,15,2,1,50,1,50,5,14,9,0,0,0,0,0,6,1,Matches,e27de4fa
234,Yannik Keitel,de GER,MF,Freiburg,21,2000,5.6,241,12,65,128,49,12,241,3,2,66.7,1,33.3,108,507,248,3,3,0,10,5,123,3,Matches,d2c580ce
235,Marc-Oliver Kempf,de GER,DF,Hertha BSC,26,1995,11.7,566,74,274,266,31,16,566,6,6,100,0,0,257,1340,729,9,3,0,5,3,276,2,Matches,815c314f
236,Marc-Oliver Kempf,de GER,DF,Stuttgart,26,1995,9.3,691,76,266,378,55,17,691,7,5,71.4,2,28.6,377,1947,1045,11,13,1,9,2,439,6,Matches,815c314f
237,Rani Khedira,de GER,MF,Union Berlin,27,1994,30.6,1214,39,267,761,198,24,1214,19,11,57.9,8,42.1,512,2331,837,17,15,5,28,12,631,42,Matches,59e4b92e
238,Luca Kilian,de GER,FW,Mainz 05,21,1999,0,1,0,0,0,1,0,1,0,0,,0,,0,0,0,0,0,0,0,0,0,0,Matches,610aa1e9
239,Luca Kilian,de GER,DF,Köln,21,1999,25.3,1655,211,1036,598,30,11,1655,3,1,33.3,2,66.7,948,4880,2431,10,9,0,11,3,1043,5,Matches,610aa1e9
240,Joshua Kimmich,de GER,MF,Bayern Munich,26,1995,27.5,2881,70,553,1630,718,28,2881,41,21,51.2,20,48.8,1566,7978,3641,43,43,1,32,18,1954,53,Matches,49296448
241,Philipp Klement,de GER,MF,Stuttgart,28,1992,3.8,295,4,51,164,84,5,295,6,4,66.7,2,33.3,181,1041,407,8,7,0,5,1,204,17,Matches,0cddeaa7
242,Mateo Klimowicz,de GER,MFFW,Stuttgart,21,2000,6.7,266,2,37,130,104,15,266,21,10,47.6,11,52.4,146,877,529,14,15,5,17,7,187,25,Matches,2b7c56b4
243,Fabian Klos,de GER,FW,Arminia,33,1987,15.8,641,37,64,310,269,74,639,17,9,52.9,8,47.1,259,909,290,13,7,4,38,14,458,74,Matches,e21042ae
244,Lukas Klostermann,de GER,DF,RB Leipzig,25,1996,18.3,1271,120,514,621,143,23,1271,5,3,60,2,40,704,2630,1423,17,11,1,10,4,809,26,Matches,ca8033cb
245,Lukas Klünter,de GER,DF,Hertha BSC,25,1996,2.2,109,4,34,58,19,2,109,6,3,50,3,50,53,224,111,3,1,0,4,2,58,7,Matches,92948149
246,Ansgar Knauff,de GER,FWMF,Dortmund,19,2002,1.3,68,3,15,19,34,6,68,13,4,30.8,9,69.2,38,312,132,4,2,2,6,0,41,12,Matches,19a967ab
247,Ansgar Knauff,de GER,DFMF,Eint Frankfurt,19,2002,8.4,442,11,84,206,164,31,442,27,18,66.7,9,33.3,245,1981,1147,39,24,7,16,8,247,45,Matches,19a967ab
248,Robin Knoche,de GER,DF,Union Berlin,29,1992,33,2082,233,1124,930,44,19,2082,15,14,93.3,1,6.7,1144,5644,2919,14,7,0,16,5,1186,3,Matches,6bd5cd5d
249,Gregor Kobel,ch SUI,GK,Dortmund,23,1997,28.5,1101,934,1096,5,0,0,1101,0,0,,0,,652,3204,1602,0,0,0,2,0,561,0,Matches,cd59b9df
250,Dominik Kohr,de GER,MF,Mainz 05,27,1994,17.9,1027,38,236,640,164,19,1027,15,9,60,6,40,480,1722,847,15,13,1,16,13,596,30,Matches,0fbecd11
251,Kouadio Koné,fr FRA,MF,M'Gladbach,20,2001,24.3,1471,40,355,918,224,24,1471,92,67,72.8,25,27.2,881,4290,2239,41,24,12,66,46,1014,36,Matches,86574238
252,Odilon Kossonou,ci CIV,DF,Leverkusen,20,2001,19.9,1383,117,640,666,86,9,1383,18,12,66.7,6,33.3,760,3809,2110,13,9,1,17,10,862,20,Matches,1f3afdcb
253,Filip Kostić,rs SRB,DFFW,Eint Frankfurt,28,1992,28,1919,38,298,787,858,77,1919,76,26,34.2,50,65.8,988,6752,3476,130,66,36,51,33,1104,245,Matches,b1cd37e6
254,Andrej Kramarić,hr CRO,FWMF,Hoffenheim,30,1991,30.1,1338,10,106,544,703,158,1338,56,30,53.6,26,46.4,857,4822,2422,96,58,34,64,37,1013,229,Matches,603cb947
255,Christoph Kramer,de GER,MF,M'Gladbach,30,1991,8.3,585,28,164,344,79,5,585,12,9,75,3,25,255,1055,396,3,4,0,12,10,346,10,Matches,496aeede
256,Florian Krüger,de GER,FWMF,Arminia,22,1999,12.5,414,20,60,153,203,34,414,15,7,46.7,8,53.3,226,1365,633,21,13,10,25,8,271,72,Matches,f9f92b5f
257,Max Kruse,de GER,MFFW,Wolfsburg,33,1988,12.5,603,3,55,331,223,38,601,14,8,57.1,6,42.9,349,1661,634,24,13,5,25,9,456,90,Matches,f9446dcd
258,Max Kruse,de GER,FWMF,Union Berlin,33,1988,14.1,618,1,39,323,261,29,615,24,15,62.5,9,37.5,336,1464,597,18,14,2,34,7,406,90,Matches,f9446dcd
259,Lukas Kübler,de GER,DFMF,Freiburg,28,1992,25.9,1516,90,443,751,336,21,1516,18,10,55.6,8,44.4,653,3066,1338,20,28,2,23,6,748,68,Matches,2a29eb9b
260,Fabian Kunze,de GER,MF,Arminia,23,1998,14,653,29,169,408,89,6,653,18,9,50,9,50,296,1400,461,4,8,1,15,14,318,8,Matches,d25fee56
261,Maxence Lacroix,fr FRA,DF,Wolfsburg,21,2000,27.7,1931,269,1057,807,79,26,1931,36,31,86.1,5,13.9,1055,5776,3228,17,18,1,25,11,1126,12,Matches,277c49ed
262,Konrad Laimer,at AUT,MF,RB Leipzig,24,1997,13.8,881,17,160,523,212,30,881,31,22,71,9,29,482,2436,1311,34,27,6,31,20,600,53,Matches,c1b7847c
263,Stefan Lainer,at AUT,DF,M'Gladbach,28,1992,16.3,907,45,244,412,255,42,907,18,5,27.8,13,72.2,380,1656,898,23,14,7,22,7,502,76,Matches,4aea5077
264,Vassilis Lambropoulos,gr GRE,DF,Bochum,31,1990,13,579,105,345,216,21,9,579,0,0,,0,,302,1387,566,6,6,2,7,4,298,3,Matches,591477c9
265,Sam Lammers,nl NED,FWMF,Eint Frankfurt,24,1997,5.7,208,5,19,91,100,20,208,15,7,46.7,8,53.3,106,285,110,2,1,1,26,6,152,27,Matches,c283ddef
266,Bryan Lasme,fr FRA,FW,Arminia,22,1998,9.7,302,10,23,111,172,58,302,27,12,44.4,15,55.6,175,1146,413,21,7,11,42,15,217,67,Matches,ebac0ace
267,Maxim Leitsch,de GER,DF,Bochum,23,1998,17.1,1032,136,600,411,38,11,1032,6,3,50,3,50,562,3212,1520,11,7,0,15,2,572,1,Matches,7e12a98d
268,Tim Lemperle,de GER,FWMF,Köln,19,2002,1.7,94,2,9,29,56,18,94,10,4,40,6,60,59,388,214,8,6,5,4,5,61,19,Matches,792ffa71
269,Christopher Lenz,de GER,DF,Eint Frankfurt,26,1994,7.4,623,28,180,275,171,7,623,8,4,50,4,50,281,1204,546,14,11,1,11,4,327,36,Matches,bbd86530
270,Robert Lewandowski,pl POL,FW,Bayern Munich,32,1988,32.7,1160,14,46,438,685,242,1155,81,47,58,34,42,685,3274,1241,46,31,21,83,55,917,268,Matches,8d78e732
271,Jamie Leweling,de GER,FWMF,Greuther Fürth,20,2001,21.8,713,8,70,310,346,74,713,90,46,51.1,44,48.9,491,3806,1706,76,27,34,87,56,525,153,Matches,13fe7b69
272,Philipp Lienhart,at AUT,DF,Freiburg,25,1996,31.9,2091,273,1174,869,62,25,2091,5,4,80,1,20,1180,7057,3511,16,6,2,19,3,1267,6,Matches,302527b2
273,Andreas Linde,se SWE,GK,Greuther Fürth,28,1993,12,527,445,520,7,0,0,527,1,1,100,0,0,324,1630,881,0,0,0,1,0,261,0,Matches,4d6a842d
274,Jesper Lindstrøm,dk DEN,MFFW,Eint Frankfurt,21,2000,22,912,10,90,377,458,95,912,71,33,46.5,37,52.1,565,3558,1835,80,37,40,84,32,588,154,Matches,37dc1a48
275,Dejan Ljubicic,at AUT,MFFW,Köln,23,1997,21.9,935,16,170,421,362,65,935,58,32,55.2,26,44.8,541,3218,1737,60,36,14,47,24,613,136,Matches,c455a2b2
276,Jürgen Locadia,nl NED,FWMF,Bochum,27,1993,4.9,184,2,5,102,80,22,183,2,0,0,2,100,118,457,161,6,5,4,22,11,145,25,Matches,6cc47ae1
277,Anthony Losilla,fr FRA,MF,Bochum,35,1986,32.6,1590,85,505,907,200,39,1590,28,19,67.9,9,32.1,642,2904,1079,14,8,3,32,16,728,25,Matches,07c7eb0c
278,Marcel Lotka,pl POL,GK,Hertha BSC,20,2001,9.8,359,297,356,2,1,1,359,0,0,,0,,193,1272,719,0,0,0,1,0,116,0,Matches,5584552e
279,Eduard Löwen,de GER,MF,Bochum,24,1997,15.7,842,20,129,374,347,29,841,34,17,50,17,50,395,1723,741,20,14,2,33,20,472,64,Matches,70678132
280,Anderson Lucoqui,ao ANG,DF,Mainz 05,24,1997,8.3,341,19,107,158,78,8,341,9,3,33.3,6,66.7,138,573,241,9,6,1,12,9,176,25,Matches,5569bf9a
281,Dodi Lukebakio,be BEL,FW,Hertha BSC,23,1997,2,64,0,12,28,25,5,63,7,3,42.9,4,57.1,45,392,150,5,7,4,4,1,47,7,Matches,0c61c77c
282,Dodi Lukebakio,be BEL,FWMF,Wolfsburg,23,1997,9.8,423,3,73,195,166,29,423,44,27,61.4,17,38.6,285,1932,1001,38,20,13,33,20,300,80,Matches,0c61c77c
283,Andrey Lunyov,ru RUS,GK,Leverkusen,29,1991,1,49,40,49,0,0,0,49,0,0,,0,,37,188,112,0,0,0,0,0,33,0,Matches,8a6ab963
284,Andreas Luthe,de GER,GK,Union Berlin,34,1987,27,1066,831,1061,5,0,0,1066,0,0,,0,,597,3365,1924,0,1,1,2,0,481,0,Matches,7fe12375
285,Matej Maglica,hr CRO,MF,Stuttgart,22,1998,0.1,1,0,0,0,1,0,1,0,0,,0,,0,0,0,0,0,0,0,0,1,1,Matches,36cf2caf
286,Arne Maier,de GER,MF,Augsburg,22,1999,20.7,1013,18,184,508,329,24,1013,29,16,55.2,13,44.8,523,2668,1157,26,30,8,39,18,609,51,Matches,ab700320
287,Donyell Malen,nl NED,FW,Dortmund,22,1999,18.7,757,14,71,284,411,92,757,54,34,63,20,37,490,2984,1405,61,34,33,53,27,578,144,Matches,864163f3
288,Lennard Maloney,us USA,DF,Dortmund,21,1999,0.1,19,2,11,6,2,0,19,0,0,,0,,13,36,14,0,0,0,0,0,14,0,Matches,7.54E+103
289,Orel Mangala,be BEL,MF,Stuttgart,23,1998,20.6,1002,30,183,543,290,44,1002,73,43,58.9,30,41.1,629,3218,1269,34,20,8,49,35,715,56,Matches,a572e291
290,Myziane Maolida,fr FRA,FWMF,Hertha BSC,22,1999,8.6,322,7,58,145,129,19,322,31,12,38.7,19,61.3,200,1492,842,26,19,8,20,18,233,53,Matches,706a60e1
291,Omar Marmoush,eg EGY,FW,Wolfsburg,22,1999,0.3,14,0,1,7,6,1,14,0,0,,0,,6,20,11,1,0,0,1,0,7,0,Matches,0e0102eb
292,Omar Marmoush,eg EGY,FW,Stuttgart,22,1999,17.5,773,6,62,361,367,74,772,103,44,42.7,59,57.3,476,2993,1086,38,31,23,87,41,546,119,Matches,0e0102eb
293,Aarón Martín,es ESP,DF,Mainz 05,24,1997,25.5,1343,39,333,607,412,19,1343,44,28,63.6,16,36.4,646,3161,1443,32,24,1,33,15,710,87,Matches,2f3e911a
294,Josep Martinez,es ESP,GK,RB Leipzig,23,1998,1,22,12,22,0,0,0,22,0,0,,0,,11,34,15,0,0,0,0,0,9,0,Matches,11d8aff0
295,Erhan Mašović,rs SRB,DF,Bochum,22,1998,17.2,838,124,506,325,11,5,838,3,2,66.7,1,33.3,428,2036,767,0,1,0,6,0,452,0,Matches,a396fb61
296,Roberto Massimo,de GER,DFFW,Stuttgart,20,2000,9.7,422,8,91,170,168,28,422,34,16,47.1,18,52.9,232,1568,685,25,16,11,31,10,254,75,Matches,fc62fdf4
297,Konstantinos Mavropanos,gr GRE,DF,Stuttgart,23,1997,30.1,2308,274,1069,1108,157,44,2308,33,18,54.5,15,45.5,1184,5967,3246,33,21,3,24,10,1302,18,Matches,963611
298,Eric Maxim Choupo-Moting,cm CMR,FWMF,Bayern Munich,32,1989,4.2,202,3,22,83,99,32,202,19,14,73.7,5,26.3,119,615,196,7,3,3,15,6,143,36,Matches,0e6bc38c
299,Kevin Mbabu,ch SUI,DF,Wolfsburg,26,1995,15.5,1126,54,303,516,328,25,1126,80,33,41.3,47,58.8,577,3814,1885,49,39,6,31,13,599,76,Matches,493924a7
300,Nathan de Medina,be BEL,DF,Arminia,23,1997,8.6,419,40,177,182,62,6,419,5,0,0,5,100,180,771,244,3,3,0,12,6,201,7,Matches,d686dbc0
301,Admir Mehmedi,ch SUI,DF,Wolfsburg,30,1991,0,5,0,0,4,1,0,5,0,0,,0,,3,36,34,1,0,0,0,0,2,1,Matches,b500b384
302,Jorge Meré,es ESP,DF,Köln,24,1997,5.4,359,52,191,164,4,0,359,3,1,33.3,2,66.7,189,839,500,1,1,0,4,1,221,2,Matches,9f979eb2
303,Thomas Meunier,be BEL,DF,Dortmund,29,1991,15.6,1287,40,357,623,318,29,1287,15,10,66.7,5,33.3,757,4080,2256,56,45,5,26,11,847,88,Matches,e162b013
304,Marco Meyerhöfer,de GER,DF,Greuther Fürth,25,1995,25.3,1492,101,484,684,337,23,1492,35,19,54.3,16,45.7,640,3165,1555,33,19,5,27,10,656,49,Matches,0b104510
305,Sven Michel,de GER,FW,Union Berlin,31,1990,3.8,178,0,14,64,103,17,178,9,1,11.1,8,88.9,98,515,168,9,4,2,17,9,121,45,Matches,1e274a0a
306,Enzo Millot,fr FRA,MF,Stuttgart,19,2002,0.6,44,1,5,24,15,0,44,2,1,50,1,50,27,150,82,3,0,0,5,3,29,2,Matches,f76022e7
307,Maximilian Mittelstädt,de GER,DFFW,Hertha BSC,24,1997,16.6,1020,48,347,416,268,20,1020,49,32,65.3,17,34.7,518,3187,1466,45,27,8,24,20,538,79,Matches,88d4144a
308,Anthony Modeste,fr FRA,FW,Köln,33,1988,29,733,34,60,334,346,146,732,14,5,35.7,9,64.3,380,1125,337,11,7,8,69,23,548,143,Matches,34e4343c
309,Kevin Möhwald,de GER,MF,Union Berlin,28,1993,3.9,247,8,47,133,69,8,247,5,2,40,3,60,131,535,235,5,8,1,7,6,161,13,Matches,a5ce09f2
310,Clinton Mola,eng ENG,DF,Stuttgart,20,2001,1.3,144,10,58,84,2,0,144,3,2,66.7,1,33.3,92,401,195,1,0,0,2,0,103,0,Matches,29ddfb9c
311,Jan Morávek,cz CZE,MF,Augsburg,31,1989,5.2,257,12,54,125,81,6,257,10,5,50,5,50,90,294,113,2,2,0,9,6,130,9,Matches,e7d22eae
312,Ilaix Moriba,gn GUI,MF,RB Leipzig,18,2003,0.4,30,0,1,21,8,0,30,2,0,0,2,100,27,127,62,1,1,0,2,1,25,3,Matches,f4c69aa6
313,Youssoufa Moukoko,de GER,FWMF,Dortmund,16,2004,2.5,76,0,4,35,37,13,76,7,0,0,7,100,44,225,60,2,2,1,8,5,50,14,Matches,6ce43701
314,Nordi Mukiele,fr FRA,DFFW,RB Leipzig,23,1997,20.5,1401,63,407,661,348,66,1401,40,20,50,20,50,681,3221,1479,26,21,6,35,22,829,100,Matches,ac73ec79
315,Florian Müller,de GER,GK,Stuttgart,23,1997,30,1093,917,1084,9,0,0,1093,0,0,,0,,566,2738,1684,0,0,0,2,0,508,0,Matches,cbac6ec9
316,Thomas Müller,de GER,MF,Bayern Munich,31,1989,28.4,1773,16,124,768,888,161,1773,23,13,56.5,10,43.5,915,3286,1766,46,48,8,53,26,1369,301,Matches,3c6089ab
317,Torben Müsel,de GER,MF,M'Gladbach,22,1999,0.1,1,0,0,1,0,0,1,0,0,,0,,1,2,0,0,0,0,0,0,0,0,Matches,d01b9ad6
318,Jamal Musiala,de GER,MFFW,Bayern Munich,18,2003,16.3,988,6,111,440,460,96,988,102,57,55.9,45,44.1,613,3470,1833,55,37,24,60,40,696,137,Matches,2c0558b8
319,Obite N'Dicka,fr FRA,DF,Eint Frankfurt,21,1999,31.7,2288,235,1119,1059,132,36,2288,16,13,81.3,3,18.8,1317,6206,2933,37,26,2,21,6,1444,11,Matches,441197b8
320,Nikolas Nartey,dk DEN,MFDF,Stuttgart,21,2000,4.5,239,8,58,121,62,4,239,4,2,50,2,50,129,538,241,3,1,0,9,3,148,23,Matches,30261ba1
321,Paul Nebel,de GER,MFFW,Mainz 05,18,2002,2.5,131,0,16,54,62,8,131,7,4,57.1,3,42.9,75,338,103,2,3,2,14,5,86,14,Matches,1b6d8083
322,David Nemeth,at AUT,DF,Mainz 05,20,2001,3.5,208,26,113,90,5,1,208,1,1,100,0,0,110,347,184,0,2,0,3,1,131,0,Matches,da76715c
323,Luca Netz,de GER,DFFW,M'Gladbach,18,2003,15.5,716,36,226,295,197,25,716,19,10,52.6,9,47.4,333,1326,488,13,6,4,19,11,362,67,Matches,e79269bd
324,Manuel Neuer,de GER,GK,Bayern Munich,35,1986,27.9,1289,925,1252,37,0,0,1289,0,0,,0,,763,3329,2069,0,0,0,0,0,796,0,Matches,8778c910
325,Florian Neuhaus,de GER,MF,M'Gladbach,24,1997,23.6,1393,42,301,830,274,40,1393,51,35,68.6,16,31.4,765,3603,2061,48,33,12,38,25,965,58,Matches,36a59ba4
326,Jessic Ngankam,de GER,FW,Greuther Fürth,21,2000,3.8,94,1,4,50,42,19,94,9,4,44.4,5,55.6,54,262,94,4,3,2,16,5,65,11,Matches,bc249af8
327,Moussa Niakhate,fr FRA,DF,Mainz 05,25,1996,28.5,1865,185,835,843,202,23,1863,13,11,84.6,2,15.4,865,4062,2330,27,20,1,21,12,959,14,Matches,242715
328,Tanguy Nianzou,fr FRA,DF,Bayern Munich,19,2002,6.5,606,27,182,386,39,8,606,7,5,71.4,2,28.6,366,1674,1013,6,3,0,6,4,472,3,Matches,5853ac44
329,Florian Niederlechner,de GER,FW,Augsburg,30,1990,12.9,341,11,32,166,149,53,341,27,8,29.6,19,70.4,182,835,353,15,9,8,25,16,240,49,Matches,d6862409
330,Håvard Nielsen,no NOR,MFFW,Greuther Fürth,28,1993,15.2,550,24,71,283,201,58,550,33,16,48.5,17,51.5,293,1341,570,21,14,9,50,19,381,76,Matches,b18ef366
331,Joakim Nilsson,se SWE,DF,Arminia,27,1994,30.4,1548,216,900,634,23,9,1548,3,2,66.7,1,33.3,747,3628,1915,12,4,1,12,1,803,2,Matches,c562c5b4
332,Christopher Nkunku,fr FRA,FWMF,RB Leipzig,23,1997,30.3,1396,18,91,535,791,192,1395,99,66,66.7,32,32.3,856,4874,2388,100,55,52,109,50,1093,284,Matches,7c56da38
333,Lukas Nmecha,de GER,FWMF,Wolfsburg,22,1998,18.1,623,8,54,286,289,95,623,39,22,56.4,17,43.6,372,2050,899,32,28,13,76,27,471,130,Matches,0cc5f4a5
334,Håvard Nordtveit,no NOR,DF,Hoffenheim,31,1990,3.4,295,23,122,152,23,2,295,2,2,100,0,0,165,943,486,5,2,1,1,1,192,1,Matches,6cafd68d
335,Connor Noß,ie IRL,MF,M'Gladbach,20,2001,0.6,21,1,4,10,7,1,21,0,0,,0,,11,35,21,1,0,0,2,0,14,4,Matches,ccc6d365
336,Hugo Novoa,es ESP,MFFW,RB Leipzig,18,2003,1.5,77,0,8,28,42,7,77,3,1,33.3,2,66.7,47,256,86,3,3,1,11,4,58,19,Matches,5458f670
337,Soma Novothny,hu HUN,FWMF,Bochum,27,1994,0.9,27,4,7,11,9,4,27,0,0,,0,,15,40,17,1,0,0,2,0,18,6,Matches,6fb91ea9
338,Kasim Nuhu,gh GHA,DF,Hoffenheim,26,1995,0.1,11,1,2,6,3,2,11,0,0,,0,,6,65,44,0,0,0,0,0,6,0,Matches,93a50d2c
339,Hans Nunoo Sarpei,gh GHA,DFMF,Greuther Fürth,22,1998,7.1,398,44,225,166,12,4,398,4,3,75,1,25,232,1043,574,2,2,0,3,1,231,0,Matches,9593331d
340,Bastian Oczipka,de GER,DF,Union Berlin,32,1989,10.4,658,28,188,291,187,11,658,25,15,60,10,40,312,1517,785,21,13,4,10,6,331,35,Matches,d1661819
341,Masaya Okugawa,jp JPN,MFFW,Arminia,25,1996,28.1,790,20,136,327,338,71,790,52,20,38.5,32,61.5,403,2555,1106,40,25,10,69,26,426,121,Matches,63b9cc6d
342,Mathias Olesen,lu LUX,MFFW,Köln,20,2001,0.2,16,0,6,5,5,0,16,0,0,,0,,8,44,7,0,0,0,1,0,9,1,Matches,86adbcc7
343,Dani Olmo,es ESP,MFFW,RB Leipzig,23,1998,8.3,478,4,62,234,186,32,478,45,24,53.3,21,46.7,288,1190,646,15,16,5,23,16,355,55,Matches,ae44e8e2
344,Karim Onisiwo,at AUT,FW,Mainz 05,29,1992,26.2,992,10,54,386,568,168,992,121,49,40.5,72,59.5,585,3695,1626,82,34,44,127,45,725,237,Matches,f26834c7
345,Willi Orban,hu HUN,DF,RB Leipzig,28,1992,29.4,2372,239,1139,1162,77,43,2372,6,4,66.7,2,33.3,1376,7017,3953,8,4,0,14,2,1636,7,Matches,20030c06
346,Stefan Ortega,de GER,GK,Arminia,28,1992,33,1853,1165,1795,59,0,0,1853,0,0,,0,,1102,5910,4058,0,0,0,0,1,977,0,Matches,c1242d4e
347,Patrick Osterhage,de GER,MF,Bochum,21,2000,6.7,274,14,55,146,76,7,274,8,6,75,2,25,132,614,179,2,6,2,15,13,136,19,Matches,9662c9ec
348,Tomáš Ostrák,cz CZE,MFFW,Köln,21,2000,0.3,22,0,4,6,12,3,22,2,2,100,0,0,13,158,33,1,1,0,2,3,15,3,Matches,3ba95f20
349,Paulo Otávio,br BRA,DFMF,Wolfsburg,26,1994,4,261,18,81,110,72,4,261,8,5,62.5,3,37.5,119,788,425,18,7,1,7,2,145,28,Matches,1cbe4984
350,Reece Oxford,eng ENG,DF,Augsburg,22,1998,29.9,1532,253,919,556,69,35,1532,5,4,80,1,20,707,3573,1677,10,6,0,17,1,815,2,Matches,8b6e0db2
351,Salih Özcan,tr TUR,MF,Köln,23,1998,25.7,1650,54,437,995,241,53,1650,40,25,62.5,15,37.5,837,4263,2007,39,25,3,26,28,941,47,Matches,15413fa5
352,Levin Öztunalı,de GER,MF,Union Berlin,25,1996,6.4,259,15,54,115,96,14,259,9,4,44.4,5,55.6,123,659,303,8,6,3,24,9,161,37,Matches,66385c46
353,Gonçalo Paciência,pt POR,FW,Eint Frankfurt,26,1994,5.7,241,6,14,123,106,28,239,22,13,59.1,9,40.9,142,623,236,7,4,0,18,15,180,43,Matches,962e54cb
354,Exequiel Palacios,ar ARG,MF,Leverkusen,22,1998,12.2,921,30,247,561,126,5,921,11,6,54.5,5,45.5,519,2070,966,10,14,2,13,13,624,17,Matches,e82adcab
355,Miloš Pantović,rs SRB,MFFW,Bochum,25,1996,17,678,24,124,305,254,43,677,15,6,40,8,53.3,310,1438,762,21,18,8,32,12,392,82,Matches,5dc15574
356,Antonios Papadopoulos,de GER,DFMF,Dortmund,21,1999,0.2,13,0,6,7,0,0,13,0,0,,0,,11,49,1,0,0,0,1,0,12,0,Matches,13d23b29
357,Matondo-Merveille Papela,de GER,MF,Mainz 05,20,2001,0.9,42,1,17,18,8,1,42,0,0,,0,,12,71,22,1,1,0,5,1,17,1,Matches,b4b08774
358,Kevin Paredes,us USA,FWDF,Wolfsburg,18,2003,0.2,10,0,0,4,6,0,10,0,0,,0,,5,38,27,2,1,0,1,0,7,1,Matches,5c50fdbc
359,Felix Passlack,de GER,DF,Dortmund,23,1998,5.2,418,8,101,223,95,7,418,7,3,42.9,4,57.1,223,1189,547,13,13,0,8,2,269,28,Matches,5c899683
360,Paulinho,br BRA,FWMF,Leverkusen,21,2000,13.5,683,11,75,316,308,63,683,53,27,50.9,26,49.1,443,3305,1618,58,49,18,38,19,524,121,Matches,53070b63
361,Benjamin Pavard,fr FRA,DF,Bayern Munich,25,1996,23.1,2304,127,703,1261,349,29,2304,4,3,75,1,25,1270,5494,3072,50,32,2,10,5,1643,91,Matches,45a03961
362,Mads Pedersen,dk DEN,MFDF,Augsburg,24,1996,15.5,639,33,190,246,212,27,639,31,16,51.6,15,48.4,279,1759,793,25,17,6,31,15,301,46,Matches,582a5247
363,Peter Pekarík,sk SVK,DF,Hertha BSC,34,1986,24.8,1415,88,524,614,288,17,1415,14,6,42.9,8,57.1,627,3327,1608,40,26,3,22,5,722,69,Matches,c18d22f5
364,Philipp Pentke,de GER,GK,Hoffenheim,36,1985,1,42,36,42,0,0,0,42,0,0,,0,,26,90,41,0,0,0,0,0,24,0,Matches,c41f7379
365,Ricardo Pepi,us USA,FWMF,Augsburg,18,2003,5.3,162,10,19,68,77,19,162,3,2,66.7,1,33.3,67,228,69,1,1,0,13,6,100,27,Matches,a2b1ed42
366,Pavao Pervan,at AUT,GK,Wolfsburg,33,1987,6,224,204,222,2,0,0,224,0,0,,0,,120,694,419,0,0,0,0,0,102,0,Matches,c89e8aae
367,Nils Petersen,de GER,FW,Freiburg,32,1988,6.4,228,17,36,83,111,32,228,5,5,100,0,0,80,321,106,4,4,1,21,3,125,30,Matches,f93e6e94
368,Jens Petter Hauge,no NOR,MFFW,Eint Frankfurt,21,1999,11.6,568,11,69,298,211,35,568,44,27,61.4,17,38.6,361,1864,846,21,22,7,35,24,410,78,Matches,12c35abe
369,Immanuel Pherai,nl NED,MF,Dortmund,20,2001,0,0,0,0,0,0,0,0,0,0,,0,,0,0,0,0,0,0,0,0,0,0,Matches,f168d9b9
370,Maximilian Philipp,de GER,MF,Wolfsburg,27,1994,10.7,435,9,42,228,173,20,435,26,14,53.8,12,46.2,240,1005,419,11,11,3,20,16,284,65,Matches,061e8e23
371,Krzysztof Piątek,pl POL,FW,Hertha BSC,26,1995,3.9,124,6,13,55,58,13,124,9,6,66.7,3,33.3,46,245,78,4,1,2,11,7,90,23,Matches,17f3620a
372,Amos Pieper,de GER,DF,Arminia,23,1998,26.4,1469,207,895,545,41,19,1469,6,5,83.3,1,16.7,673,3219,1686,7,2,1,8,1,770,3,Matches,526ea7cc
373,Marvin Plattenhardt,de GER,DF,Hertha BSC,29,1992,18.2,1099,51,392,468,252,2,1099,12,8,66.7,4,33.3,399,1940,1148,32,13,0,15,6,482,37,Matches,f7aa75bd
374,Alassane Pléa,fr FRA,MFFW,M'Gladbach,28,1993,23,988,15,66,504,430,86,985,64,32,50,32,50,595,3432,1694,52,34,24,40,21,761,141,Matches,bc6bd723
375,Joel Pohjanpalo,fi FIN,FW,Leverkusen,26,1994,0.1,3,0,1,2,0,0,3,0,0,,0,,0,0,0,0,0,0,0,0,3,0,Matches,ea003d07
376,Sebastian Polter,de GER,FW,Bochum,30,1991,26,741,33,52,341,349,128,739,14,4,28.6,10,71.4,374,1263,405,16,9,10,72,34,565,111,Matches,3745e8bd
377,Marin Pongračić,hr CRO,DF,Dortmund,23,1997,9.2,734,78,380,352,9,0,734,9,7,77.8,2,22.2,477,2631,1182,7,3,0,5,0,511,0,Matches,2a6cd437
378,Stefan Posch,at AUT,DF,Hoffenheim,24,1997,24.4,1671,173,766,784,130,17,1671,8,3,37.5,5,62.5,1008,5468,3056,27,18,0,15,5,1086,15,Matches,7f609bfc
379,Yussuf Poulsen,dk DEN,FWMF,RB Leipzig,27,1994,12,492,13,29,264,204,64,492,21,12,57.1,9,42.9,275,1184,391,14,10,7,50,32,382,84,Matches,d2416c2e
380,Manuel Prietl,at AUT,MF,Arminia,29,1991,23.6,905,51,307,502,114,23,905,20,16,80,4,20,418,2099,900,15,10,3,31,18,440,8,Matches,901c0f97
381,Grischa Prömel,de GER,MF,Union Berlin,26,1995,26.9,1225,38,223,739,272,60,1225,29,16,55.2,13,44.8,634,2770,1110,27,14,6,53,29,713,72,Matches,924f9191
382,Nick Proschwitz,de GER,FW,Hoffenheim,34,1986,0.3,7,0,0,3,4,3,7,0,0,,0,,4,12,0,0,0,0,0,1,5,0,Matches,9cf4fd68
383,Afimico Pululu,fr FRA,FWMF,Greuther Fürth,22,1999,0.8,45,0,5,22,18,4,45,12,6,50,6,50,28,221,72,4,4,0,5,4,33,10,Matches,32c016f8
384,Sidney Raebiger,de GER,MF,RB Leipzig,16,2005,0,2,0,0,1,1,0,2,0,0,,0,,0,0,0,0,0,0,0,1,2,1,Matches,a8090a41
385,Diant Ramaj,de GER,GK,Eint Frankfurt,19,2001,1,47,41,47,0,0,0,47,0,0,,0,,21,87,58,0,0,0,0,0,21,0,Matches,b90c4a43
386,Guilherme Ramos,pt POR,DF,Arminia,23,1997,10.1,606,76,288,274,52,10,606,6,4,66.7,2,33.3,282,1475,904,5,9,1,13,6,309,9,Matches,df9c3473
387,Tobias Raschl,de GER,MF,Greuther Fürth,21,2000,6.6,332,5,62,221,56,8,332,15,9,60,6,40,201,1326,637,14,11,2,19,13,228,8,Matches,bd992863
388,David Raum,de GER,DFFW,Hoffenheim,23,1998,30.6,2296,72,594,888,830,71,2296,67,33,49.3,34,50.7,1192,5743,2946,95,39,16,44,15,1345,228,Matches,7d450ed3
389,Reinier,br BRA,FWMF,Dortmund,19,2002,1.8,99,0,10,67,25,3,99,5,5,100,0,0,57,252,98,1,3,0,2,7,74,12,Matches,6b21b7b5
390,Panagiotis Retsos,gr GRE,DFFW,Leverkusen,22,1998,0.4,15,2,7,7,1,1,15,1,1,100,0,0,10,61,30,0,0,0,0,0,11,0,Matches,4bd00a50
391,Marco Reus,de GER,MFFW,Dortmund,32,1989,27.8,1579,52,195,750,641,114,1579,66,28,42.4,38,57.6,954,4878,2065,57,51,13,62,33,1171,172,Matches,36a3ff67
392,Elvis Rexhbeçaj,de GER,MF,Bochum,23,1997,28.2,1087,36,217,590,293,26,1087,36,17,47.2,19,52.8,541,2465,1108,21,22,3,61,31,585,54,Matches,1ae836b1
393,Gio Reyna,us USA,MF,Dortmund,18,2002,4.9,309,4,45,130,140,20,309,13,6,46.2,7,53.8,186,1034,390,13,10,6,12,13,225,32,Matches,7fa4e703
394,Chris Richards,us USA,DF,Hoffenheim,21,2000,14.5,1147,110,541,562,46,17,1147,4,4,100,0,0,689,3406,1503,12,11,0,8,2,759,7,Matches,0a3d6d2b
395,Chris Richards,us USA,DF,Bayern Munich,21,2000,0,4,0,3,1,0,0,4,0,0,,0,,2,4,1,0,0,0,0,0,3,0,Matches,0a3d6d2b
396,Omar Richards,eng ENG,DF,Bayern Munich,23,1998,4.9,421,12,104,187,134,9,421,15,11,73.3,4,26.7,240,1020,515,11,8,4,8,5,284,42,Matches,f9b1b7bf
397,Marco Richter,de GER,FWMF,Hertha BSC,23,1997,18.9,838,26,163,345,341,51,838,46,16,34.8,30,65.2,441,2290,996,34,20,11,69,35,533,97,Matches,f972644c
398,Manuel Riemann,de GER,GK,Bochum,32,1988,31,1678,1148,1607,72,1,1,1677,0,0,,0,,1053,5688,3848,0,0,0,1,0,848,0,Matches,9f941969
399,Marc Roca,es ESP,MF,Bayern Munich,24,1996,4.2,343,6,69,199,76,5,343,6,3,50,3,50,183,844,413,6,5,1,8,3,234,2,Matches,da27e268
400,Cimo Röcker,de GER,DF,Hertha BSC,27,1994,0.2,19,3,11,7,1,1,19,0,0,,0,,10,51,16,0,0,0,0,0,14,1,Matches,611b1aae
401,Sebastian Rode,de GER,MF,Eint Frankfurt,30,1990,8.4,492,18,98,308,88,9,492,3,3,100,0,0,231,1000,449,10,7,1,8,7,301,17,Matches,e12b0b5b
402,Romario Rösch,de GER,MF,Mainz 05,22,1999,0,3,0,0,0,3,0,3,1,0,0,1,100,2,5,0,0,0,0,1,0,2,0,Matches,87ebfdb8
403,Tom Rothe,de GER,DF,Dortmund,16,2004,1,71,2,20,29,22,2,71,3,1,33.3,2,66.7,38,124,51,1,2,0,0,0,40,10,Matches,90c1f9a4
404,Jérôme Roussillon,fr FRA,DF,Wolfsburg,28,1993,19.7,1116,57,268,582,275,22,1116,53,30,56.6,23,43.4,583,2832,1403,42,24,10,29,17,653,91,Matches,13203c45
405,Sebastian Rudy,de GER,MF,Hoffenheim,31,1990,8.6,490,13,101,274,121,9,490,4,3,75,1,25,250,1019,443,5,2,1,10,8,310,25,Matches,80f36c88
406,Georginio Rutter,fr FRA,FWMF,Hoffenheim,19,2002,17.9,614,15,47,212,362,97,614,78,37,47.4,41,52.6,368,2127,1061,38,21,20,76,24,462,124,Matches,c64c01fc
407,Julian Ryerson,no NOR,DF,Union Berlin,23,1997,15.9,825,45,247,353,240,19,825,31,19,61.3,12,38.7,403,2027,908,30,22,2,18,16,385,50,Matches,009a4f60
408,Frederik Rønnow,dk DEN,GK,Union Berlin,28,1992,7,264,211,262,2,0,0,264,0,0,,0,,168,955,505,0,0,0,0,0,146,0,Matches,a70b8345
409,Marcel Sabitzer,at AUT,MFDF,Bayern Munich,27,1994,10.1,810,19,155,431,227,29,810,7,4,57.1,3,42.9,455,1802,847,20,11,4,12,11,590,54,Matches,e280527c
410,Marcel Sabitzer,at AUT,MFFW,RB Leipzig,27,1994,0.5,55,0,9,32,14,1,55,1,1,100,0,0,32,177,58,1,1,0,0,2,38,3,Matches,e280527c
411,Roland Sallai,hu HUN,MFFW,Freiburg,24,1997,17.2,689,16,90,273,334,74,689,39,16,41,23,59,423,2248,980,44,20,11,45,17,517,136,Matches,bf075f6b
412,Diadie Samassékou,ml MLI,MF,Hoffenheim,25,1996,18.4,934,58,274,508,156,21,934,18,8,44.4,10,55.6,485,1804,642,8,11,2,17,5,534,23,Matches,8593525
413,Leroy Sané,de GER,FWMF,Bayern Munich,25,1996,22,1296,7,90,569,664,125,1296,116,61,52.6,55,47.4,848,5208,2510,80,68,35,53,43,1022,203,Matches,2b114be3
414,Mohamed Sankoh,nl NED,FW,Stuttgart,17,2003,0,1,0,0,1,1,1,1,0,0,,0,,1,32,31,1,1,1,0,0,1,0,Matches,be625686
415,Baptiste Santamaria,fr FRA,MF,Freiburg,26,1995,0.2,7,3,3,1,3,0,7,0,0,,0,,2,16,8,1,0,0,0,0,2,1,Matches,5e22e2a4
416,Bouna Sarr,sn SEN,DF,Bayern Munich,29,1992,0.7,58,2,17,23,20,5,58,5,4,80,1,20,29,195,79,3,2,2,0,0,29,4,Matches,1a4b9094
417,Joe Scally,us USA,DF,M'Gladbach,18,2002,21.2,1293,58,346,653,310,31,1293,44,21,47.7,23,52.3,653,3569,1366,35,23,6,58,13,737,104,Matches,236f02cd
418,Kevin Schade,de GER,MFFW,Freiburg,19,2001,9.2,351,14,64,124,169,60,351,31,15,48.4,16,51.6,172,1421,633,23,17,19,35,20,225,63,Matches,52afb588
419,András Schäfer,hu HUN,MF,Union Berlin,22,1999,2.7,125,3,25,65,37,5,125,5,4,80,1,20,65,328,150,4,3,0,5,1,76,8,Matches,049751d7
420,Louis Schaub,at AUT,MFFW,Köln,26,1994,7.3,428,10,69,163,201,29,428,32,19,59.4,13,40.6,248,1511,804,28,17,8,20,14,277,68,Matches,b50ec54b
421,Patrik Schick,cz CZE,FW,Leverkusen,25,1996,23.1,675,37,53,327,298,140,673,41,15,36.6,26,63.4,362,1440,583,21,11,18,60,21,529,138,Matches,5d4f7d61
422,Kingsley Schindler,de GER,DFFW,Köln,28,1993,3.9,236,6,52,98,87,11,236,5,0,0,5,100,107,524,254,6,4,1,6,4,117,27,Matches,bd527260
423,Xaver Schlager,at AUT,MF,Wolfsburg,23,1997,11.6,559,16,120,329,118,11,559,15,11,73.3,4,26.7,294,1595,908,21,8,2,18,10,310,29,Matches,8f056768
424,Keven Schlotterbeck,de GER,DFFW,Freiburg,24,1997,3.5,179,30,109,66,4,2,179,1,0,0,1,100,81,321,94,0,0,0,1,1,81,0,Matches,f6bdc830
425,Nico Schlotterbeck,de GER,DF,Freiburg,21,1999,30.9,2192,265,976,1087,155,59,2192,35,23,65.7,12,34.3,1134,5885,3666,35,26,0,30,15,1288,21,Matches,34e12499
426,Jonathan Schmid,fr FRA,DF,Freiburg,31,1990,6.5,390,17,109,173,111,9,390,8,5,62.5,3,37.5,143,697,382,9,4,1,7,2,208,31,Matches,088ca1bd
427,Benno Schmitz,de GER,DF,Köln,26,1994,26.9,1889,48,478,938,486,23,1889,12,2,16.7,10,83.3,846,3893,2271,60,55,5,27,4,1014,126,Matches,ad00b1a8
428,Alessandro Schöpf,at AUT,MF,Arminia,27,1994,26.6,1392,36,251,698,468,43,1392,54,30,55.6,24,44.4,701,3734,1690,57,40,11,71,32,806,91,Matches,106bca06
429,Nico Schulz,de GER,DF,Dortmund,28,1993,9.3,755,14,201,394,166,18,755,16,5,31.3,11,68.8,420,1945,982,17,11,2,18,3,471,44,Matches,fa274d97
430,Marvin Schwäbe,de GER,GK,Köln,26,1995,21,1053,835,1044,9,1,0,1053,1,1,100,0,0,654,2771,1599,1,2,0,0,0,647,1,Matches,87436846
431,Alexander Schwolow,de GER,GK,Hertha BSC,29,1992,24.2,903,796,901,2,0,0,903,0,0,,0,,458,2357,1347,0,0,0,0,0,379,0,Matches,0d55d942
432,Paul Seguin,de GER,MF,Greuther Fürth,26,1995,23.4,1354,43,233,849,285,24,1354,30,14,46.7,16,53.3,733,3435,1441,28,25,4,36,19,847,48,Matches,8872ed17
433,Davie Selke,de GER,FW,Hertha BSC,26,1995,11.2,334,12,25,154,158,45,333,8,2,25,6,75,156,773,271,10,8,1,23,12,265,50,Matches,1238a3f9
434,Lion Semić,de GER,DF,Dortmund,17,2003,0,0,0,0,0,0,0,0,0,0,,0,,0,0,0,0,0,0,0,0,0,0,Matches,87ebd8c9
435,Suat Serdar,de GER,MFFW,Hertha BSC,24,1997,24.6,919,16,196,509,240,50,919,101,61,60.4,40,39.6,529,3381,1639,43,32,11,67,49,544,77,Matches,b3325a30
436,Janni Serra,de GER,FW,Arminia,23,1998,12.4,430,25,45,207,180,43,430,15,5,33.3,10,66.7,215,847,239,7,7,4,50,25,307,62,Matches,40b58bfc
437,Zidan Sertdemir,dk DEN,MFFW,Leverkusen,16,2005,0.2,12,0,2,5,5,0,12,0,0,,0,,5,23,5,0,1,0,1,3,6,1,Matches,eec1f7f4
438,Nils Seufert,de GER,MF,Greuther Fürth,24,1997,1.1,32,2,12,15,5,0,32,0,0,,0,,19,69,30,1,1,0,0,0,20,2,Matches,0da32a38
439,Kiliann Sildillia,fr FRA,DFMF,Freiburg,19,2002,1.9,119,16,48,47,24,1,119,3,2,66.7,1,33.3,34,185,101,3,0,0,1,1,45,2,Matches,313254a3
440,André Silva,pt POR,FW,RB Leipzig,25,1995,23.1,863,19,43,386,443,142,860,53,23,43.4,30,56.6,473,2023,798,36,22,24,90,47,645,172,Matches,3effaa34
441,Mohamed Simakan,fr FRA,DF,RB Leipzig,21,2000,22.3,1638,138,728,822,105,26,1638,24,16,66.7,8,33.3,949,4599,2329,19,18,0,24,8,1091,10,Matches,fcb27134
442,Daley Sinkgraven,nl NED,DF,Leverkusen,26,1995,3.9,239,12,78,118,45,4,239,8,5,62.5,3,37.5,144,786,387,8,5,0,5,5,146,16,Matches,73000a79
443,Tobias Sippel,de GER,GK,M'Gladbach,33,1988,1,47,41,47,0,0,0,47,0,0,,0,,29,160,113,0,0,0,0,0,28,0,Matches,0d8a37c2
444,Hugo Siquet,be BEL,DF,Freiburg,19,2002,0.2,17,0,1,10,6,0,17,0,0,,0,,5,64,34,1,0,0,1,0,12,0,Matches,c6cf860f
445,Ellyes Skhiri,tn TUN,MF,Köln,26,1995,20.2,1200,82,373,662,178,41,1200,20,10,50,10,50,572,2572,1105,19,15,5,14,18,664,39,Matches,c2211709
446,Robert Skov,dk DEN,FWDF,Hoffenheim,25,1996,4.1,215,6,34,89,93,19,215,7,2,28.6,5,71.4,119,601,259,9,4,5,7,1,136,37,Matches,ff98492b
447,Danilo Soares,br BRA,DF,Bochum,29,1991,28.5,2095,136,681,1009,432,9,2095,65,36,55.4,29,44.6,959,5684,2958,79,60,5,39,20,959,66,Matches,c05f2f8c
448,Yann Sommer,ch SUI,GK,M'Gladbach,32,1988,33,1521,1108,1508,16,0,0,1521,0,0,,0,,975,4563,2800,0,0,0,1,0,839,0,Matches,420c18a1
449,Borna Sosa,hr CRO,DFFW,Stuttgart,23,1998,27.8,2024,74,461,874,727,28,2024,50,35,70,15,30,1150,6323,3822,104,75,8,40,15,1246,200,Matches,af0d79a9
450,Djibril Sow,ch SUI,MF,Eint Frankfurt,24,1997,26.8,1508,57,297,959,268,12,1508,21,12,57.1,9,42.9,833,3846,1738,34,27,3,42,14,911,32,Matches,4c6facae
451,Jerry St. Juste,nl NED,DF,Mainz 05,24,1996,6.7,372,29,161,179,42,13,372,3,1,33.3,2,66.7,187,1170,635,11,8,2,4,2,193,5,Matches,90339309
452,Anton Stach,de GER,MF,Mainz 05,22,1998,20.7,1265,48,252,725,316,29,1265,44,29,65.9,15,34.1,586,3577,1789,48,36,4,53,21,676,50,Matches,0f59a7bf
453,Kostas Stafylidis,gr GRE,DFMF,Bochum,27,1993,15.4,851,72,278,393,188,2,851,9,4,44.4,5,55.6,370,1533,564,8,14,0,9,10,377,14,Matches,8.61E+118
454,Josip Stanišić,hr CRO,DF,Bayern Munich,21,2000,7.2,669,22,180,358,135,13,669,9,5,55.6,4,44.4,366,1996,948,18,14,2,10,6,444,33,Matches,7ed08d5c
455,Niklas Stark,de GER,DF,Hertha BSC,26,1995,22.6,1271,186,722,526,28,13,1271,7,7,100,0,0,620,3450,1807,11,6,1,13,3,699,1,Matches,aad48be9
456,Renato Steffen,ch SUI,FWMF,Wolfsburg,29,1991,10.7,547,23,108,279,167,23,547,14,10,71.4,4,28.6,287,1565,822,25,16,5,23,6,344,62,Matches,dd669209
457,Pascal Stenzel,de GER,DF,Stuttgart,25,1996,10,783,39,282,410,100,3,783,7,1,14.3,6,85.7,408,1811,1073,13,9,1,5,2,457,20,Matches,99f7e9aa
458,Angelo Stiller,de GER,MF,Hoffenheim,20,2001,18.8,1142,33,262,643,245,32,1142,28,15,53.6,13,46.4,627,2487,1191,20,15,6,26,7,773,63,Matches,3b1ed320
459,Lars Stindl,de GER,MFFW,M'Gladbach,32,1988,18.1,1000,16,109,599,295,53,998,15,9,60,6,40,511,1566,714,14,17,5,34,18,745,96,Matches,7cd6badb
460,Kevin Stöger,at AUT,MF,Mainz 05,27,1993,4.7,393,2,47,208,144,20,393,10,8,80,2,20,196,907,458,10,9,1,11,4,251,39,Matches,e5649a78
461,Tobias Strobl,de GER,MFDF,Augsburg,31,1990,3.6,136,9,49,79,10,3,136,1,1,100,0,0,52,216,69,1,0,0,7,3,49,1,Matches,17780d2b
462,Niklas Süle,de GER,DF,Bayern Munich,25,1995,20.4,1925,183,799,1014,122,23,1925,13,8,61.5,5,38.5,1204,6578,3789,31,21,2,8,4,1433,20,Matches,e33c06cf
463,Ádám Szalai,hu HUN,FW,Mainz 05,33,1987,2.9,124,0,3,48,75,20,124,6,3,50,3,50,79,239,38,0,3,0,15,7,103,32,Matches,53e07d0b
464,Dominik Szoboszlai,hu HUN,MFFW,RB Leipzig,20,2000,17.1,1185,22,115,560,520,57,1184,40,18,45,22,55,618,3190,1399,44,37,16,42,27,831,130,Matches,934e1968
465,Jonathan Tah,de GER,DF,Leverkusen,25,1996,32,2258,291,1167,1046,59,24,2258,21,16,76.2,5,23.8,1344,7234,3964,18,10,1,19,11,1508,6,Matches,bd142efb
466,Edmond Tapsoba,bf BFA,DF,Leverkusen,22,1999,20.2,1648,194,868,756,36,18,1648,13,12,92.3,1,7.7,1105,6241,3632,13,1,0,16,3,1114,5,Matches,a73c8f95
467,Niklas Tauer,de GER,DFMF,Mainz 05,20,2001,5.4,260,11,106,130,26,5,260,2,2,100,0,0,85,347,163,2,3,0,5,0,104,5,Matches,27270af4
468,Robert Tesche,de GER,MF,Bochum,34,1987,3.9,211,11,50,137,25,2,211,1,0,0,1,100,128,505,214,4,1,0,0,3,146,3,Matches,037130ca
469,Cedric Teuchert,de GER,MFFW,Union Berlin,24,1997,1.2,47,0,13,18,17,4,47,2,0,0,2,100,23,94,33,0,0,0,5,2,22,2,Matches,f956479d
470,Jan Thielmann,de GER,MFFW,Köln,19,2002,13.2,591,22,79,246,280,26,591,29,16,55.2,13,44.8,340,2122,794,36,31,3,53,12,342,97,Matches,fd53759d
471,Erik Thommy,de GER,FWMF,Stuttgart,26,1994,3,158,1,12,71,75,9,158,10,4,40,6,60,106,534,191,4,1,2,7,2,113,26,Matches,df8e7b62
472,Marcus Thuram,fr FRA,FW,M'Gladbach,23,1997,10.9,355,5,17,172,173,62,355,36,23,63.9,13,36.1,214,1599,786,32,19,21,36,25,280,95,Matches,6f8cd6d0
473,Alexis Tibidi,fr FRA,MFFW,Stuttgart,17,2003,4.3,166,3,23,73,71,12,166,3,3,100,0,0,108,513,228,8,6,4,16,4,131,31,Matches,ca6f4846
474,Steffen Tigges,de GER,FWMF,Dortmund,23,1998,1.2,64,3,7,32,25,10,64,0,0,,0,,29,108,28,2,0,2,7,0,40,9,Matches,6b8887c2
475,Malik Tillman,us USA,FWMF,Bayern Munich,19,2002,1.2,66,3,12,31,24,5,66,5,0,0,5,100,28,108,38,1,2,1,6,2,41,11,Matches,a5420709
476,Timothy Tillman,de GER,MF,Greuther Fürth,22,1999,22.3,994,42,214,517,284,23,994,68,38,55.9,30,44.1,540,3064,1226,33,18,11,69,28,592,83,Matches,a5bea1fb
477,Umut Tohumcu,de GER,MF,Hoffenheim,16,2004,0.1,0,0,0,0,0,0,0,0,0,,0,,1,4,0,0,0,0,0,0,1,0,Matches,e547d3cf
478,Corentin Tolisso,fr FRA,MF,Bayern Munich,26,1994,7.8,630,19,90,410,131,18,630,2,1,50,1,50,369,1788,888,10,11,1,12,3,474,26,Matches,652d4c37
479,Tiago Tomás,pt POR,FW,Stuttgart,19,2002,11.9,390,5,34,161,201,53,390,45,16,35.6,29,64.4,246,1398,613,23,13,19,57,11,282,92,Matches,b492126a
480,Jordan Torunarigha,de GER,DF,Hertha BSC,23,1997,5.4,309,52,209,97,7,3,309,4,2,50,2,50,173,873,338,1,1,0,4,1,173,0,Matches,f86cabbd
481,Almamy Touré,ml MLI,DFMF,Eint Frankfurt,25,1996,5.6,305,27,101,131,75,8,305,6,2,33.3,4,66.7,131,532,248,6,6,0,9,6,145,17,Matches,c8c60119
482,Lucas Tousart,fr FRA,MF,Hertha BSC,24,1997,21.8,1008,66,293,574,156,27,1008,38,22,57.9,16,42.1,490,2926,1369,30,17,2,32,18,522,25,Matches,71ec39ef
483,Kevin Trapp,de GER,GK,Eint Frankfurt,31,1990,32,1342,1126,1333,10,0,0,1342,0,0,,0,,755,3468,2119,0,1,1,0,0,657,0,Matches,ce17b5eb
484,Christopher Trimmel,at AUT,DFFW,Union Berlin,34,1987,22.1,1388,87,395,632,387,29,1388,26,19,73.1,7,26.9,557,3372,1519,42,34,6,29,12,606,70,Matches,056d2d95
485,Philipp Tschauner,de GER,GK,RB Leipzig,35,1985,0,5,4,5,0,0,0,5,0,0,,0,,2,1,1,0,0,0,0,0,4,0,Matches,73e2f6eb
486,Tuta,br BRA,DF,Eint Frankfurt,22,1999,24.3,1681,175,844,768,84,19,1681,18,16,88.9,2,11.1,960,5020,2754,26,17,3,24,7,941,9,Matches,35d64857
487,Anthony Ujah,ng NGA,FWMF,Union Berlin,30,1990,0.4,15,0,1,4,10,6,15,0,0,,0,,11,42,27,1,0,0,0,1,15,5,Matches,99be8fb5
488,Sven Ulreich,de GER,GK,Bayern Munich,32,1988,6,245,194,245,0,0,0,245,0,0,,0,,151,707,322,0,0,0,0,0,146,0,Matches,7d3e7da6
489,Dayot Upamecano,fr FRA,DF,Bayern Munich,22,1998,24.6,2520,170,998,1413,127,20,2520,16,11,68.8,5,31.3,1716,8759,4788,32,25,1,16,8,1835,9,Matches,d248cd8f
490,Benjamin Uphoff,de GER,GK,Freiburg,27,1993,2,96,75,94,2,0,0,96,0,0,,0,,60,333,229,0,0,0,0,0,47,0,Matches,a9a6fc08
491,Mark Uth,de GER,MFFW,Köln,29,1991,22.5,1079,12,106,443,543,89,1079,62,25,40.3,36,58.1,600,3165,1163,41,23,15,71,30,689,160,Matches,a3ddb1b9
492,Ruben Vargas,ch SUI,MFFW,Augsburg,22,1998,22,878,18,129,391,382,72,878,95,44,46.3,51,53.7,551,4253,1983,76,47,16,75,38,578,118,Matches,6ecbddf6
493,Sebastian Vasiliadis,gr GRE,MF,Arminia,23,1997,13.3,534,36,165,281,94,11,534,25,12,48,13,52,204,1098,448,10,10,5,26,16,207,10,Matches,d3112d86
494,Mickey van de Ven,nl NED,DF,Wolfsburg,20,2001,2.1,106,10,56,45,6,0,106,1,0,0,1,100,56,340,139,3,2,0,3,0,50,3,Matches,8fe2a392
495,Vincent Vermeij,nl NED,MF,Freiburg,26,1994,0,5,0,0,2,3,0,5,2,1,50,1,50,2,7,6,0,0,0,0,0,4,0,Matches,7e629adc
496,Gabriel Vidovic,hr CRO,FWMF,Bayern Munich,17,2003,0.4,23,1,2,8,14,3,23,4,3,75,1,25,13,52,11,0,0,0,1,2,15,5,Matches,5360a956
497,Nick Viergever,nl NED,DF,Greuther Fürth,31,1989,23.7,1346,225,815,528,17,4,1346,1,1,100,0,0,655,3253,1824,5,3,0,11,7,720,2,Matches,e38f1636
498,Andreas Voglsammer,de GER,FWMF,Union Berlin,29,1992,9.8,361,9,44,144,175,44,361,21,11,52.4,10,47.6,184,897,329,15,6,5,18,8,258,57,Matches,daa78200
499,Kevin Vogt,de GER,DF,Hoffenheim,29,1991,28.5,2389,242,1208,1142,59,0,2389,6,4,66.7,2,33.3,1590,8605,4982,31,12,0,13,4,1697,5,Matches,1d8e9add
500,Aster Vranckx,be BEL,MF,Wolfsburg,18,2002,12.7,619,34,162,318,145,20,619,25,17,68,8,32,316,1442,642,17,11,2,24,17,361,23,Matches,f86cd5df
501,Luca Waldschmidt,de GER,MFFW,Wolfsburg,25,1996,8,331,3,56,155,123,21,331,15,6,40,9,60,185,782,261,5,8,2,24,13,235,43,Matches,e5a35ae9
502,Paul Wanner,de GER,FWMF,Bayern Munich,15,2005,0.4,18,0,5,8,7,0,18,2,1,50,1,50,12,42,25,0,0,0,2,2,15,2,Matches,cb64672e
503,Wout Weghorst,nl NED,FW,Wolfsburg,28,1992,17.3,593,15,51,313,233,74,591,8,7,87.5,1,12.5,324,1217,376,16,9,9,49,18,452,88,Matches,c4e87b8b
504,Noah Weißhaupt,de GER,MFFW,Freiburg,19,2001,1.1,65,2,12,18,36,4,65,5,3,60,2,40,39,223,101,3,1,3,6,2,45,10,Matches,dd676a97
505,Silvan Widmer,ch SUI,DF,Mainz 05,28,1993,32.4,1827,88,548,797,500,52,1827,38,19,50,19,50,768,3535,1778,51,35,5,26,13,914,135,Matches,f68b64fc
506,Jetro Willems,nl NED,DF,Greuther Fürth,27,1994,17.8,1069,59,310,541,229,13,1069,28,15,53.6,13,46.4,507,2029,1103,17,16,1,26,11,525,31,Matches,9050ddc4
507,Patrick Wimmer,at AUT,FWMF,Arminia,20,2001,22.8,1177,16,154,547,514,64,1177,139,71,51.1,68,48.9,570,4295,2110,64,43,23,69,47,592,105,Matches,cb11b429
508,Jonas Wind,dk DEN,FWMF,Wolfsburg,22,1999,13.1,501,17,63,276,165,45,501,16,10,62.5,6,37.5,279,1039,453,9,11,1,25,20,390,58,Matches,2077ae86
509,Marten Winkler,de GER,MF,Hertha BSC,18,2002,0.3,9,0,1,6,2,0,9,0,0,,0,,8,24,13,1,0,0,0,0,8,4,Matches,e0d515ef
510,Frederik Winther,dk DEN,DF,Augsburg,20,2001,3.6,208,25,106,99,3,0,208,0,0,,0,,100,560,372,1,1,0,2,0,118,1,Matches,a1257b5e
511,Florian Wirtz,de GER,MFFW,Leverkusen,18,2003,20.6,1136,8,108,567,489,76,1136,85,55,64.7,30,35.3,672,4065,2328,75,62,19,75,34,802,134,Matches,e7fcf289
512,Axel Witsel,be BEL,MFDF,Dortmund,32,1989,21.6,1491,82,423,958,116,11,1491,7,5,71.4,2,28.6,934,3991,1619,10,11,2,17,14,1049,8,Matches,5dfc6ad5
513,Hannes Wolf,at AUT,FWMF,M'Gladbach,22,1999,3.4,175,1,25,85,69,6,175,12,6,50,6,50,80,338,146,5,3,0,10,3,94,17,Matches,be42a291
514,Marius Wolf,de GER,DFFW,Dortmund,26,1995,14.7,882,17,196,424,268,55,882,31,13,41.9,18,58.1,494,2422,1160,37,27,14,16,21,613,112,Matches,fa661778
515,Luca Wollschläger,de GER,FWMF,Hertha BSC,18,2003,0.2,10,0,0,4,6,3,10,1,0,0,1,100,9,98,56,2,2,2,0,1,9,3,Matches,24b8e7bd
516,Jeong Woo-yeong,kr KOR,FWMF,Freiburg,21,1999,19.8,810,11,87,383,349,70,810,33,16,48.5,17,51.5,470,2433,1041,35,30,11,35,10,606,140,Matches,6190474d
517,Joscha Wosz,de GER,DF,RB Leipzig,19,2002,0.1,5,1,2,2,1,0,5,0,0,,0,,3,10,0,0,0,0,0,1,5,0,Matches,80c9e555
518,Dan-Axel Zagadou,fr FRA,DF,Dortmund,22,1999,10.6,1030,66,461,541,34,6,1030,7,5,71.4,2,28.6,672,3246,1719,4,4,0,6,5,721,2,Matches,a4effc55
519,Denis Zakaria,ch SUI,MFDF,M'Gladbach,24,1996,15.5,991,58,320,565,120,14,991,42,29,69,13,31,603,3366,1900,31,24,5,17,11,645,20,Matches,384d58d9
520,Deyovaisio Zeefuik,nl NED,DF,Hertha BSC,23,1998,6.3,333,25,143,133,57,4,333,5,2,40,3,60,157,983,495,15,14,3,6,6,165,13,Matches,58a2e9f6
521,Robin Zentner,de GER,GK,Mainz 05,26,1994,32,1092,886,1069,22,1,1,1092,0,0,,0,,582,3171,1658,0,1,1,2,0,423,0,Matches,5c4bf6ba
522,Andi Zeqiri,ch SUI,FWMF,Augsburg,22,1999,11.3,320,16,43,140,143,34,320,21,9,42.9,12,57.1,164,953,303,10,12,6,42,20,203,44,Matches,d01231f0
523,Simon Zoller,de GER,FW,Bochum,30,1991,6.6,199,6,24,94,81,21,199,3,2,66.7,1,33.3,89,426,156,7,4,2,15,1,135,30,Matches,29f7cfd9