﻿,,,,,,,,SCA,SCA,SCA Types,SCA Types,SCA Types,SCA Types,SCA Types,SCA Types,GCA,GCA,GCA Types,GCA Types,GCA Types,GCA Types,GCA Types,GCA Types,,#NAME?
Rk,Player,Nation,Pos,Squad,Age,Born,90s,SCA,SCA90,PassLive,PassDead,TO,Sh,Fld,Def,GCA,GCA90,PassLive,PassDead,TO,Sh,Fld,Def,Matches,-9999
1,Dickson Abiama,ng NGA,FW,Greuther Fürth,22,1998,8.1,15,1.85,10,0,0,2,2,1,2,0.25,1,0,0,1,0,0,Matches,cadd666a
2,Ragnar Ache,de GER,MFFW,Eint Frankfurt,23,1998,2.9,8,2.78,4,0,1,2,1,0,1,0.35,0,0,0,1,0,0,Matches,dc38e3bc
3,Tyler Adams,us USA,MF,RB Leipzig,22,1999,15,26,1.73,23,1,1,1,0,0,4,0.27,4,0,0,0,0,0,Matches,2b09d998
4,Sargis Adamyan,am ARM,FWMF,Hoffenheim,28,1993,3.7,11,2.98,8,0,2,0,0,1,1,0.27,1,0,0,0,0,0,Matches,2.29E+101
5,Amine Adli,fr FRA,FWMF,Leverkusen,21,2000,14,49,3.51,39,1,3,4,2,0,6,0.43,5,0,0,1,0,0,Matches,dcfb17f4
6,Naouirou Ahamada,fr FRA,MFDF,Stuttgart,19,2002,0.7,0,0,0,0,0,0,0,0,0,0,0,0,0,0,0,0,Matches,a6c58494
7,Manuel Akanji,ch SUI,DF,Dortmund,26,1995,25.1,16,0.64,12,2,1,1,0,0,1,0.04,1,0,0,0,0,0,Matches,89ac64a6
8,Kevin Akpoguma,ng NGA,DFFW,Hoffenheim,26,1995,17,32,1.89,23,1,3,3,2,0,2,0.12,1,0,0,1,0,0,Matches,6ec6fde0
9,Lucas Alario,ar ARG,FW,Leverkusen,28,1992,7.3,27,3.69,17,0,6,2,2,0,4,0.55,3,0,1,0,0,0,Matches,834d0be5
10,Nadiem Amiri,de GER,MFFW,Leverkusen,24,1996,4.1,7,1.71,5,1,0,0,1,0,1,0.24,0,0,0,0,1,0,Matches,555d5edd
11,Sebastian Andersson,se SWE,FW,Köln,30,1991,14,20,1.43,16,0,0,1,2,1,4,0.29,3,0,0,0,1,0,Matches,b4cf5806
12,Andrés Andrade Cedeño,pa PAN,DF,Arminia,22,1998,11.6,7,0.6,6,0,0,1,0,0,1,0.09,1,0,0,0,0,0,Matches,6ea23758
13,Fredrik André Bjørkan,no NOR,DF,Hertha BSC,22,1998,3.9,10,2.55,8,1,0,0,1,0,0,0,0,0,0,0,0,0,Matches,3724baa1
14,Robert Andrich,de GER,MF,Leverkusen,26,1994,20.2,38,1.88,27,0,2,5,3,1,6,0.3,3,0,0,3,0,0,Matches,e0b113a7
15,Angeliño,es ESP,DF,RB Leipzig,24,1997,25.5,83,3.25,53,22,3,4,1,0,8,0.31,5,3,0,0,0,0,Matches,3.09E+100
16,Waldemar Anton,de GER,DF,Stuttgart,25,1996,28.8,37,1.28,31,0,1,2,2,1,2,0.07,2,0,0,0,0,0,Matches,5e66fa06
17,Christopher Antwi-Adjei,gh GHA,FWMF,Bochum,27,1994,12.6,26,2.25,15,1,1,3,6,0,2,0.17,1,0,0,0,1,0,Matches,0a3f6cde
18,Charles Aránguiz,cl CHI,MF,Leverkusen,32,1989,17.5,41,2.34,35,3,1,1,1,0,6,0.34,5,0,1,0,0,0,Matches,56413b1f
19,Maximilian Arnold,de GER,MF,Wolfsburg,27,1994,33.3,106,3.19,56,45,2,0,3,0,4,0.12,2,1,0,0,1,0,Matches,86e119e0
20,Takuma Asano,jp JPN,FWMF,Bochum,26,1994,17.9,49,2.74,35,0,4,6,3,1,7,0.39,6,0,0,0,1,0,Matches,13ddc856
21,Santiago Ascacíbar,ar ARG,MF,Hertha BSC,24,1997,26.4,39,1.48,32,1,1,1,2,2,1,0.04,1,0,0,0,0,0,Matches,e26fcca3
22,Fisnik Asllani,xk KVX,MFFW,Hoffenheim,18,2002,0.1,1,10,1,0,0,0,0,0,0,0,0,0,0,0,0,0,Matches,35f67a30
23,Simon Asta,de GER,DF,Greuther Fürth,20,2001,8.7,11,1.26,8,3,0,0,0,0,1,0.11,0,1,0,0,0,0,Matches,dfc85b89
24,Taiwo Awoniyi,ng NGA,FW,Union Berlin,23,1997,24.2,68,2.82,46,0,8,11,3,0,6,0.25,2,0,2,1,1,0,Matches,e5478b87
25,Sardar Azmoun,ir IRN,FWMF,Leverkusen,26,1995,4,13,3.26,12,0,0,1,0,0,1,0.25,1,0,0,0,0,0,Matches,10549b49
26,Mitchel Bakker,nl NED,DF,Leverkusen,21,2000,20.2,37,1.83,34,0,1,1,1,0,6,0.3,6,0,0,0,0,0,Matches,a8567629
27,Ridle Baku,de GER,DFFW,Wolfsburg,23,1998,27.2,82,3.02,60,4,4,7,7,0,9,0.33,5,0,0,1,3,0,Matches,442b56fa
28,Aymen Barkok,ma MAR,MFDF,Eint Frankfurt,23,1998,1.8,3,1.69,2,1,0,0,0,0,0,0,0,0,0,0,0,0,Matches,a2a85828
29,Leandro Barreiro Martins,lu LUX,MF,Mainz 05,21,2000,19.9,32,1.61,19,0,2,5,5,1,4,0.2,2,0,0,0,2,0,Matches,00242b75
30,Jacob Barrett Laursen,dk DEN,DF,Arminia,26,1994,18.1,22,1.21,12,9,1,0,0,0,1,0.06,1,0,0,0,0,0,Matches,c0d3bd23
31,Abdourahmane Barry,fr FRA,DF,Greuther Fürth,21,2000,2.3,3,1.29,3,0,0,0,0,0,0,0,0,0,0,0,0,0,Matches,8df328f4
32,Maximilian Bauer,de GER,DF,Greuther Fürth,21,2000,18.8,8,0.43,7,0,0,1,0,0,0,0,0,0,0,0,0,0,Matches,44a20f0c
33,Oliver Baumann,de GER,GK,Hoffenheim,31,1990,33,2,0.06,0,2,0,0,0,0,0,0,0,0,0,0,0,0,Matches,47064058
34,Timo Baumgartl,de GER,DF,Union Berlin,25,1996,24.1,29,1.2,20,1,2,5,0,1,2,0.08,1,0,0,1,0,0,Matches,bd7d2e6d
35,Julian Baumgartlinger,at AUT,MFFW,Leverkusen,33,1988,1,0,0,0,0,0,0,0,0,0,0,0,0,0,0,0,0,Matches,69374ff5
36,Christoph Baumgartner,at AUT,MFFW,Hoffenheim,21,1999,21,53,2.53,43,0,3,1,4,2,4,0.19,3,0,0,0,0,1,Matches,437f2b00
37,Noah Joel Sarenren Bazee,ng NGA,MFFW,Augsburg,24,1996,2.7,5,1.86,3,0,0,0,1,1,0,0,0,0,0,0,0,0,Matches,fbbc8e15
38,Ihlas Bebou,tg TOG,FWDF,Hoffenheim,27,1994,23.2,57,2.45,41,2,6,6,2,0,7,0.3,4,0,1,2,0,0,Matches,a53b661f
39,Sheraldo Becker,sr SUR,FWMF,Union Berlin,26,1995,19.5,72,3.69,59,0,3,2,8,0,11,0.56,9,0,2,0,0,0,Matches,8eb55dbb
40,Kevin Behrens,de GER,FW,Union Berlin,30,1991,5.5,21,3.79,15,0,3,2,1,0,5,0.9,2,0,1,1,1,0,Matches,30ae134d
41,Ishak Belfodil,dz ALG,FW,Hertha BSC,29,1992,18.2,53,2.92,41,0,4,5,2,1,8,0.44,4,0,1,1,1,1,Matches,ff182fdc
42,Stefan Bell,de GER,DF,Mainz 05,29,1991,31.8,23,0.72,21,0,0,2,0,0,2,0.06,1,0,0,1,0,0,Matches,857a5abe
43,Armel Bella Kotchap,de GER,DF,Bochum,19,2001,19.6,10,0.54,9,0,0,0,1,0,0,0,0,0,0,0,0,0,Matches,a39d11bc
44,Karim Bellarabi,de GER,FWMF,Leverkusen,31,1990,7.6,28,3.69,15,0,2,6,4,1,4,0.53,2,0,0,1,1,0,Matches,bee0bab1
45,Jude Bellingham,eng ENG,MF,Dortmund,18,2003,31,104,3.35,72,0,13,5,11,3,17,0.55,11,0,2,0,2,2,Matches,57d88cf9
46,George Bello,us USA,DF,Arminia,19,2002,4.8,5,1.04,3,0,0,1,1,0,0,0,0,0,0,0,0,0,Matches,aca0a525
47,László Bénes,sk SVK,MF,M'Gladbach,23,1997,2.7,14,5.12,6,5,0,1,1,1,1,0.37,0,0,0,1,0,0,Matches,fe888e39
48,Keanan Bennetts,eng ENG,FWDF,M'Gladbach,22,1999,0.6,0,0,0,0,0,0,0,0,0,0,0,0,0,0,0,0,Matches,f4c7c708
49,Ramy Bensebaini,dz ALG,DF,M'Gladbach,26,1995,22.4,31,1.45,24,2,0,1,1,3,4,0.19,3,0,0,1,0,0,Matches,378825c7
50,Louis Beyer,de GER,DF,M'Gladbach,21,2000,15.4,24,1.67,18,1,0,1,2,2,1,0.07,1,0,0,0,0,0,Matches,9af1f9ff
51,Bartosz Bialek,pl POL,FWDF,Wolfsburg,19,2001,2,4,2.02,3,0,0,0,1,0,0,0,0,0,0,0,0,0,Matches,763b8b37
52,Ermin Bičakčić,ba BIH,DF,Hoffenheim,31,1990,0.1,0,0,0,0,0,0,0,0,0,0,0,0,0,0,0,0,Matches,7aac47fe
53,Tom Bischof,de GER,MF,Hoffenheim,16,2005,0.2,0,0,0,0,0,0,0,0,0,0,0,0,0,0,0,0,Matches,07d3bfec
54,Danny Blum,de GER,FW,Bochum,30,1991,3.8,19,4.94,13,5,1,0,0,0,0,0,0,0,0,0,0,0,Matches,eb61713c
55,Kevin-Prince Boateng,gh GHA,MFFW,Hertha BSC,34,1987,7.7,19,2.46,16,0,0,1,2,0,0,0,0,0,0,0,0,0,Matches,f4ec4fd0
56,Herbert Bockhorn,de GER,DF,Bochum,26,1995,9.4,15,1.78,8,1,2,0,4,0,1,0.12,0,0,1,0,0,0,Matches,5ad8c360
57,Jean-Paul Boëtius,nl NED,MF,Mainz 05,27,1994,20,62,3.1,41,14,1,2,3,1,6,0.3,4,1,0,1,0,0,Matches,635f2732
58,Tarsis Bonga,de GER,MFFW,Bochum,24,1997,0.2,0,0,0,0,0,0,0,0,0,0,0,0,0,0,0,0,Matches,6ebbc28a
59,Solomon Bonnah,nl NED,DF,RB Leipzig,17,2003,0.1,0,0,0,0,0,0,0,0,0,0,0,0,0,0,0,0,Matches,dd7b6eb8
60,Sebastiaan Bornauw,be BEL,DF,Wolfsburg,22,1999,22.3,5,0.22,5,0,0,0,0,0,1,0.04,1,0,0,0,0,0,Matches,01834aa0
61,Rafael Borré,co COL,FW,Eint Frankfurt,25,1995,26.4,66,2.5,46,0,6,8,6,0,9,0.34,6,0,2,1,0,0,Matches,c68da769
62,Dedryck Boyata,be BEL,DF,Hertha BSC,30,1990,21.1,9,0.43,6,0,1,1,1,0,2,0.09,1,0,0,0,1,0,Matches,7c473e12
63,Julian Brandt,de GER,MFFW,Dortmund,25,1996,23.1,97,4.2,60,26,7,4,0,0,22,0.95,14,5,2,1,0,0,Matches,a167537f
64,Iker Bravo,es ESP,FW,Leverkusen,16,2005,0.1,0,0,0,0,0,0,0,0,0,0,0,0,0,0,0,0,Matches,db8c8860
65,Fabian Bredlow,de GER,GK,Stuttgart,26,1995,4,0,0,0,0,0,0,0,0,0,0,0,0,0,0,0,0,Matches,d28339cb
66,Josip Brekalo,hr CRO,FW,Wolfsburg,23,1998,0.2,1,4.29,1,0,0,0,0,0,1,4.29,1,0,0,0,0,0,Matches,d4a2533d
67,Brian Brobbey,nl NED,FWMF,RB Leipzig,19,2002,1.5,4,2.75,3,0,0,1,0,0,1,0.69,1,0,0,0,0,0,Matches,4c184730
68,John Brooks,us USA,DF,Wolfsburg,28,1993,29.1,20,0.69,19,0,1,0,0,0,0,0,0,0,0,0,0,0,Matches,e27da244
69,Daniel Brosinski,de GER,DF,Mainz 05,33,1988,4.3,12,2.77,8,4,0,0,0,0,1,0.23,1,0,0,0,0,0,Matches,a7813ac4
70,Cédric Brunner,ch SUI,DF,Arminia,27,1994,24.3,37,1.53,23,8,1,2,2,1,3,0.12,3,0,0,0,0,0,Matches,f0a37d36
71,Jacob Bruun Larsen,dk DEN,FWMF,Hoffenheim,22,1998,9,26,2.88,22,0,1,2,1,0,1,0.11,1,0,0,0,0,0,Matches,4e204552
72,Sascha Burchert,de GER,GK,Greuther Fürth,31,1989,14,2,0.14,2,0,0,0,0,0,0,0,0,0,0,0,0,0,Matches,25bdea4b
73,Delano Burgzorg,nl NED,MF,Mainz 05,22,1998,0.3,1,3.33,0,0,1,0,0,0,0,0,0,0,0,0,0,0,Matches,05e2d5ea
74,Jonathan Burkardt,de GER,FWMF,Mainz 05,21,2000,29,79,2.72,53,1,4,12,7,2,6,0.21,5,0,1,0,0,0,Matches,05f99a4a
75,Roman Bürki,ch SUI,GK,Dortmund,30,1990,1,0,0,0,0,0,0,0,0,0,0,0,0,0,0,0,0,Matches,9d12e142
76,Jamie Bynoe-Gittens,eng ENG,FW,Dortmund,16,2004,1.5,3,2.01,3,0,0,0,0,0,1,0.67,1,0,0,0,0,0,Matches,10745192
77,Daniel Caligiuri,it ITA,DFMF,Augsburg,33,1988,22.3,65,2.92,30,20,4,2,4,5,8,0.36,3,3,0,1,1,0,Matches,d1273f09
78,Emre Can,de GER,DFMF,Dortmund,27,1994,18.8,16,0.85,13,0,1,0,1,1,1,0.05,1,0,0,0,0,0,Matches,a65ce836
79,Koen Casteels,be BEL,GK,Wolfsburg,29,1992,28,1,0.04,0,1,0,0,0,0,0,0,0,0,0,0,0,0,Matches,db401046
80,Gonzalo Castro,de GER,MFFW,Arminia,34,1987,4.8,13,2.69,9,3,0,1,0,0,1,0.21,0,1,0,0,0,0,Matches,68829001
81,Julian Chabot,de GER,DF,Köln,23,1998,2.3,1,0.43,1,0,0,0,0,0,0,0,0,0,0,0,0,0,Matches,ae7058f9
82,Timothy Chandler,us USA,DF,Eint Frankfurt,31,1990,13.5,19,1.41,12,3,0,2,2,0,1,0.07,0,1,0,0,0,0,Matches,b3b7f5a6
83,Justin Che,us USA,FWDF,Hoffenheim,17,2003,0.5,0,0,0,0,0,0,0,0,0,0,0,0,0,0,0,0,Matches,3c569f37
84,Max Christiansen,de GER,MF,Greuther Fürth,24,1996,22.8,28,1.23,25,0,0,1,1,1,1,0.04,1,0,0,0,0,0,Matches,e7b899b8
85,Kingsley Coman,fr FRA,FWDF,Bayern Munich,25,1996,15.1,53,3.51,42,2,3,4,2,0,5,0.33,5,0,0,0,0,0,Matches,042e8a49
86,Lucas Copado,de GER,FW,Bayern Munich,17,2004,0.2,0,0,0,0,0,0,0,0,0,0,0,0,0,0,0,0,Matches,8356931a
87,Sergio Córdova,ve VEN,FWMF,Augsburg,23,1997,3.6,4,1.1,4,0,0,0,0,0,0,0,0,0,0,0,0,0,Matches,229cd98a
88,Danny da Costa,de GER,DFMF,Eint Frankfurt,28,1993,8.1,10,1.24,8,0,1,0,1,0,0,0,0,0,0,0,0,0,Matches,5ddb8f9f
89,Tanguy Coulibaly,fr FRA,FWMF,Stuttgart,20,2001,12,27,2.25,15,0,4,0,6,2,1,0.08,1,0,0,0,0,0,Matches,05ba9d7c
90,Mickaël Cuisance,fr FRA,MF,Bayern Munich,21,1999,0.1,4,27.69,3,0,0,0,0,1,0,0,0,0,0,0,0,0,Matches,5722eced
91,Matheus Cunha,br BRA,FW,Hertha BSC,22,1999,0.7,3,4.22,2,0,0,1,0,0,2,2.81,1,0,0,1,0,0,Matches,dc62b55d
92,Rafael Czichos,de GER,DF,Köln,31,1990,15.6,13,0.83,11,0,0,0,0,2,2,0.13,1,0,0,0,0,1,Matches,b0a0698b
93,Lennart-Marten Czyborra,de GER,DF,Arminia,22,1999,1.5,1,0.69,1,0,0,0,0,0,0,0,0,0,0,0,0,0,Matches,7ba1f1ef
94,Moanes Dabbur,il ISR,FWMF,Hoffenheim,29,1992,14.6,37,2.54,28,0,2,4,1,2,6,0.41,5,0,0,0,0,1,Matches,eac044ad
95,Finn Dahmen,de GER,GK,Mainz 05,23,1998,2,0,0,0,0,0,0,0,0,0,0,0,0,0,0,0,0,Matches,dee3013b
96,Mahmoud Dahoud,de GER,MF,Dortmund,25,1996,18.4,52,2.82,43,4,3,0,0,2,6,0.33,5,0,0,0,0,1,Matches,db4ed67b
97,Márton Dárdai,de GER,DF,Hertha BSC,19,2002,8.4,7,0.83,4,3,0,0,0,0,2,0.24,0,2,0,0,0,0,Matches,41bff4fa
98,Vladimír Darida,cz CZE,MF,Hertha BSC,30,1990,19.8,62,3.12,44,11,0,4,3,0,7,0.35,7,0,0,0,0,0,Matches,3eb0f2df
99,Alphonso Davies,ca CAN,DF,Bayern Munich,20,2000,19.3,70,3.62,54,4,9,1,2,0,4,0.21,4,0,0,0,0,0,Matches,d781d855
100,Saulo Decarli,ch SUI,DF,Bochum,29,1992,0.1,0,0,0,0,0,0,0,0,0,0,0,0,0,0,0,0,Matches,41df88b8
101,Thomas Delaney,dk DEN,MF,Dortmund,29,1991,0.2,0,0,0,0,0,0,0,0,0,0,0,0,0,0,0,0,Matches,fe641c1a
102,Kerem Demirbay,de GER,MF,Leverkusen,28,1993,22.8,71,3.12,30,33,2,2,3,1,10,0.44,7,2,0,0,1,0,Matches,54b4dc4e
103,Ermedin Demirović,ba BIH,FW,Freiburg,23,1998,9.7,22,2.28,17,0,0,5,0,0,6,0.62,5,0,0,1,0,0,Matches,ed79b7d3
104,Mike van der Hoorn,nl NED,DF,Arminia,28,1992,0.2,0,0,0,0,0,0,0,0,0,0,0,0,0,0,0,0,Matches,25f50295
105,Moussa Diaby,fr FRA,FWMF,Leverkusen,22,1999,30.7,115,3.75,90,8,11,3,2,1,24,0.78,19,0,3,1,1,0,Matches,aeed5c06
106,Daniel Didavi,de GER,MFFW,Stuttgart,31,1990,3.1,10,3.25,7,0,2,0,1,0,1,0.32,1,0,0,0,0,0,Matches,d3096421
107,Javairô Dilrosun,nl NED,FW,Hertha BSC,23,1998,1.5,1,0.65,1,0,0,0,0,0,0,0,0,0,0,0,0,0,Matches,34a0f5ff
108,Lee Dongjun,kr KOR,MFFW,Hertha BSC,24,1997,1.3,2,1.51,1,0,0,1,0,0,1,0.76,1,0,0,0,0,0,Matches,96d0b6f0
109,Niklas Dorsch,de GER,MF,Augsburg,23,1998,25.8,40,1.55,26,8,0,1,2,3,3,0.12,3,0,0,0,0,0,Matches,7f73bdf4
110,Ondrej Duda,sk SVK,MFFW,Köln,26,1994,17.9,61,3.41,37,6,9,3,5,1,2,0.11,1,0,1,0,0,0,Matches,79ca3e23
111,Jeremy Dudziak,tn TUN,MFFW,Greuther Fürth,25,1995,12.6,31,2.46,21,2,1,2,5,0,4,0.32,1,0,1,0,2,0,Matches,5a8d6540
112,Erik Durm,de GER,DF,Eint Frankfurt,29,1992,5.3,7,1.33,6,1,0,0,0,0,3,0.57,3,0,0,0,0,0,Matches,cf623c78
113,Maximilian Eggestein,de GER,MF,Freiburg,24,1996,24.4,50,2.05,42,2,0,2,2,2,5,0.21,5,0,0,0,0,0,Matches,beb882a8
114,Lilian Egloff,de GER,MFDF,Stuttgart,18,2002,0.3,1,2.81,1,0,0,0,0,0,0,0,0,0,0,0,0,0,Matches,2f7fec15
115,Kingsley Ehizibue,nl NED,DF,Köln,26,1995,7.6,17,2.25,15,1,1,0,0,0,2,0.27,2,0,0,0,0,0,Matches,76b2817e
116,Julian Eitschberger,de GER,DF,Hertha BSC,17,2004,0.5,0,0,0,0,0,0,0,0,0,0,0,0,0,0,0,0,Matches,943b9602
117,Jurgen Ekkelenkamp,nl NED,MFFW,Hertha BSC,21,2000,8,16,2.01,12,0,0,2,1,1,0,0,0,0,0,0,0,0,Matches,73d6a176
118,Nico Elvedi,ch SUI,DF,M'Gladbach,24,1996,27,15,0.56,12,0,1,1,0,1,2,0.07,2,0,0,0,0,0,Matches,48035304
119,Breel Embolo,ch SUI,FW,M'Gladbach,24,1997,24.1,82,3.56,60,0,3,4,14,1,10,0.43,7,0,0,1,1,1,Matches,0b4f388a
120,Keita Endo,jp JPN,MF,Union Berlin,23,1997,0.6,3,4.91,2,0,0,0,1,0,0,0,0,0,0,0,0,0,Matches,1a83027b
121,Wataru Endo,jp JPN,MF,Stuttgart,28,1993,32.2,63,1.96,52,0,2,4,3,2,3,0.09,3,0,0,0,0,0,Matches,c149016b
122,Michael Esser,de GER,GK,Bochum,33,1987,3,1,0.33,0,1,0,0,0,0,0,0,0,0,0,0,0,0,Matches,83e0eeb4
123,Wahidullah Faghir,dk DEN,FW,Stuttgart,18,2003,1.4,4,2.9,1,0,3,0,0,0,1,0.73,0,0,1,0,0,0,Matches,93c9e7d9
124,Ömer Faruk Beyaz,tr TUR,DFMF,Stuttgart,17,2003,0.8,1,1.25,1,0,0,0,0,0,0,0,0,0,0,0,0,0,Matches,8307b663
125,Adrian Fein,de GER,MF,Greuther Fürth,22,1999,0.4,2,5.63,1,0,0,1,0,0,1,2.81,0,0,0,1,0,0,Matches,60097ff6
126,Ohis Felix Uduokhai,de GER,DF,Augsburg,23,1997,8.7,5,0.57,5,0,0,0,0,0,1,0.11,1,0,0,0,0,0,Matches,677da306
127,Edimilson Fernandes,ch SUI,MFFW,Arminia,25,1996,3.1,10,3.18,9,0,1,0,0,0,0,0,0,0,0,0,0,0,Matches,3bb625ac
128,Alfreð Finnbogason,is ISL,FW,Augsburg,32,1989,3.2,6,1.85,4,0,0,2,0,0,2,0.62,1,0,0,1,0,0,Matches,f9e7c4ac
129,Mark Flekken,nl NED,GK,Freiburg,28,1993,32,10,0.31,9,1,0,0,0,0,1,0.03,1,0,0,0,0,0,Matches,a92ab7be
130,Emil Forsberg,se SWE,MF,RB Leipzig,29,1991,19,56,2.96,39,8,5,2,2,0,7,0.37,4,1,1,0,1,0,Matches,9a2e0ccc
131,Philipp Förster,de GER,MFFW,Stuttgart,26,1995,10.7,29,2.7,22,1,2,4,0,0,2,0.19,2,0,0,0,0,0,Matches,76fa965f
132,Timothy Fosu-Mensah,nl NED,DF,Leverkusen,23,1998,1.6,2,1.24,2,0,0,0,0,0,0,0,0,0,0,0,0,0,Matches,a9142dc3
133,Raphael Framberger,de GER,DF,Augsburg,25,1995,9.4,21,2.23,17,3,0,0,0,1,0,0,0,0,0,0,0,0,Matches,626fab5f
134,Marvin Friedrich,de GER,DF,M'Gladbach,25,1995,6.7,1,0.15,1,0,0,0,0,0,0,0,0,0,0,0,0,0,Matches,b77f44a4
135,Marvin Friedrich,de GER,DF,Union Berlin,25,1995,13,10,0.77,7,0,0,3,0,0,0,0,0,0,0,0,0,0,Matches,b77f44a4
136,Jeremie Frimpong,nl NED,DF,Leverkusen,20,2000,22.8,54,2.37,44,1,7,1,1,0,9,0.39,9,0,0,0,0,0,Matches,74f2e748
137,Christian Früchtl,de GER,GK,Bayern Munich,21,2000,0.1,0,0,0,0,0,0,0,0,0,0,0,0,0,0,0,0,Matches,1940be91
138,Chris Führich,de GER,FWMF,Stuttgart,23,1998,19,64,3.36,40,13,5,2,4,0,4,0.21,1,2,0,1,0,0,Matches,0cf778df
139,Marius Funk,de GER,GK,Greuther Fürth,25,1996,8,3,0.37,2,1,0,0,0,0,0,0,0,0,0,0,0,0,Matches,86314793
140,Stephan Fürstner,de GER,MF,Mainz 05,33,1987,0.1,0,0,0,0,0,0,0,0,0,0,0,0,0,0,0,0,Matches,18c2e247
141,Mijat Gaćinović,rs SRB,FWMF,Hoffenheim,26,1995,1.2,3,2.45,2,1,0,0,0,0,0,0,0,0,0,0,0,0,Matches,16daec92
142,Cristian Gamboa,cr CRC,DF,Bochum,31,1989,19.1,37,1.93,24,7,1,0,3,2,4,0.21,3,1,0,0,0,0,Matches,f27680d9
143,Silvère Ganvoula M'Boussy,cg CGO,FW,Bochum,25,1996,1.7,2,1.18,1,0,1,0,0,0,0,0,0,0,0,0,0,0,Matches,6c731625
144,Linus Gechter,de GER,DF,Hertha BSC,17,2004,8,8,1.01,5,0,0,1,0,2,1,0.13,0,0,0,0,0,1,Matches,ad2b068c
145,Dennis Geiger,de GER,MF,Hoffenheim,23,1998,15.3,51,3.33,32,13,0,3,1,2,3,0.2,1,1,0,1,0,0,Matches,37f606f0
146,Yannick Gerhardt,de GER,MFDF,Wolfsburg,27,1994,17.5,37,2.12,29,1,0,3,3,1,6,0.34,5,0,0,1,0,0,Matches,62ab9184
147,Hamadi Al Ghaddioui,ma MAR,FW,Stuttgart,30,1990,5.5,12,2.17,11,0,0,1,0,0,3,0.54,3,0,0,0,0,0,Matches,5723931e
148,Niko Gießelmann,de GER,DFFW,Union Berlin,29,1991,23.1,54,2.33,28,18,2,5,1,0,8,0.35,4,2,0,2,0,0,Matches,7242b495
149,Rafał Gikiewicz,pl POL,GK,Augsburg,33,1987,34,9,0.26,6,3,0,0,0,0,1,0.03,1,0,0,0,0,0,Matches,17376543
150,Daniel Ginczek,de GER,MFFW,Wolfsburg,30,1991,0.1,0,0,0,0,0,0,0,0,0,0,0,0,0,0,0,0,Matches,e5f63987
151,Matthias Ginter,de GER,DF,M'Gladbach,27,1994,26.2,50,1.99,41,1,0,5,2,1,3,0.12,2,0,0,1,0,0,Matches,f521b80a
152,Serge Gnabry,de GER,FWDF,Bayern Munich,26,1995,24.3,111,4.57,85,4,5,10,4,3,16,0.66,11,0,3,1,1,0,Matches,88e357ef
153,Leon Goretzka,de GER,MF,Bayern Munich,26,1995,15.5,68,4.38,57,1,1,6,3,0,9,0.58,8,0,0,0,1,0,Matches,cc86b9a3
154,Jeffrey Gouweleeuw,nl NED,DF,Augsburg,30,1991,28.6,26,0.91,22,2,0,1,0,1,1,0.03,1,0,0,0,0,0,Matches,1025db8e
155,Jens Grahl,de GER,GK,Eint Frankfurt,32,1988,1,0,0,0,0,0,0,0,0,0,0,0,0,0,0,0,0,Matches,f26dee6b
156,Julian Green,us USA,MF,Greuther Fürth,26,1995,11.7,31,2.65,18,7,2,0,3,1,0,0,0,0,0,0,0,0,Matches,ad1d6fa4
157,Michael Gregoritsch,at AUT,FWMF,Augsburg,27,1994,15.5,20,1.29,16,0,1,2,1,0,1,0.06,0,0,0,1,0,0,Matches,8e235926
158,Sebastian Griesbeck,de GER,DFMF,Greuther Fürth,30,1990,27.1,7,0.26,6,0,0,0,0,1,0,0,0,0,0,0,0,0,Matches,a8db7ebb
159,Sebastian Griesbeck,de GER,MF,Union Berlin,30,1990,0.1,0,0,0,0,0,0,0,0,0,0,0,0,0,0,0,0,Matches,a8db7ebb
160,Vincenzo Grifo,it ITA,MFFW,Freiburg,28,1993,30.8,141,4.57,79,45,3,10,4,0,21,0.68,13,7,0,0,1,0,Matches,54e4866f
161,Lennart Grill,de GER,GK,Leverkusen,22,1999,1,0,0,0,0,0,0,0,0,0,0,0,0,0,0,0,0,Matches,37998008
162,Florian Grillitsch,at AUT,DFMF,Hoffenheim,25,1995,16.6,38,2.29,33,1,2,1,1,0,4,0.24,4,0,0,0,0,0,Matches,ffbbc83b
163,Carlos Gruezo,ec ECU,MF,Augsburg,26,1995,10.8,16,1.48,15,0,0,1,0,0,1,0.09,1,0,0,0,0,0,Matches,f2dd9a21
164,Raphaël Guerreiro,pt POR,DF,Dortmund,27,1993,19.9,59,2.96,40,13,2,4,0,0,11,0.55,9,0,0,2,0,0,Matches,048a1cbc
165,Josuha Guilavogui,fr FRA,MFDF,Wolfsburg,30,1990,10.5,14,1.34,10,0,1,2,0,1,1,0.1,0,0,0,1,0,0,Matches,e6c43eec
166,Péter Gulácsi,hu HUN,GK,RB Leipzig,31,1990,33,4,0.12,4,0,0,0,0,0,0,0,0,0,0,0,0,0,Matches,bcb2ccd8
167,Manuel Gulde,de GER,DF,Freiburg,30,1991,13.6,2,0.15,2,0,0,0,0,0,0,0,0,0,0,0,0,0,Matches,25ab9c9c
168,Robert Gumny,pl POL,DF,Augsburg,23,1998,25.2,31,1.23,21,4,1,2,3,0,1,0.04,0,0,0,1,0,0,Matches,1df0c0b9
169,Christian Günter,de GER,DFMF,Freiburg,28,1993,34,109,3.21,56,42,2,2,7,0,13,0.38,6,4,0,1,2,0,Matches,8593f88c
170,Lasse Günther,de GER,DF,Augsburg,18,2003,1.8,1,0.56,0,0,0,0,1,0,0,0,0,0,0,0,0,0,Matches,672803
171,Joško Gvardiol,hr CRO,DF,RB Leipzig,19,2002,26.8,33,1.23,25,5,1,2,0,0,6,0.22,6,0,0,0,0,0,Matches,5ad50391
172,Erling Haaland,no NOR,FW,Dortmund,21,2000,21.2,61,2.87,44,0,6,8,3,0,16,0.75,11,0,3,2,0,0,Matches,1f44ac21
173,Janik Haberer,de GER,MF,Freiburg,27,1994,9.1,7,0.77,6,0,0,1,0,0,0,0,0,0,0,0,0,0,Matches,70dcf94d
174,Alexander Hack,de GER,DF,Mainz 05,27,1993,23,27,1.17,22,0,0,3,1,1,4,0.17,3,0,0,1,0,0,Matches,a5ec3ede
175,Robin Hack,de GER,FWMF,Arminia,22,1998,15.2,49,3.24,34,3,2,6,4,0,3,0.2,2,0,0,1,0,0,Matches,0174ba21
176,André Hahn,de GER,MFFW,Augsburg,30,1990,23.3,36,1.54,26,0,1,5,3,1,4,0.17,3,0,0,0,1,0,Matches,cd82452e
177,Amadou Haidara,ml MLI,MF,RB Leipzig,23,1998,14.7,31,2.1,27,0,2,1,1,0,4,0.27,3,0,1,0,0,0,Matches,92432bc6
178,Marcel Halstenberg,de GER,DF,RB Leipzig,29,1991,5.6,8,1.42,6,2,0,0,0,0,1,0.18,0,1,0,0,0,0,Matches,8ff2354e
179,Genki Haraguchi,jp JPN,MF,Union Berlin,30,1991,19.5,46,2.36,33,0,3,4,5,1,5,0.26,5,0,0,0,0,0,Matches,f24ea523
180,Luis Hartwig,de GER,FW,Bochum,18,2002,0,0,0,0,0,0,0,0,0,0,0,0,0,0,0,0,0,Matches,a3f30508
181,Makoto Hasebe,jp JPN,DF,Eint Frankfurt,37,1984,13.2,14,1.06,13,0,1,0,0,0,1,0.08,1,0,0,0,0,0,Matches,9ab16552
182,Thorgan Hazard,be BEL,FWDF,Dortmund,28,1993,14.9,43,2.89,28,5,5,2,3,0,4,0.27,1,0,2,1,0,0,Matches,50871bcc
183,Jonas Hector,de GER,DF,Köln,31,1990,28.4,67,2.36,54,7,1,4,0,1,7,0.25,7,0,0,0,0,0,Matches,c2009df3
184,Hwang Hee-chan,kr KOR,FW,RB Leipzig,25,1996,0.5,1,1.84,0,0,0,0,1,0,0,0,0,0,0,0,0,0,Matches,169fd162
185,Dominique Heintz,de GER,DF,Union Berlin,27,1993,5.2,4,0.77,3,0,0,0,1,0,1,0.19,1,0,0,0,0,0,Matches,699fb8db
186,Dominique Heintz,de GER,DF,Freiburg,27,1993,0.3,0,0,0,0,0,0,0,0,0,0,0,0,0,0,0,0,Matches,699fb8db
187,Benjamin Henrichs,de GER,DF,RB Leipzig,24,1997,12.7,23,1.81,19,0,0,1,2,1,5,0.39,3,0,0,1,1,0,Matches,0a89e877
188,Lucas Hernández,fr FRA,DF,Bayern Munich,25,1996,22.6,27,1.2,23,0,1,0,2,1,4,0.18,4,0,0,0,0,0,Matches,c3ee18ef
189,Patrick Herrmann,de GER,DFFW,M'Gladbach,30,1991,8.4,36,4.29,23,9,1,2,1,0,6,0.71,5,1,0,0,0,0,Matches,dfb6490a
190,Piero Hincapié,ec ECU,DF,Leverkusen,19,2002,19.5,17,0.87,16,0,0,1,0,0,4,0.21,3,0,0,1,0,0,Matches,0c7a48f8
191,Martin Hinteregger,at AUT,DF,Eint Frankfurt,28,1992,24.7,19,0.77,12,0,0,5,1,1,3,0.12,1,0,0,1,1,0,Matches,080440a4
192,Marwin Hitz,ch SUI,GK,Dortmund,33,1987,4.5,0,0,0,0,0,0,0,0,0,0,0,0,0,0,0,0,Matches,2e7ff968
193,Nicolas Höfler,de GER,MF,Freiburg,31,1990,28.9,45,1.56,35,0,0,3,4,3,8,0.28,4,0,0,1,2,1,Matches,5d8e331f
194,Jonas Hofmann,de GER,MFFW,M'Gladbach,29,1992,23.1,143,6.19,84,46,5,4,3,1,12,0.52,10,0,2,0,0,0,Matches,2903a856
195,Lucas Höler,de GER,FW,Freiburg,27,1994,28.7,94,3.27,71,0,3,10,10,0,10,0.35,7,0,1,1,1,0,Matches,ca618d23
196,Gerrit Holtmann,ph PHI,FWMF,Bochum,26,1995,20.4,61,3.13,43,0,10,3,3,2,8,0.41,5,0,2,1,0,0,Matches,2979c05a
197,Justin Hoogma,nl NED,DF,Greuther Fürth,23,1998,3,1,0.33,1,0,0,0,0,0,0,0,0,0,0,0,0,0,Matches,816192f0
198,Jannes Horn,de GER,DF,Köln,24,1997,5.3,14,2.64,11,1,1,0,1,0,1,0.19,1,0,0,0,0,0,Matches,2b83fa49
199,Timo Horn,de GER,GK,Köln,28,1993,13,2,0.15,2,0,0,0,0,0,0,0,0,0,0,0,0,0,Matches,3cd9e95a
200,Lukáš Hrádecký,fi FIN,GK,Leverkusen,31,1989,32,4,0.12,3,1,0,0,0,0,0,0,0,0,0,0,0,0,Matches,ad3389d5
201,Branimir Hrgota,se SWE,FW,Greuther Fürth,28,1993,30.9,80,2.59,50,6,7,9,5,3,11,0.36,8,0,0,1,2,0,Matches,710fbdd1
202,Ajdin Hrustic,au AUS,MF,Eint Frankfurt,25,1996,10.7,29,2.71,14,7,3,4,1,0,0,0,0,0,0,0,0,0,Matches,1f2d714c
203,Timo Hübers,de GER,DF,Köln,25,1996,19.3,12,0.62,10,1,0,0,1,0,0,0,0,0,0,0,0,0,Matches,94302c52
204,Benjamin Hübner,de GER,DF,Hoffenheim,32,1989,4.2,5,1.2,4,0,0,1,0,0,2,0.48,2,0,0,0,0,0,Matches,99de6b6f
205,Mats Hummels,de GER,DF,Dortmund,32,1988,19.6,14,0.71,10,1,0,2,1,0,4,0.2,3,0,0,1,0,0,Matches,05d548d8
206,Iago,br BRA,DF,Augsburg,24,1997,24.2,57,2.36,49,5,1,1,1,0,9,0.37,7,1,1,0,0,0,Matches,054849d2
207,Stefan Ilsanker,at AUT,DFMF,Eint Frankfurt,32,1989,3,1,0.34,1,0,0,0,0,0,0,0,0,0,0,0,0,0,Matches,8494acc4
208,Burak İnce,tr TUR,FW,Arminia,17,2004,1.5,4,2.59,2,0,0,1,1,0,0,0,0,0,0,0,0,0,Matches,683dec01
209,Marcus Ingvartsen,dk DEN,MF,Union Berlin,25,1996,1.4,0,0,0,0,0,0,0,0,0,0,0,0,0,0,0,0,Matches,271b8617
210,Marcus Ingvartsen,dk DEN,FWMF,Mainz 05,25,1996,7.6,18,2.38,10,3,1,1,3,0,3,0.4,1,0,1,0,1,0,Matches,271b8617
211,Hiroki Ito,jp JPN,DF,Stuttgart,22,1999,26.1,26,1,20,3,0,2,0,1,3,0.11,3,0,0,0,0,0,Matches,204dded0
212,Cedric Itten,ch SUI,FW,Greuther Fürth,24,1996,7.1,7,0.99,5,0,0,1,1,0,0,0,0,0,0,0,0,0,Matches,ef233486
213,Gian-Luca Itter,de GER,DF,Greuther Fürth,22,1999,16.2,29,1.79,16,8,3,1,0,1,1,0.06,0,1,0,0,0,0,Matches,e6c15f6e
214,Lee Jae-sung,kr KOR,MFFW,Mainz 05,28,1992,16,57,3.57,46,1,2,6,1,1,5,0.31,5,0,0,0,0,0,Matches,34b0387f
215,Paul Jaeckel,de GER,DF,Union Berlin,23,1998,22.7,16,0.7,13,0,1,0,0,2,2,0.09,2,0,0,0,0,0,Matches,a93b6f4e
216,Kristijan Jakić,hr CRO,MF,Eint Frankfurt,24,1997,20.9,30,1.44,21,0,0,4,4,1,3,0.14,1,0,0,1,1,0,Matches,a8ee54ad
217,Tony Jantschke,de GER,DF,M'Gladbach,31,1990,2.5,1,0.4,1,0,0,0,0,0,0,0,0,0,0,0,0,0,Matches,34b54da7
218,Dennis Jastrzembski,pl POL,DFFW,Hertha BSC,21,2000,2.5,6,2.39,4,0,1,1,0,0,0,0,0,0,0,0,0,0,Matches,6bba916f
219,Fredrik Jensen,fi FIN,MFFW,Augsburg,23,1997,4.6,11,2.37,9,1,0,0,1,0,1,0.22,1,0,0,0,0,0,Matches,3eeb80e0
220,Marco John,de GER,DF,Hoffenheim,19,2002,0.5,1,2.14,1,0,0,0,0,0,0,0,0,0,0,0,0,0,Matches,d9e196bf
221,Stevan Jovetić,me MNE,FWMF,Hertha BSC,31,1989,11.3,42,3.72,32,1,2,5,2,0,2,0.18,1,1,0,0,0,0,Matches,f36c432f
222,Gideon Jung,de GER,DF,Greuther Fürth,26,1994,1.6,0,0,0,0,0,0,0,0,0,0,0,0,0,0,0,0,Matches,a2e7de6f
223,Anton Kade,de GER,FWMF,Hertha BSC,17,2004,0.9,1,1.17,1,0,0,0,0,0,0,0,0,0,0,0,0,0,Matches,6d7598d5
224,Pavel Kadeřábek,cz CZE,DFMF,Hoffenheim,29,1992,13.3,31,2.33,29,0,1,1,0,0,3,0.23,3,0,0,0,0,0,Matches,79c90e45
225,Florian Kainz,at AUT,MFFW,Köln,28,1992,25.8,97,3.76,59,28,3,4,2,1,14,0.54,10,2,0,2,0,0,Matches,94c18565
226,Sasa Kalajdzic,at AUT,FW,Stuttgart,24,1997,13.6,34,2.51,26,0,0,6,2,0,3,0.22,1,0,0,2,0,0,Matches,15f24fe7
227,Felix Kalu Nmecha,de GER,MFFW,Wolfsburg,20,2000,3.6,12,3.35,6,0,1,3,2,0,1,0.28,0,0,0,1,0,0,Matches,091c86e2
228,Daichi Kamada,jp JPN,MF,Eint Frankfurt,24,1996,23.8,82,3.45,63,4,4,5,4,2,7,0.29,6,0,1,0,0,0,Matches,15b287da
229,Kevin Kampl,si SVN,MF,RB Leipzig,30,1990,21.1,40,1.89,37,1,0,0,1,1,4,0.19,4,0,0,0,0,0,Matches,b825a650
230,Stefanos Kapino,gr GRE,GK,Arminia,27,1994,1,0,0,0,0,0,0,0,0,0,0,0,0,0,0,0,0,Matches,62ba5881
231,Atakan Karazor,de GER,MF,Stuttgart,24,1996,21.1,38,1.8,32,1,1,0,1,3,2,0.09,2,0,0,0,0,0,Matches,5762be5c
232,Silas Katompa,cd COD,FWMF,Stuttgart,22,1998,3.1,2,0.66,1,0,0,0,1,0,1,0.33,0,0,0,0,1,0,Matches,de4cac2d
233,Noah Katterbach,de GER,DF,Köln,20,2001,0.2,0,0,0,0,0,0,0,0,0,0,0,0,0,0,0,0,Matches,e27de4fa
234,Yannik Keitel,de GER,MF,Freiburg,21,2000,5.6,8,1.43,6,0,0,2,0,0,0,0,0,0,0,0,0,0,Matches,d2c580ce
235,Marc-Oliver Kempf,de GER,DF,Hertha BSC,26,1995,11.7,13,1.11,11,1,0,1,0,0,2,0.17,2,0,0,0,0,0,Matches,815c314f
236,Marc-Oliver Kempf,de GER,DF,Stuttgart,26,1995,9.3,17,1.82,15,0,0,1,1,0,0,0,0,0,0,0,0,0,Matches,815c314f
237,Rani Khedira,de GER,MF,Union Berlin,27,1994,30.6,34,1.11,26,1,1,2,2,2,2,0.07,2,0,0,0,0,0,Matches,59e4b92e
238,Luca Kilian,de GER,FW,Mainz 05,21,1999,0,0,0,0,0,0,0,0,0,0,0,0,0,0,0,0,0,Matches,610aa1e9
239,Luca Kilian,de GER,DF,Köln,21,1999,25.3,13,0.51,11,1,0,0,1,0,3,0.12,2,1,0,0,0,0,Matches,610aa1e9
240,Joshua Kimmich,de GER,MF,Bayern Munich,26,1995,27.5,155,5.64,81,63,1,3,3,4,24,0.87,9,13,0,0,1,1,Matches,49296448
241,Philipp Klement,de GER,MF,Stuttgart,28,1992,3.8,19,5.06,13,6,0,0,0,0,1,0.27,0,1,0,0,0,0,Matches,0cddeaa7
242,Mateo Klimowicz,de GER,MFFW,Stuttgart,21,2000,6.7,19,2.83,11,0,2,2,4,0,1,0.15,1,0,0,0,0,0,Matches,2b7c56b4
243,Fabian Klos,de GER,FW,Arminia,33,1987,15.8,27,1.71,25,0,1,1,0,0,2,0.13,2,0,0,0,0,0,Matches,e21042ae
244,Lukas Klostermann,de GER,DF,RB Leipzig,25,1996,18.3,12,0.66,12,0,0,0,0,0,1,0.05,1,0,0,0,0,0,Matches,ca8033cb
245,Lukas Klünter,de GER,DF,Hertha BSC,25,1996,2.2,4,1.86,3,0,1,0,0,0,0,0,0,0,0,0,0,0,Matches,92948149
246,Ansgar Knauff,de GER,FWMF,Dortmund,19,2002,1.3,3,2.37,3,0,0,0,0,0,0,0,0,0,0,0,0,0,Matches,19a967ab
247,Ansgar Knauff,de GER,DFMF,Eint Frankfurt,19,2002,8.4,23,2.73,16,1,2,1,3,0,3,0.36,2,0,1,0,0,0,Matches,19a967ab
248,Robin Knoche,de GER,DF,Union Berlin,29,1992,33,19,0.58,17,0,0,0,2,0,0,0,0,0,0,0,0,0,Matches,6bd5cd5d
249,Gregor Kobel,ch SUI,GK,Dortmund,23,1997,28.5,4,0.14,2,2,0,0,0,0,1,0.04,1,0,0,0,0,0,Matches,cd59b9df
250,Dominik Kohr,de GER,MF,Mainz 05,27,1994,17.9,46,2.57,36,1,1,4,2,2,10,0.56,8,0,0,1,1,0,Matches,0fbecd11
251,Kouadio Koné,fr FRA,MF,M'Gladbach,20,2001,24.3,49,2.11,38,0,5,1,5,0,4,0.17,2,0,0,0,2,0,Matches,86574238
252,Odilon Kossonou,ci CIV,DF,Leverkusen,20,2001,19.9,16,0.8,14,0,0,1,0,1,1,0.05,1,0,0,0,0,0,Matches,1f3afdcb
253,Filip Kostić,rs SRB,DFFW,Eint Frankfurt,28,1992,28,141,5.03,74,48,5,12,2,0,13,0.46,8,4,0,1,0,0,Matches,b1cd37e6
254,Andrej Kramarić,hr CRO,FWMF,Hoffenheim,30,1991,30.1,98,3.26,74,5,5,8,6,0,14,0.47,14,0,0,0,0,0,Matches,603cb947
255,Christoph Kramer,de GER,MF,M'Gladbach,30,1991,8.3,10,1.2,10,0,0,0,0,0,0,0,0,0,0,0,0,0,Matches,496aeede
256,Florian Krüger,de GER,FWMF,Arminia,22,1999,12.5,25,2.02,22,0,2,1,0,0,2,0.16,2,0,0,0,0,0,Matches,f9f92b5f
257,Max Kruse,de GER,MFFW,Wolfsburg,33,1988,12.5,34,2.71,28,0,0,4,2,0,7,0.56,6,0,0,0,1,0,Matches,f9446dcd
258,Max Kruse,de GER,FWMF,Union Berlin,33,1988,14.1,64,4.54,47,7,2,7,1,0,10,0.71,7,0,0,3,0,0,Matches,f9446dcd
259,Lukas Kübler,de GER,DFMF,Freiburg,28,1992,25.9,38,1.47,31,3,0,2,2,0,2,0.08,1,1,0,0,0,0,Matches,2a29eb9b
260,Fabian Kunze,de GER,MF,Arminia,23,1998,14,18,1.29,12,0,2,0,4,0,0,0,0,0,0,0,0,0,Matches,d25fee56
261,Maxence Lacroix,fr FRA,DF,Wolfsburg,21,2000,27.7,26,0.94,20,1,1,3,0,1,0,0,0,0,0,0,0,0,Matches,277c49ed
262,Konrad Laimer,at AUT,MF,RB Leipzig,24,1997,13.8,34,2.47,28,0,3,2,1,0,7,0.51,5,0,1,1,0,0,Matches,c1b7847c
263,Stefan Lainer,at AUT,DF,M'Gladbach,28,1992,16.3,37,2.41,30,1,1,0,5,0,6,0.39,4,0,1,0,1,0,Matches,4aea5077
264,Vassilis Lambropoulos,gr GRE,DF,Bochum,31,1990,13,8,0.62,7,0,0,1,0,0,0,0,0,0,0,0,0,0,Matches,591477c9
265,Sam Lammers,nl NED,FWMF,Eint Frankfurt,24,1997,5.7,10,1.74,8,1,0,1,0,0,0,0,0,0,0,0,0,0,Matches,c283ddef
266,Bryan Lasme,fr FRA,FW,Arminia,22,1998,9.7,19,1.95,13,0,3,1,2,0,1,0.1,1,0,0,0,0,0,Matches,ebac0ace
267,Maxim Leitsch,de GER,DF,Bochum,23,1998,17.1,10,0.59,9,0,0,1,0,0,2,0.12,2,0,0,0,0,0,Matches,7e12a98d
268,Tim Lemperle,de GER,FWMF,Köln,19,2002,1.7,12,7.25,10,0,0,1,1,0,0,0,0,0,0,0,0,0,Matches,792ffa71
269,Christopher Lenz,de GER,DF,Eint Frankfurt,26,1994,7.4,24,3.25,15,7,0,1,1,0,2,0.27,1,1,0,0,0,0,Matches,bbd86530
270,Robert Lewandowski,pl POL,FW,Bayern Munich,32,1988,32.7,109,3.33,63,1,18,16,10,1,15,0.46,8,0,3,3,1,0,Matches,8d78e732
271,Jamie Leweling,de GER,FWMF,Greuther Fürth,20,2001,21.8,45,2.07,22,0,10,3,8,2,5,0.23,2,0,2,0,1,0,Matches,13fe7b69
272,Philipp Lienhart,at AUT,DF,Freiburg,25,1996,31.9,26,0.82,19,2,0,4,1,0,1,0.03,0,0,0,1,0,0,Matches,302527b2
273,Andreas Linde,se SWE,GK,Greuther Fürth,28,1993,12,3,0.25,3,0,0,0,0,0,0,0,0,0,0,0,0,0,Matches,4d6a842d
274,Jesper Lindstrøm,dk DEN,MFFW,Eint Frankfurt,21,2000,22,89,4.05,58,11,10,7,3,0,8,0.36,5,2,0,1,0,0,Matches,37dc1a48
275,Dejan Ljubicic,at AUT,MFFW,Köln,23,1997,21.9,76,3.48,64,1,3,5,3,0,7,0.32,6,0,0,1,0,0,Matches,c455a2b2
276,Jürgen Locadia,nl NED,FWMF,Bochum,27,1993,4.9,18,3.64,11,0,0,5,2,0,3,0.61,2,0,0,1,0,0,Matches,6cc47ae1
277,Anthony Losilla,fr FRA,MF,Bochum,35,1986,32.6,45,1.42,37,0,1,3,2,2,2,0.06,1,0,1,0,0,0,Matches,07c7eb0c
278,Marcel Lotka,pl POL,GK,Hertha BSC,20,2001,9.8,1,0.1,0,1,0,0,0,0,0,0,0,0,0,0,0,0,Matches,5584552e
279,Eduard Löwen,de GER,MF,Bochum,24,1997,15.7,68,4.55,40,20,0,5,3,0,3,0.2,0,2,0,1,0,0,Matches,70678132
280,Anderson Lucoqui,ao ANG,DF,Mainz 05,24,1997,8.3,14,1.7,9,1,1,2,1,0,0,0,0,0,0,0,0,0,Matches,5569bf9a
281,Dodi Lukebakio,be BEL,FW,Hertha BSC,23,1997,2,3,1.53,1,0,0,0,2,0,1,0.51,0,0,0,0,1,0,Matches,0c61c77c
282,Dodi Lukebakio,be BEL,FWMF,Wolfsburg,23,1997,9.8,34,3.47,21,0,9,1,3,0,7,0.72,5,0,2,0,0,0,Matches,0c61c77c
283,Andrey Lunyov,ru RUS,GK,Leverkusen,29,1991,1,0,0,0,0,0,0,0,0,0,0,0,0,0,0,0,0,Matches,8a6ab963
284,Andreas Luthe,de GER,GK,Union Berlin,34,1987,27,1,0.04,1,0,0,0,0,0,0,0,0,0,0,0,0,0,Matches,7fe12375
285,Matej Maglica,hr CRO,MF,Stuttgart,22,1998,0.1,0,0,0,0,0,0,0,0,0,0,0,0,0,0,0,0,Matches,36cf2caf
286,Arne Maier,de GER,MF,Augsburg,22,1999,20.7,66,3.19,39,17,4,2,4,0,8,0.39,3,2,1,2,0,0,Matches,ab700320
287,Donyell Malen,nl NED,FW,Dortmund,22,1999,18.7,63,3.37,39,0,8,8,8,0,12,0.64,6,0,1,3,2,0,Matches,864163f3
288,Lennard Maloney,us USA,DF,Dortmund,21,1999,0.1,1,10,1,0,0,0,0,0,0,0,0,0,0,0,0,0,Matches,7.54E+103
289,Orel Mangala,be BEL,MF,Stuttgart,23,1998,20.6,58,2.82,45,0,7,3,1,2,7,0.34,6,0,1,0,0,0,Matches,a572e291
290,Myziane Maolida,fr FRA,FWMF,Hertha BSC,22,1999,8.6,15,1.74,11,0,1,2,1,0,2,0.23,2,0,0,0,0,0,Matches,706a60e1
291,Omar Marmoush,eg EGY,FW,Wolfsburg,22,1999,0.3,1,3.75,1,0,0,0,0,0,0,0,0,0,0,0,0,0,Matches,0e0102eb
292,Omar Marmoush,eg EGY,FW,Stuttgart,22,1999,17.5,70,4.01,34,17,9,8,2,0,10,0.57,3,3,1,2,1,0,Matches,0e0102eb
293,Aarón Martín,es ESP,DF,Mainz 05,24,1997,25.5,68,2.67,37,26,0,3,1,1,3,0.12,1,2,0,0,0,0,Matches,2f3e911a
294,Josep Martinez,es ESP,GK,RB Leipzig,23,1998,1,0,0,0,0,0,0,0,0,0,0,0,0,0,0,0,0,Matches,11d8aff0
295,Erhan Mašović,rs SRB,DF,Bochum,22,1998,17.2,3,0.18,2,0,0,0,1,0,0,0,0,0,0,0,0,0,Matches,a396fb61
296,Roberto Massimo,de GER,DFFW,Stuttgart,20,2000,9.7,22,2.26,16,0,3,3,0,0,2,0.21,0,0,1,1,0,0,Matches,fc62fdf4
297,Konstantinos Mavropanos,gr GRE,DF,Stuttgart,23,1997,30.1,31,1.03,19,1,1,7,1,2,3,0.1,2,0,0,1,0,0,Matches,963611
298,Eric Maxim Choupo-Moting,cm CMR,FWMF,Bayern Munich,32,1989,4.2,13,3.1,9,0,1,3,0,0,4,0.95,2,0,0,2,0,0,Matches,0e6bc38c
299,Kevin Mbabu,ch SUI,DF,Wolfsburg,26,1995,15.5,42,2.72,27,7,2,1,5,0,1,0.06,1,0,0,0,0,0,Matches,493924a7
300,Nathan de Medina,be BEL,DF,Arminia,23,1997,8.6,1,0.12,0,0,0,1,0,0,0,0,0,0,0,0,0,0,Matches,d686dbc0
301,Admir Mehmedi,ch SUI,DF,Wolfsburg,30,1991,0,0,0,0,0,0,0,0,0,0,0,0,0,0,0,0,0,Matches,b500b384
302,Jorge Meré,es ESP,DF,Köln,24,1997,5.4,5,0.92,5,0,0,0,0,0,0,0,0,0,0,0,0,0,Matches,9f979eb2
303,Thomas Meunier,be BEL,DF,Dortmund,29,1991,15.6,31,1.99,27,0,0,2,2,0,8,0.51,7,0,0,0,1,0,Matches,e162b013
304,Marco Meyerhöfer,de GER,DF,Greuther Fürth,25,1995,25.3,44,1.74,32,3,3,1,2,3,2,0.08,1,1,0,0,0,0,Matches,0b104510
305,Sven Michel,de GER,FW,Union Berlin,31,1990,3.8,12,3.2,11,0,0,1,0,0,2,0.53,1,0,0,1,0,0,Matches,1e274a0a
306,Enzo Millot,fr FRA,MF,Stuttgart,19,2002,0.6,3,5.09,3,0,0,0,0,0,1,1.7,1,0,0,0,0,0,Matches,f76022e7
307,Maximilian Mittelstädt,de GER,DFFW,Hertha BSC,24,1997,16.6,46,2.77,30,6,2,1,5,2,10,0.6,7,0,0,1,2,0,Matches,88d4144a
308,Anthony Modeste,fr FRA,FW,Köln,33,1988,29,39,1.35,23,0,1,11,4,0,5,0.17,1,0,1,2,1,0,Matches,34e4343c
309,Kevin Möhwald,de GER,MF,Union Berlin,28,1993,3.9,16,4.07,13,0,1,1,1,0,0,0,0,0,0,0,0,0,Matches,a5ce09f2
310,Clinton Mola,eng ENG,DF,Stuttgart,20,2001,1.3,1,0.8,1,0,0,0,0,0,0,0,0,0,0,0,0,0,Matches,29ddfb9c
311,Jan Morávek,cz CZE,MF,Augsburg,31,1989,5.2,19,3.63,18,0,0,0,0,1,0,0,0,0,0,0,0,0,Matches,e7d22eae
312,Ilaix Moriba,gn GUI,MF,RB Leipzig,18,2003,0.4,0,0,0,0,0,0,0,0,0,0,0,0,0,0,0,0,Matches,f4c69aa6
313,Youssoufa Moukoko,de GER,FWMF,Dortmund,16,2004,2.5,5,2.01,4,0,0,1,0,0,1,0.4,0,0,0,1,0,0,Matches,6ce43701
314,Nordi Mukiele,fr FRA,DFFW,RB Leipzig,23,1997,20.5,29,1.42,25,1,1,1,1,0,5,0.24,4,0,0,0,1,0,Matches,ac73ec79
315,Florian Müller,de GER,GK,Stuttgart,23,1997,30,2,0.07,2,0,0,0,0,0,0,0,0,0,0,0,0,0,Matches,cbac6ec9
316,Thomas Müller,de GER,MF,Bayern Munich,31,1989,28.4,152,5.35,135,2,1,9,3,2,27,0.95,26,0,0,0,0,1,Matches,3c6089ab
317,Torben Müsel,de GER,MF,M'Gladbach,22,1999,0.1,0,0,0,0,0,0,0,0,0,0,0,0,0,0,0,0,Matches,d01b9ad6
318,Jamal Musiala,de GER,MFFW,Bayern Munich,18,2003,16.3,77,4.73,59,0,9,5,2,2,10,0.61,8,0,2,0,0,0,Matches,2c0558b8
319,Obite N'Dicka,fr FRA,DF,Eint Frankfurt,21,1999,31.7,28,0.88,24,1,1,2,0,0,7,0.22,5,0,0,2,0,0,Matches,441197b8
320,Nikolas Nartey,dk DEN,MFDF,Stuttgart,21,2000,4.5,9,2.01,8,0,0,0,1,0,0,0,0,0,0,0,0,0,Matches,30261ba1
321,Paul Nebel,de GER,MFFW,Mainz 05,18,2002,2.5,6,2.37,4,2,0,0,0,0,1,0.39,1,0,0,0,0,0,Matches,1b6d8083
322,David Nemeth,at AUT,DF,Mainz 05,20,2001,3.5,2,0.58,2,0,0,0,0,0,0,0,0,0,0,0,0,0,Matches,da76715c
323,Luca Netz,de GER,DFFW,M'Gladbach,18,2003,15.5,33,2.27,20,9,1,3,0,0,6,0.41,3,2,1,0,0,0,Matches,e79269bd
324,Manuel Neuer,de GER,GK,Bayern Munich,35,1986,27.9,6,0.22,6,0,0,0,0,0,2,0.07,2,0,0,0,0,0,Matches,8778c910
325,Florian Neuhaus,de GER,MF,M'Gladbach,24,1997,23.6,61,2.7,53,0,2,2,3,1,6,0.27,6,0,0,0,0,0,Matches,36a59ba4
326,Jessic Ngankam,de GER,FW,Greuther Fürth,21,2000,3.8,3,0.79,1,0,1,1,0,0,2,0.53,1,0,0,1,0,0,Matches,bc249af8
327,Moussa Niakhate,fr FRA,DF,Mainz 05,25,1996,28.5,39,1.37,31,6,1,0,1,0,1,0.04,1,0,0,0,0,0,Matches,242715
328,Tanguy Nianzou,fr FRA,DF,Bayern Munich,19,2002,6.5,8,1.24,7,0,0,1,0,0,2,0.31,2,0,0,0,0,0,Matches,5853ac44
329,Florian Niederlechner,de GER,FW,Augsburg,30,1990,12.9,32,2.5,25,0,2,2,3,0,6,0.47,4,0,0,0,2,0,Matches,d6862409
330,Håvard Nielsen,no NOR,MFFW,Greuther Fürth,28,1993,15.2,22,1.45,14,0,3,1,3,1,3,0.2,3,0,0,0,0,0,Matches,b18ef366
331,Joakim Nilsson,se SWE,DF,Arminia,27,1994,30.4,16,0.53,13,1,1,0,0,1,1,0.03,1,0,0,0,0,0,Matches,c562c5b4
332,Christopher Nkunku,fr FRA,FWMF,RB Leipzig,23,1997,30.3,145,4.79,92,9,17,12,13,2,31,1.02,19,0,5,2,4,1,Matches,7c56da38
333,Lukas Nmecha,de GER,FWMF,Wolfsburg,22,1998,18.1,54,2.99,34,0,7,7,6,0,6,0.33,4,0,0,1,1,0,Matches,0cc5f4a5
334,Håvard Nordtveit,no NOR,DF,Hoffenheim,31,1990,3.4,2,0.59,1,0,0,0,0,1,0,0,0,0,0,0,0,0,Matches,6cafd68d
335,Connor Noß,ie IRL,MF,M'Gladbach,20,2001,0.6,1,1.7,1,0,0,0,0,0,0,0,0,0,0,0,0,0,Matches,ccc6d365
336,Hugo Novoa,es ESP,MFFW,RB Leipzig,18,2003,1.5,3,1.99,2,0,0,0,1,0,1,0.66,0,0,0,0,1,0,Matches,5458f670
337,Soma Novothny,hu HUN,FWMF,Bochum,27,1994,0.9,2,2.28,1,0,0,0,1,0,0,0,0,0,0,0,0,0,Matches,6fb91ea9
338,Kasim Nuhu,gh GHA,DF,Hoffenheim,26,1995,0.1,1,18,0,0,0,1,0,0,0,0,0,0,0,0,0,0,Matches,93a50d2c
339,Hans Nunoo Sarpei,gh GHA,DFMF,Greuther Fürth,22,1998,7.1,5,0.7,3,0,0,0,0,2,0,0,0,0,0,0,0,0,Matches,9593331d
340,Bastian Oczipka,de GER,DF,Union Berlin,32,1989,10.4,36,3.48,21,12,1,0,2,0,3,0.29,3,0,0,0,0,0,Matches,d1661819
341,Masaya Okugawa,jp JPN,MFFW,Arminia,25,1996,28.1,43,1.53,34,0,3,2,3,1,3,0.11,2,0,0,1,0,0,Matches,63b9cc6d
342,Mathias Olesen,lu LUX,MFFW,Köln,20,2001,0.2,1,5.29,1,0,0,0,0,0,0,0,0,0,0,0,0,0,Matches,86adbcc7
343,Dani Olmo,es ESP,MFFW,RB Leipzig,23,1998,8.3,32,3.87,22,1,3,1,5,0,6,0.73,5,0,0,0,1,0,Matches,ae44e8e2
344,Karim Onisiwo,at AUT,FW,Mainz 05,29,1992,26.2,92,3.51,63,1,14,5,9,0,12,0.46,10,0,1,1,0,0,Matches,f26834c7
345,Willi Orban,hu HUN,DF,RB Leipzig,28,1992,29.4,18,0.61,15,0,0,2,1,0,2,0.07,2,0,0,0,0,0,Matches,20030c06
346,Stefan Ortega,de GER,GK,Arminia,28,1992,33,16,0.48,14,2,0,0,0,0,0,0,0,0,0,0,0,0,Matches,c1242d4e
347,Patrick Osterhage,de GER,MF,Bochum,21,2000,6.7,10,1.57,7,1,0,0,1,1,3,0.47,2,0,0,0,0,1,Matches,9662c9ec
348,Tomáš Ostrák,cz CZE,MFFW,Köln,21,2000,0.3,3,8.71,3,0,0,0,0,0,1,2.9,1,0,0,0,0,0,Matches,3ba95f20
349,Paulo Otávio,br BRA,DFMF,Wolfsburg,26,1994,4,6,1.49,4,0,0,1,1,0,1,0.25,1,0,0,0,0,0,Matches,1cbe4984
350,Reece Oxford,eng ENG,DF,Augsburg,22,1998,29.9,17,0.57,14,0,0,2,1,0,2,0.07,1,0,0,1,0,0,Matches,8b6e0db2
351,Salih Özcan,tr TUR,MF,Köln,23,1998,25.7,54,2.1,41,2,1,4,4,2,6,0.23,4,0,0,2,0,0,Matches,15413fa5
352,Levin Öztunalı,de GER,MF,Union Berlin,25,1996,6.4,13,2.05,10,0,0,0,3,0,0,0,0,0,0,0,0,0,Matches,66385c46
353,Gonçalo Paciência,pt POR,FW,Eint Frankfurt,26,1994,5.7,14,2.44,9,0,0,1,3,1,1,0.17,0,0,0,0,1,0,Matches,962e54cb
354,Exequiel Palacios,ar ARG,MF,Leverkusen,22,1998,12.2,26,2.14,24,0,1,0,0,1,4,0.33,4,0,0,0,0,0,Matches,e82adcab
355,Miloš Pantović,rs SRB,MFFW,Bochum,25,1996,17,54,3.17,35,12,0,3,3,1,7,0.41,6,0,0,1,0,0,Matches,5dc15574
356,Antonios Papadopoulos,de GER,DFMF,Dortmund,21,1999,0.2,0,0,0,0,0,0,0,0,0,0,0,0,0,0,0,0,Matches,13d23b29
357,Matondo-Merveille Papela,de GER,MF,Mainz 05,20,2001,0.9,1,1.08,1,0,0,0,0,0,0,0,0,0,0,0,0,0,Matches,b4b08774
358,Kevin Paredes,us USA,FWDF,Wolfsburg,18,2003,0.2,0,0,0,0,0,0,0,0,0,0,0,0,0,0,0,0,Matches,5c50fdbc
359,Felix Passlack,de GER,DF,Dortmund,23,1998,5.2,7,1.33,6,0,0,0,1,0,0,0,0,0,0,0,0,0,Matches,5c899683
360,Paulinho,br BRA,FWMF,Leverkusen,21,2000,13.5,51,3.77,33,4,3,5,5,1,8,0.59,5,0,2,1,0,0,Matches,53070b63
361,Benjamin Pavard,fr FRA,DF,Bayern Munich,25,1996,23.1,51,2.21,42,2,0,4,1,2,4,0.17,4,0,0,0,0,0,Matches,45a03961
362,Mads Pedersen,dk DEN,MFDF,Augsburg,24,1996,15.5,34,2.2,17,7,2,2,3,3,2,0.13,0,2,0,0,0,0,Matches,582a5247
363,Peter Pekarík,sk SVK,DF,Hertha BSC,34,1986,24.8,28,1.13,24,1,0,1,2,0,0,0,0,0,0,0,0,0,Matches,c18d22f5
364,Philipp Pentke,de GER,GK,Hoffenheim,36,1985,1,0,0,0,0,0,0,0,0,0,0,0,0,0,0,0,0,Matches,c41f7379
365,Ricardo Pepi,us USA,FWMF,Augsburg,18,2003,5.3,10,1.88,9,0,0,1,0,0,0,0,0,0,0,0,0,0,Matches,a2b1ed42
366,Pavao Pervan,at AUT,GK,Wolfsburg,33,1987,6,1,0.17,1,0,0,0,0,0,0,0,0,0,0,0,0,0,Matches,c89e8aae
367,Nils Petersen,de GER,FW,Freiburg,32,1988,6.4,12,1.86,9,0,1,0,1,1,0,0,0,0,0,0,0,0,Matches,f93e6e94
368,Jens Petter Hauge,no NOR,MFFW,Eint Frankfurt,21,1999,11.6,33,2.86,28,0,2,2,1,0,5,0.43,5,0,0,0,0,0,Matches,12c35abe
369,Immanuel Pherai,nl NED,MF,Dortmund,20,2001,0,0,0,0,0,0,0,0,0,0,0,0,0,0,0,0,0,Matches,f168d9b9
370,Maximilian Philipp,de GER,MF,Wolfsburg,27,1994,10.7,35,3.27,26,3,2,0,4,0,6,0.56,4,1,1,0,0,0,Matches,061e8e23
371,Krzysztof Piątek,pl POL,FW,Hertha BSC,26,1995,3.9,6,1.56,2,0,0,2,2,0,1,0.26,0,0,0,1,0,0,Matches,17f3620a
372,Amos Pieper,de GER,DF,Arminia,23,1998,26.4,13,0.49,9,0,0,2,0,2,0,0,0,0,0,0,0,0,Matches,526ea7cc
373,Marvin Plattenhardt,de GER,DF,Hertha BSC,29,1992,18.2,63,3.46,19,40,1,1,2,0,9,0.49,3,5,0,0,1,0,Matches,f7aa75bd
374,Alassane Pléa,fr FRA,MFFW,M'Gladbach,28,1993,23,105,4.77,83,1,7,8,5,1,9,0.41,8,0,0,1,0,0,Matches,bc6bd723
375,Joel Pohjanpalo,fi FIN,FW,Leverkusen,26,1994,0.1,0,0,0,0,0,0,0,0,0,0,0,0,0,0,0,0,Matches,ea003d07
376,Sebastian Polter,de GER,FW,Bochum,30,1991,26,54,2.16,40,0,2,3,9,0,3,0.12,1,0,0,0,2,0,Matches,3745e8bd
377,Marin Pongračić,hr CRO,DF,Dortmund,23,1997,9.2,3,0.33,3,0,0,0,0,0,0,0,0,0,0,0,0,0,Matches,2a6cd437
378,Stefan Posch,at AUT,DF,Hoffenheim,24,1997,24.4,8,0.33,8,0,0,0,0,0,1,0.04,1,0,0,0,0,0,Matches,7f609bfc
379,Yussuf Poulsen,dk DEN,FWMF,RB Leipzig,27,1994,12,30,2.5,21,0,1,3,5,0,6,0.5,4,0,0,0,2,0,Matches,d2416c2e
380,Manuel Prietl,at AUT,MF,Arminia,29,1991,23.6,29,1.23,19,0,6,2,0,2,4,0.17,4,0,0,0,0,0,Matches,901c0f97
381,Grischa Prömel,de GER,MF,Union Berlin,26,1995,26.9,42,1.56,35,0,0,3,3,1,5,0.19,4,0,0,1,0,0,Matches,924f9191
382,Nick Proschwitz,de GER,FW,Hoffenheim,34,1986,0.3,0,0,0,0,0,0,0,0,0,0,0,0,0,0,0,0,Matches,9cf4fd68
383,Afimico Pululu,fr FRA,FWMF,Greuther Fürth,22,1999,0.8,2,2.57,0,0,1,0,1,0,0,0,0,0,0,0,0,0,Matches,32c016f8
384,Sidney Raebiger,de GER,MF,RB Leipzig,16,2005,0,0,0,0,0,0,0,0,0,0,0,0,0,0,0,0,0,Matches,a8090a41
385,Diant Ramaj,de GER,GK,Eint Frankfurt,19,2001,1,2,2,2,0,0,0,0,0,0,0,0,0,0,0,0,0,Matches,b90c4a43
386,Guilherme Ramos,pt POR,DF,Arminia,23,1997,10.1,5,0.5,4,0,0,0,0,1,1,0.1,1,0,0,0,0,0,Matches,df9c3473
387,Tobias Raschl,de GER,MF,Greuther Fürth,21,2000,6.6,6,0.9,4,1,1,0,0,0,1,0.15,1,0,0,0,0,0,Matches,bd992863
388,David Raum,de GER,DFFW,Hoffenheim,23,1998,30.6,144,4.7,92,41,4,4,2,1,21,0.69,17,2,1,1,0,0,Matches,7d450ed3
389,Reinier,br BRA,FWMF,Dortmund,19,2002,1.8,3,1.67,2,0,0,1,0,0,0,0,0,0,0,0,0,0,Matches,6b21b7b5
390,Panagiotis Retsos,gr GRE,DFFW,Leverkusen,22,1998,0.4,1,2.81,1,0,0,0,0,0,0,0,0,0,0,0,0,0,Matches,4bd00a50
391,Marco Reus,de GER,MFFW,Dortmund,32,1989,27.8,105,3.78,78,9,1,5,10,2,26,0.93,18,1,1,1,4,1,Matches,36a3ff67
392,Elvis Rexhbeçaj,de GER,MF,Bochum,23,1997,28.2,48,1.76,33,5,1,2,7,0,4,0.15,3,0,0,0,1,0,Matches,1ae836b1
393,Gio Reyna,us USA,MF,Dortmund,18,2002,4.9,20,4.09,12,7,1,0,0,0,1,0.2,0,1,0,0,0,0,Matches,7fa4e703
394,Chris Richards,us USA,DF,Hoffenheim,21,2000,14.5,11,0.76,10,0,0,1,0,0,5,0.35,5,0,0,0,0,0,Matches,0a3d6d2b
395,Chris Richards,us USA,DF,Bayern Munich,21,2000,0,0,0,0,0,0,0,0,0,0,0,0,0,0,0,0,0,Matches,0a3d6d2b
396,Omar Richards,eng ENG,DF,Bayern Munich,23,1998,4.9,11,2.26,7,1,1,0,2,0,0,0,0,0,0,0,0,0,Matches,f9b1b7bf
397,Marco Richter,de GER,FWMF,Hertha BSC,23,1997,18.9,47,2.48,25,8,5,4,5,0,2,0.11,1,0,0,0,1,0,Matches,f972644c
398,Manuel Riemann,de GER,GK,Bochum,32,1988,31,24,0.8,19,5,0,0,0,0,2,0.07,1,1,0,0,0,0,Matches,9f941969
399,Marc Roca,es ESP,MF,Bayern Munich,24,1996,4.2,9,2.14,6,2,0,1,0,0,1,0.24,1,0,0,0,0,0,Matches,da27e268
400,Cimo Röcker,de GER,DF,Hertha BSC,27,1994,0.2,1,4.09,1,0,0,0,0,0,0,0,0,0,0,0,0,0,Matches,611b1aae
401,Sebastian Rode,de GER,MF,Eint Frankfurt,30,1990,8.4,31,3.68,28,0,0,2,0,1,1,0.12,1,0,0,0,0,0,Matches,e12b0b5b
402,Romario Rösch,de GER,MF,Mainz 05,22,1999,0,0,0,0,0,0,0,0,0,0,0,0,0,0,0,0,0,Matches,87ebfdb8
403,Tom Rothe,de GER,DF,Dortmund,16,2004,1,1,0.96,1,0,0,0,0,0,0,0,0,0,0,0,0,0,Matches,90c1f9a4
404,Jérôme Roussillon,fr FRA,DF,Wolfsburg,28,1993,19.7,35,1.77,29,2,2,1,1,0,1,0.05,1,0,0,0,0,0,Matches,13203c45
405,Sebastian Rudy,de GER,MF,Hoffenheim,31,1990,8.6,16,1.86,13,1,0,1,1,0,4,0.47,3,0,0,0,1,0,Matches,80f36c88
406,Georginio Rutter,fr FRA,FWMF,Hoffenheim,19,2002,17.9,46,2.57,25,0,9,4,5,3,7,0.39,4,0,3,0,0,0,Matches,c64c01fc
407,Julian Ryerson,no NOR,DF,Union Berlin,23,1997,15.9,34,2.14,26,2,1,5,0,0,3,0.19,2,0,0,1,0,0,Matches,009a4f60
408,Frederik Rønnow,dk DEN,GK,Union Berlin,28,1992,7,0,0,0,0,0,0,0,0,0,0,0,0,0,0,0,0,Matches,a70b8345
409,Marcel Sabitzer,at AUT,MFDF,Bayern Munich,27,1994,10.1,26,2.58,23,0,0,2,0,1,2,0.2,2,0,0,0,0,0,Matches,e280527c
410,Marcel Sabitzer,at AUT,MFFW,RB Leipzig,27,1994,0.5,2,3.67,2,0,0,0,0,0,0,0,0,0,0,0,0,0,Matches,e280527c
411,Roland Sallai,hu HUN,MFFW,Freiburg,24,1997,17.2,48,2.78,31,0,1,6,10,0,7,0.41,4,0,0,1,2,0,Matches,bf075f6b
412,Diadie Samassékou,ml MLI,MF,Hoffenheim,25,1996,18.4,29,1.58,23,0,1,5,0,0,3,0.16,2,0,0,1,0,0,Matches,8593525
413,Leroy Sané,de GER,FWMF,Bayern Munich,25,1996,22,112,5.1,78,8,12,11,2,1,14,0.64,10,0,1,2,1,0,Matches,2b114be3
414,Mohamed Sankoh,nl NED,FW,Stuttgart,17,2003,0,1,22.5,0,0,0,1,0,0,0,0,0,0,0,0,0,0,Matches,be625686
415,Baptiste Santamaria,fr FRA,MF,Freiburg,26,1995,0.2,1,4.29,1,0,0,0,0,0,0,0,0,0,0,0,0,0,Matches,5e22e2a4
416,Bouna Sarr,sn SEN,DF,Bayern Munich,29,1992,0.7,0,0,0,0,0,0,0,0,0,0,0,0,0,0,0,0,Matches,1a4b9094
417,Joe Scally,us USA,DF,M'Gladbach,18,2002,21.2,41,1.93,35,2,0,2,2,0,5,0.24,3,0,0,2,0,0,Matches,236f02cd
418,Kevin Schade,de GER,MFFW,Freiburg,19,2001,9.2,24,2.6,9,0,4,3,8,0,3,0.32,1,0,0,0,2,0,Matches,52afb588
419,András Schäfer,hu HUN,MF,Union Berlin,22,1999,2.7,6,2.27,4,0,2,0,0,0,2,0.76,1,0,1,0,0,0,Matches,049751d7
420,Louis Schaub,at AUT,MFFW,Köln,26,1994,7.3,27,3.72,19,2,1,2,2,1,4,0.55,4,0,0,0,0,0,Matches,b50ec54b
421,Patrik Schick,cz CZE,FW,Leverkusen,25,1996,23.1,50,2.17,34,0,3,11,2,0,14,0.61,10,0,2,1,1,0,Matches,5d4f7d61
422,Kingsley Schindler,de GER,DFFW,Köln,28,1993,3.9,12,3.09,9,1,0,1,1,0,3,0.77,2,1,0,0,0,0,Matches,bd527260
423,Xaver Schlager,at AUT,MF,Wolfsburg,23,1997,11.6,14,1.21,12,0,1,1,0,0,2,0.17,2,0,0,0,0,0,Matches,8f056768
424,Keven Schlotterbeck,de GER,DFFW,Freiburg,24,1997,3.5,2,0.57,2,0,0,0,0,0,0,0,0,0,0,0,0,0,Matches,f6bdc830
425,Nico Schlotterbeck,de GER,DF,Freiburg,21,1999,30.9,56,1.81,41,0,3,6,5,1,4,0.13,3,0,0,1,0,0,Matches,34e12499
426,Jonathan Schmid,fr FRA,DF,Freiburg,31,1990,6.5,18,2.76,11,4,0,2,1,0,1,0.15,1,0,0,0,0,0,Matches,088ca1bd
427,Benno Schmitz,de GER,DF,Köln,26,1994,26.9,75,2.79,60,11,0,2,1,1,11,0.41,8,2,0,1,0,0,Matches,ad00b1a8
428,Alessandro Schöpf,at AUT,MF,Arminia,27,1994,26.6,91,3.42,64,11,3,6,7,0,5,0.19,4,0,0,0,1,0,Matches,106bca06
429,Nico Schulz,de GER,DF,Dortmund,28,1993,9.3,15,1.61,11,2,1,0,0,1,2,0.22,2,0,0,0,0,0,Matches,fa274d97
430,Marvin Schwäbe,de GER,GK,Köln,26,1995,21,2,0.1,1,1,0,0,0,0,0,0,0,0,0,0,0,0,Matches,87436846
431,Alexander Schwolow,de GER,GK,Hertha BSC,29,1992,24.2,2,0.08,1,1,0,0,0,0,0,0,0,0,0,0,0,0,Matches,0d55d942
432,Paul Seguin,de GER,MF,Greuther Fürth,26,1995,23.4,55,2.35,43,6,1,2,3,0,4,0.17,4,0,0,0,0,0,Matches,8872ed17
433,Davie Selke,de GER,FW,Hertha BSC,26,1995,11.2,16,1.44,14,0,1,1,0,0,2,0.18,2,0,0,0,0,0,Matches,1238a3f9
434,Lion Semić,de GER,DF,Dortmund,17,2003,0,0,0,0,0,0,0,0,0,0,0,0,0,0,0,0,0,Matches,87ebd8c9
435,Suat Serdar,de GER,MFFW,Hertha BSC,24,1997,24.6,53,2.15,32,0,8,3,7,3,2,0.08,1,0,0,0,1,0,Matches,b3325a30
436,Janni Serra,de GER,FW,Arminia,23,1998,12.4,20,1.61,15,0,1,3,1,0,3,0.24,1,0,1,1,0,0,Matches,40b58bfc
437,Zidan Sertdemir,dk DEN,MFFW,Leverkusen,16,2005,0.2,1,5,0,1,0,0,0,0,0,0,0,0,0,0,0,0,Matches,eec1f7f4
438,Nils Seufert,de GER,MF,Greuther Fürth,24,1997,1.1,0,0,0,0,0,0,0,0,0,0,0,0,0,0,0,0,Matches,0da32a38
439,Kiliann Sildillia,fr FRA,DFMF,Freiburg,19,2002,1.9,4,2.11,4,0,0,0,0,0,1,0.53,1,0,0,0,0,0,Matches,313254a3
440,André Silva,pt POR,FW,RB Leipzig,25,1995,23.1,51,2.21,34,0,4,8,4,1,15,0.65,10,0,1,3,1,0,Matches,3effaa34
441,Mohamed Simakan,fr FRA,DF,RB Leipzig,21,2000,22.3,18,0.81,15,0,0,2,1,0,2,0.09,1,0,0,0,1,0,Matches,fcb27134
442,Daley Sinkgraven,nl NED,DF,Leverkusen,26,1995,3.9,6,1.53,6,0,0,0,0,0,0,0,0,0,0,0,0,0,Matches,73000a79
443,Tobias Sippel,de GER,GK,M'Gladbach,33,1988,1,0,0,0,0,0,0,0,0,0,0,0,0,0,0,0,0,Matches,0d8a37c2
444,Hugo Siquet,be BEL,DF,Freiburg,19,2002,0.2,0,0,0,0,0,0,0,0,0,0,0,0,0,0,0,0,Matches,c6cf860f
445,Ellyes Skhiri,tn TUN,MF,Köln,26,1995,20.2,29,1.43,28,0,0,0,0,1,1,0.05,1,0,0,0,0,0,Matches,c2211709
446,Robert Skov,dk DEN,FWDF,Hoffenheim,25,1996,4.1,16,3.91,7,4,0,4,0,1,3,0.73,1,0,0,2,0,0,Matches,ff98492b
447,Danilo Soares,br BRA,DF,Bochum,29,1991,28.5,60,2.11,43,5,2,0,6,4,5,0.18,4,0,0,0,1,0,Matches,c05f2f8c
448,Yann Sommer,ch SUI,GK,M'Gladbach,32,1988,33,2,0.06,2,0,0,0,0,0,1,0.03,1,0,0,0,0,0,Matches,420c18a1
449,Borna Sosa,hr CRO,DFFW,Stuttgart,23,1998,27.8,117,4.22,74,28,5,4,5,1,15,0.54,11,2,1,0,1,0,Matches,af0d79a9
450,Djibril Sow,ch SUI,MF,Eint Frankfurt,24,1997,26.8,57,2.12,45,2,0,2,4,4,7,0.26,6,0,0,0,1,0,Matches,4c6facae
451,Jerry St. Juste,nl NED,DF,Mainz 05,24,1996,6.7,13,1.94,7,0,0,3,1,2,0,0,0,0,0,0,0,0,Matches,90339309
452,Anton Stach,de GER,MF,Mainz 05,22,1998,20.7,59,2.85,35,10,2,5,7,0,10,0.48,8,1,0,1,0,0,Matches,0f59a7bf
453,Kostas Stafylidis,gr GRE,DFMF,Bochum,27,1993,15.4,29,2.01,12,12,1,3,0,1,3,0.21,0,1,0,1,0,1,Matches,8.61E+118
454,Josip Stanišić,hr CRO,DF,Bayern Munich,21,2000,7.2,17,2.37,14,1,0,2,0,0,1,0.14,0,0,0,1,0,0,Matches,7ed08d5c
455,Niklas Stark,de GER,DF,Hertha BSC,26,1995,22.6,12,0.53,10,1,0,1,0,0,0,0,0,0,0,0,0,0,Matches,aad48be9
456,Renato Steffen,ch SUI,FWMF,Wolfsburg,29,1991,10.7,36,3.35,26,1,1,2,4,2,2,0.19,1,0,0,1,0,0,Matches,dd669209
457,Pascal Stenzel,de GER,DF,Stuttgart,25,1996,10,19,1.91,15,3,0,1,0,0,0,0,0,0,0,0,0,0,Matches,99f7e9aa
458,Angelo Stiller,de GER,MF,Hoffenheim,20,2001,18.8,32,1.7,30,0,0,2,0,0,4,0.21,4,0,0,0,0,0,Matches,3b1ed320
459,Lars Stindl,de GER,MFFW,M'Gladbach,32,1988,18.1,64,3.54,53,2,1,5,1,2,7,0.39,7,0,0,0,0,0,Matches,7cd6badb
460,Kevin Stöger,at AUT,MF,Mainz 05,27,1993,4.7,33,7.05,22,5,1,4,1,0,2,0.43,2,0,0,0,0,0,Matches,e5649a78
461,Tobias Strobl,de GER,MFDF,Augsburg,31,1990,3.6,6,1.67,4,0,0,1,1,0,0,0,0,0,0,0,0,0,Matches,17780d2b
462,Niklas Süle,de GER,DF,Bayern Munich,25,1995,20.4,28,1.37,22,1,2,3,0,0,5,0.25,4,0,0,1,0,0,Matches,e33c06cf
463,Ádám Szalai,hu HUN,FW,Mainz 05,33,1987,2.9,6,2.08,5,0,0,0,1,0,0,0,0,0,0,0,0,0,Matches,53e07d0b
464,Dominik Szoboszlai,hu HUN,MFFW,RB Leipzig,20,2000,17.1,79,4.61,47,25,3,2,2,0,13,0.76,7,5,1,0,0,0,Matches,934e1968
465,Jonathan Tah,de GER,DF,Leverkusen,25,1996,32,23,0.72,20,0,0,3,0,0,3,0.09,2,0,0,1,0,0,Matches,bd142efb
466,Edmond Tapsoba,bf BFA,DF,Leverkusen,22,1999,20.2,10,0.5,10,0,0,0,0,0,0,0,0,0,0,0,0,0,Matches,a73c8f95
467,Niklas Tauer,de GER,DFMF,Mainz 05,20,2001,5.4,6,1.11,4,0,0,1,1,0,1,0.18,1,0,0,0,0,0,Matches,27270af4
468,Robert Tesche,de GER,MF,Bochum,34,1987,3.9,0,0,0,0,0,0,0,0,0,0,0,0,0,0,0,0,Matches,037130ca
469,Cedric Teuchert,de GER,MFFW,Union Berlin,24,1997,1.2,3,2.57,2,0,0,1,0,0,0,0,0,0,0,0,0,0,Matches,f956479d
470,Jan Thielmann,de GER,MFFW,Köln,19,2002,13.2,46,3.47,40,1,4,0,1,0,8,0.6,6,0,2,0,0,0,Matches,fd53759d
471,Erik Thommy,de GER,FWMF,Stuttgart,26,1994,3,17,5.58,9,4,1,2,1,0,1,0.33,0,0,0,1,0,0,Matches,df8e7b62
472,Marcus Thuram,fr FRA,FW,M'Gladbach,23,1997,10.9,36,3.64,20,1,7,3,5,0,2,0.2,0,0,0,1,1,0,Matches,6f8cd6d0
473,Alexis Tibidi,fr FRA,MFFW,Stuttgart,17,2003,4.3,15,3.49,12,0,0,2,1,0,1,0.23,0,0,0,1,0,0,Matches,ca6f4846
474,Steffen Tigges,de GER,FWMF,Dortmund,23,1998,1.2,1,0.8,1,0,0,0,0,0,0,0,0,0,0,0,0,0,Matches,6b8887c2
475,Malik Tillman,us USA,FWMF,Bayern Munich,19,2002,1.2,5,4.33,5,0,0,0,0,0,0,0,0,0,0,0,0,0,Matches,a5420709
476,Timothy Tillman,de GER,MF,Greuther Fürth,22,1999,22.3,50,2.25,31,9,4,3,1,2,4,0.18,3,0,1,0,0,0,Matches,a5bea1fb
477,Umut Tohumcu,de GER,MF,Hoffenheim,16,2004,0.1,0,0,0,0,0,0,0,0,0,0,0,0,0,0,0,0,Matches,e547d3cf
478,Corentin Tolisso,fr FRA,MF,Bayern Munich,26,1994,7.8,28,3.58,26,1,0,1,0,0,5,0.64,5,0,0,0,0,0,Matches,652d4c37
479,Tiago Tomás,pt POR,FW,Stuttgart,19,2002,11.9,26,2.18,15,0,4,2,5,0,2,0.17,0,0,0,1,1,0,Matches,b492126a
480,Jordan Torunarigha,de GER,DF,Hertha BSC,23,1997,5.4,1,0.19,1,0,0,0,0,0,1,0.19,1,0,0,0,0,0,Matches,f86cabbd
481,Almamy Touré,ml MLI,DFMF,Eint Frankfurt,25,1996,5.6,2,0.36,2,0,0,0,0,0,0,0,0,0,0,0,0,0,Matches,c8c60119
482,Lucas Tousart,fr FRA,MF,Hertha BSC,24,1997,21.8,38,1.74,28,0,3,1,1,5,0,0,0,0,0,0,0,0,Matches,71ec39ef
483,Kevin Trapp,de GER,GK,Eint Frankfurt,31,1990,32,4,0.12,4,0,0,0,0,0,0,0,0,0,0,0,0,0,Matches,ce17b5eb
484,Christopher Trimmel,at AUT,DFFW,Union Berlin,34,1987,22.1,60,2.71,38,20,0,2,0,0,2,0.09,2,0,0,0,0,0,Matches,056d2d95
485,Philipp Tschauner,de GER,GK,RB Leipzig,35,1985,0,0,0,0,0,0,0,0,0,0,0,0,0,0,0,0,0,Matches,73e2f6eb
486,Tuta,br BRA,DF,Eint Frankfurt,22,1999,24.3,16,0.66,13,1,0,0,1,1,0,0,0,0,0,0,0,0,Matches,35d64857
487,Anthony Ujah,ng NGA,FWMF,Union Berlin,30,1990,0.4,1,2.57,0,0,0,1,0,0,0,0,0,0,0,0,0,0,Matches,99be8fb5
488,Sven Ulreich,de GER,GK,Bayern Munich,32,1988,6,0,0,0,0,0,0,0,0,0,0,0,0,0,0,0,0,Matches,7d3e7da6
489,Dayot Upamecano,fr FRA,DF,Bayern Munich,22,1998,24.6,26,1.06,23,0,0,2,0,1,7,0.28,7,0,0,0,0,0,Matches,d248cd8f
490,Benjamin Uphoff,de GER,GK,Freiburg,27,1993,2,0,0,0,0,0,0,0,0,0,0,0,0,0,0,0,0,Matches,a9a6fc08
491,Mark Uth,de GER,MFFW,Köln,29,1991,22.5,98,4.36,59,24,1,5,8,1,10,0.44,7,2,1,0,0,0,Matches,a3ddb1b9
492,Ruben Vargas,ch SUI,MFFW,Augsburg,22,1998,22,46,2.09,36,0,6,4,0,0,5,0.23,4,0,0,1,0,0,Matches,6ecbddf6
493,Sebastian Vasiliadis,gr GRE,MF,Arminia,23,1997,13.3,24,1.81,22,0,1,0,0,1,1,0.08,1,0,0,0,0,0,Matches,d3112d86
494,Mickey van de Ven,nl NED,DF,Wolfsburg,20,2001,2.1,1,0.47,1,0,0,0,0,0,1,0.47,1,0,0,0,0,0,Matches,8fe2a392
495,Vincent Vermeij,nl NED,MF,Freiburg,26,1994,0,0,0,0,0,0,0,0,0,0,0,0,0,0,0,0,0,Matches,7e629adc
496,Gabriel Vidovic,hr CRO,FWMF,Bayern Munich,17,2003,0.4,2,5,2,0,0,0,0,0,0,0,0,0,0,0,0,0,Matches,5360a956
497,Nick Viergever,nl NED,DF,Greuther Fürth,31,1989,23.7,9,0.38,8,1,0,0,0,0,0,0,0,0,0,0,0,0,Matches,e38f1636
498,Andreas Voglsammer,de GER,FWMF,Union Berlin,29,1992,9.8,24,2.45,19,0,0,3,2,0,1,0.1,1,0,0,0,0,0,Matches,daa78200
499,Kevin Vogt,de GER,DF,Hoffenheim,29,1991,28.5,34,1.19,33,0,0,0,1,0,5,0.18,5,0,0,0,0,0,Matches,1d8e9add
500,Aster Vranckx,be BEL,MF,Wolfsburg,18,2002,12.7,32,2.52,19,2,7,3,1,0,1,0.08,1,0,0,0,0,0,Matches,f86cd5df
501,Luca Waldschmidt,de GER,MFFW,Wolfsburg,25,1996,8,13,1.63,7,2,0,3,1,0,2,0.25,0,0,0,1,1,0,Matches,e5a35ae9
502,Paul Wanner,de GER,FWMF,Bayern Munich,15,2005,0.4,2,4.62,2,0,0,0,0,0,0,0,0,0,0,0,0,0,Matches,cb64672e
503,Wout Weghorst,nl NED,FW,Wolfsburg,28,1992,17.3,38,2.2,28,0,1,5,3,1,3,0.17,3,0,0,0,0,0,Matches,c4e87b8b
504,Noah Weißhaupt,de GER,MFFW,Freiburg,19,2001,1.1,7,6.49,5,0,1,0,1,0,0,0,0,0,0,0,0,0,Matches,dd676a97
505,Silvan Widmer,ch SUI,DF,Mainz 05,28,1993,32.4,61,1.88,48,6,1,1,3,2,10,0.31,9,0,0,0,0,1,Matches,f68b64fc
506,Jetro Willems,nl NED,DF,Greuther Fürth,27,1994,17.8,23,1.3,21,1,0,1,0,0,1,0.06,1,0,0,0,0,0,Matches,9050ddc4
507,Patrick Wimmer,at AUT,FWMF,Arminia,20,2001,22.8,91,3.99,45,15,13,8,9,1,10,0.44,6,1,0,1,2,0,Matches,cb11b429
508,Jonas Wind,dk DEN,FWMF,Wolfsburg,22,1999,13.1,39,2.97,29,1,1,4,4,0,5,0.38,3,1,0,1,0,0,Matches,2077ae86
509,Marten Winkler,de GER,MF,Hertha BSC,18,2002,0.3,1,3.46,1,0,0,0,0,0,0,0,0,0,0,0,0,0,Matches,e0d515ef
510,Frederik Winther,dk DEN,DF,Augsburg,20,2001,3.6,2,0.55,2,0,0,0,0,0,0,0,0,0,0,0,0,0,Matches,a1257b5e
511,Florian Wirtz,de GER,MFFW,Leverkusen,18,2003,20.6,117,5.69,85,10,13,5,3,1,23,1.12,15,3,5,0,0,0,Matches,e7fcf289
512,Axel Witsel,be BEL,MFDF,Dortmund,32,1989,21.6,25,1.16,23,0,0,0,1,1,1,0.05,1,0,0,0,0,0,Matches,5dfc6ad5
513,Hannes Wolf,at AUT,FWMF,M'Gladbach,22,1999,3.4,6,1.76,5,0,0,0,0,1,0,0,0,0,0,0,0,0,Matches,be42a291
514,Marius Wolf,de GER,DFFW,Dortmund,26,1995,14.7,34,2.32,24,0,2,6,2,0,5,0.34,3,0,1,0,1,0,Matches,fa661778
515,Luca Wollschläger,de GER,FWMF,Hertha BSC,18,2003,0.2,1,5.63,1,0,0,0,0,0,0,0,0,0,0,0,0,0,Matches,24b8e7bd
516,Jeong Woo-yeong,kr KOR,FWMF,Freiburg,21,1999,19.8,51,2.58,40,0,3,7,1,0,7,0.35,5,0,1,1,0,0,Matches,6190474d
517,Joscha Wosz,de GER,DF,RB Leipzig,19,2002,0.1,0,0,0,0,0,0,0,0,0,0,0,0,0,0,0,0,Matches,80c9e555
518,Dan-Axel Zagadou,fr FRA,DF,Dortmund,22,1999,10.6,10,0.95,8,0,0,2,0,0,1,0.09,1,0,0,0,0,0,Matches,a4effc55
519,Denis Zakaria,ch SUI,MFDF,M'Gladbach,24,1996,15.5,28,1.81,22,0,0,3,2,1,4,0.26,2,0,0,2,0,0,Matches,384d58d9
520,Deyovaisio Zeefuik,nl NED,DF,Hertha BSC,23,1998,6.3,10,1.59,8,1,0,0,1,0,0,0,0,0,0,0,0,0,Matches,58a2e9f6
521,Robin Zentner,de GER,GK,Mainz 05,26,1994,32,3,0.09,2,1,0,0,0,0,0,0,0,0,0,0,0,0,Matches,5c4bf6ba
522,Andi Zeqiri,ch SUI,FWMF,Augsburg,22,1999,11.3,23,2.01,16,0,2,4,0,1,3,0.26,3,0,0,0,0,0,Matches,d01231f0
523,Simon Zoller,de GER,FW,Bochum,30,1991,6.6,9,1.36,7,0,0,1,1,0,1,0.15,1,0,0,0,0,0,Matches,29f7cfd9