﻿,,,,,,,,SCA,SCA,SCA Types,SCA Types,SCA Types,SCA Types,SCA Types,SCA Types,GCA,GCA,GCA Types,GCA Types,GCA Types,GCA Types,GCA Types,GCA Types,,#NAME?
Rk,Player,Nation,Pos,Squad,Age,Born,90s,SCA,SCA90,PassLive,PassDead,TO,Sh,Fld,Def,GCA,GCA90,PassLive,PassDead,TO,Sh,Fld,Def,Matches,-9999
1,Trustin van 't Loo,nl NED,MF,Heerenveen,17,2004,0.3,1,3.75,1,0,0,0,0,0,0,0,0,0,0,0,0,0,Matches,b9887ae0
2,Dirk Abels,nl NED,DFMF,Sparta R'dam,24,1997,32.2,27,0.84,17,5,0,3,0,2,2,0.06,1,0,0,1,0,0,Matches,3c3bd200
3,Zakaria Aboukhlal,ma MAR,FWMF,AZ Alkmaar,21,2000,9.1,25,2.76,14,0,4,3,4,0,4,0.44,1,0,0,2,1,0,Matches,c2a6033c
4,Paulos Abraham,se SWE,FWMF,Groningen,19,2002,15,42,2.79,29,0,6,5,1,1,7,0.46,5,0,1,0,0,1,Matches,fd99de9d
5,Shawn Adewoye,be BEL,DF,RKC Waalwijk,21,2000,19.1,14,0.73,11,1,2,0,0,0,1,0.05,1,0,0,0,0,0,Matches,be98fc34
6,Luka Adžić,rs SRB,FWMF,Zwolle,22,1998,8.1,38,4.72,17,14,1,3,2,1,2,0.25,1,1,0,0,0,0,Matches,e3207d47
7,Joost van Aken,nl NED,DF,Heerenveen,27,1994,2.2,5,2.26,3,0,0,2,0,0,0,0,0,0,0,0,0,0,Matches,b4706f20
8,Ali Akman,tr TUR,FW,NEC Nijmegen,19,2002,17.4,58,3.33,43,1,6,2,3,3,3,0.17,0,0,2,0,0,1,Matches,d9a0abd6
9,Hamdi Akujobi,nl NED,DFFW,Heerenveen,21,2000,1.6,4,2.54,4,0,0,0,0,0,0,0,0,0,0,0,0,0,Matches,0b524c25
10,Pontus Almqvist,se SWE,FWMF,Utrecht,22,1999,2.9,7,2.43,5,1,0,0,1,0,1,0.35,1,0,0,0,0,0,Matches,0917188a
11,Edson Álvarez,mx MEX,MF,Ajax,23,1997,25.9,39,1.51,32,0,0,6,1,0,4,0.15,2,0,0,2,0,0,Matches,8b3ab7ad
12,Mohamed Amissi,bi BDI,FWMF,Heracles Almelo,20,2000,1.4,4,2.81,3,0,0,0,1,0,0,0,0,0,0,0,0,0,Matches,52b0c182
13,Djavan Anderson,nl NED,DFMF,Zwolle,26,1995,11.4,15,1.31,15,0,0,0,0,0,2,0.18,2,0,0,0,0,0,Matches,ca241ad3
14,Martin Angha,ch SUI,DF,Fortuna Sittard,27,1994,28.8,11,0.38,7,0,0,2,2,0,2,0.07,2,0,0,0,0,0,Matches,41a1a2c8
15,Vurnon Anita,cw CUW,MF,RKC Waalwijk,32,1989,30.3,37,1.22,34,0,0,1,0,2,2,0.07,2,0,0,0,0,0,Matches,2d368fd5
16,Antony,br BRA,FW,Ajax,21,2000,19.2,107,5.59,89,2,6,6,4,0,8,0.42,7,0,0,0,1,0,Matches,99127249
17,Samuel Armenteros,se SWE,FW,Heracles Almelo,31,1990,2.3,4,1.7,3,0,0,1,0,0,0,0,0,0,0,0,0,0,Matches,9c8f641a
18,Adil Auassar,nl NED,DFMF,Sparta R'dam,34,1986,27.5,23,0.84,15,2,1,1,1,3,2,0.07,1,0,0,0,0,1,Matches,ddb76359
19,Sebbe Augustijns,be BEL,MF,RKC Waalwijk,21,1999,1.6,0,0,0,0,0,0,0,0,0,0,0,0,0,0,0,0,Matches,dfb64760
20,Fredrik Aursnes,no NOR,MF,Feyenoord,25,1995,27.6,87,3.14,76,6,0,2,0,3,9,0.33,7,1,0,0,0,1,Matches,f0677ed7
21,Aventis Aventisian,gr GRE,DF,Go Ahead Eag,18,2002,0,0,0,0,0,0,0,0,0,0,0,0,0,0,0,0,0,Matches,450bb001
22,Ayman Azhil,ma MAR,MF,RKC Waalwijk,20,2001,18.6,29,1.56,29,0,0,0,0,0,2,0.11,2,0,0,0,0,0,Matches,ce81d82d
23,Ismail Azzaoui,be BEL,FWMF,Heracles Almelo,23,1998,4.8,15,3.1,10,0,2,1,1,1,1,0.21,1,0,0,0,0,0,Matches,272cfd72
24,Aliou Badara Baldé,sn SEN,FW,Feyenoord,18,2002,0.1,0,0,0,0,0,0,0,0,0,0,0,0,0,0,0,0,Matches,7362a6f2
25,Nikolai Baden Frederiksen,dk DEN,FW,Vitesse,21,2000,14.5,29,2,16,0,4,4,5,0,2,0.14,1,0,1,0,0,0,Matches,3b216df2
26,Samy Baghdadi,fr FRA,FWMF,Fortuna Sittard,24,1997,4.8,8,1.65,5,1,1,1,0,0,2,0.41,1,0,1,0,0,0,Matches,ab4dc365
27,Saïd Bakari,km COM,DFMF,RKC Waalwijk,26,1994,26.3,91,3.47,71,7,3,7,2,1,6,0.23,4,0,0,1,0,1,Matches,3a0fbf82
28,Johan Bakayoko,be BEL,FW,PSV Eindhoven,18,2003,0.4,2,5.29,1,0,0,1,0,0,0,0,0,0,0,0,0,0,Matches,0caa2fd4
29,Navajo Bakboord,nl NED,DF,Heracles Almelo,22,1999,5.4,5,0.93,3,2,0,0,0,0,0,0,0,0,0,0,0,0,Matches,216d25a3
30,Sinan Bakış,tr TUR,FW,Heracles Almelo,27,1994,17,26,1.53,16,0,0,6,4,0,0,0,0,0,0,0,0,0,Matches,5d613204
31,Justin Bakker,nl NED,DF,Go Ahead Eag,23,1998,8.2,22,2.69,18,4,0,0,0,0,1,0.12,0,1,0,0,0,0,Matches,b0d187a8
32,Nick Bakker,nl NED,DF,Heerenveen,29,1992,18.2,13,0.72,12,0,0,0,0,1,2,0.11,2,0,0,0,0,0,Matches,c62e8074
33,Remco Balk,nl NED,FWMF,Utrecht,20,2001,5,14,2.81,7,0,3,2,2,0,2,0.4,1,0,1,0,0,0,Matches,e685ff44
34,Alex Bangura,sl SLE,DF,Cambuur,22,1999,26.8,38,1.42,26,0,3,1,7,1,6,0.22,3,0,1,0,2,0,Matches,c47e09ba
35,Naoufal Bannis,nl NED,MFFW,Feyenoord,19,2002,0.2,0,0,0,0,0,0,0,0,0,0,0,0,0,0,0,0,Matches,0658de43
36,Yusuf Barasi,tr TUR,FW,AZ Alkmaar,18,2003,0.6,2,3.21,1,0,1,0,0,0,0,0,0,0,0,0,0,0,Matches,5c0466ba
37,Édgar Barreto,py PAR,MFDF,NEC Nijmegen,37,1984,13.8,19,1.37,17,0,0,2,0,0,1,0.07,1,0,0,0,0,0,Matches,43a1bea5
38,Bilal Başaçıkoğlu,tr TUR,FWMF,Heracles Almelo,26,1995,16.4,51,3.11,25,15,3,2,6,0,5,0.3,3,1,0,0,1,0,Matches,b9052bad
39,Cole Bassett,us USA,MFDF,Feyenoord,20,2001,1,4,3.96,4,0,0,0,0,0,1,0.99,1,0,0,0,0,0,Matches,2c8da8a1
40,Riechedly Bazoer,nl NED,DF,Vitesse,24,1996,21.8,51,2.34,42,3,1,3,2,0,6,0.28,6,0,0,0,0,0,Matches,da59a197
41,Sven van Beek,nl NED,DF,Heerenveen,27,1994,28.5,24,0.84,17,1,1,4,1,0,2,0.07,1,0,0,1,0,0,Matches,49312f11
42,Thomas Beekman,nl NED,MF,NEC Nijmegen,21,2000,0.1,0,0,0,0,0,0,0,0,0,0,0,0,0,0,0,0,Matches,96ed76f9
43,Thomas Beelen,nl NED,MFDF,Zwolle,20,2001,0.8,2,2.4,2,0,0,0,0,0,0,0,0,0,0,0,0,0,Matches,530e7d85
44,Iliass Bel Hassani,ma MAR,MFFW,RKC Waalwijk,28,1992,9.3,27,2.89,17,7,2,0,1,0,4,0.43,3,0,1,0,0,0,Matches,6b42981c
45,Benaissa Benamar,ma MAR,DF,Utrecht,24,1997,1,1,0.97,0,1,0,0,0,0,1,0.97,0,1,0,0,0,0,Matches,01ca961e
46,Charlison Benschop,cw CUW,FW,Fortuna Sittard,31,1989,6.4,11,1.72,8,0,1,2,0,0,1,0.16,0,0,0,1,0,0,Matches,fc93fdf1
47,Martijn Berden,nl NED,FWMF,Go Ahead Eag,24,1997,6.9,21,3.04,18,0,2,1,0,0,2,0.29,2,0,0,0,0,0,Matches,adb499a9
48,Mitchell van Bergen,nl NED,FW,Heerenveen,21,1999,1,3,3,2,1,0,0,0,0,0,0,0,0,0,0,0,0,Matches,0b2c9aec
49,Steven Berghuis,nl NED,MFFW,Ajax,29,1991,26.5,139,5.23,102,23,3,5,5,1,17,0.64,11,4,0,0,1,1,Matches,713c144a
50,Emil Bergström,se SWE,DF,Willem II,28,1993,8.3,8,0.96,6,0,0,2,0,0,0,0,0,0,0,0,0,0,Matches,0b4854f9
51,Matúš Bero,sk SVK,MF,Vitesse,25,1995,24.2,60,2.48,46,2,0,3,8,1,5,0.21,5,0,0,0,0,0,Matches,b5e0af76
52,Tom Beugelsdijk,nl NED,DF,Sparta R'dam,30,1990,17,9,0.53,7,0,0,1,1,0,0,0,0,0,0,0,0,0,Matches,9f36b9a0
53,Sam Beukema,nl NED,DF,AZ Alkmaar,22,1998,11,8,0.72,6,0,0,2,0,0,2,0.18,2,0,0,0,0,0,Matches,de13cee5
54,Justin Bijlow,nl NED,GK,Feyenoord,23,1998,22,4,0.18,2,1,0,1,0,0,0,0,0,0,0,0,0,0,Matches,53d93280
55,Janis Blaswich,de GER,GK,Heracles Almelo,30,1991,22,5,0.23,4,1,0,0,0,0,1,0.05,1,0,0,0,0,0,Matches,663e080e
56,Daley Blind,nl NED,DF,Ajax,31,1990,31.2,115,3.69,96,10,3,3,2,1,17,0.55,14,1,1,1,0,0,Matches,691bef82
57,Tom Boere,nl NED,FW,Cambuur,28,1992,14.1,27,1.92,21,0,3,1,2,0,6,0.43,3,0,2,1,0,0,Matches,464d927e
58,Melayro Bogarde,nl NED,MF,Groningen,19,2002,2.7,3,1.12,3,0,0,0,0,0,0,0,0,0,0,0,0,0,Matches,1fda91b3
59,Wilfried Bony,ci CIV,FW,NEC Nijmegen,32,1988,0.2,0,0,0,0,0,0,0,0,0,0,0,0,0,0,0,0,Matches,61abe9b6
60,Pieter Bos,nl NED,GK,Cambuur,24,1997,5.1,0,0,0,0,0,0,0,0,0,0,0,0,0,0,0,0,Matches,6718689b
61,Olivier Boscagli,fr FRA,DFMF,PSV Eindhoven,23,1997,26.2,39,1.49,30,2,0,6,0,1,2,0.08,1,1,0,0,0,0,Matches,403f5d20
62,Jesse Bosch,nl NED,MF,Twente,21,2000,9.7,20,2.05,14,0,1,0,1,4,1,0.1,0,0,0,0,0,1,Matches,d2f169dd
63,Jordan Botaka,cd COD,MFDF,Fortuna Sittard,28,1993,1.8,7,3.96,4,0,2,0,1,0,0,0,0,0,0,0,0,0,Matches,c339426b
64,Ioannis-Foivos Botos,gr GRE,MFFW,Go Ahead Eag,20,2000,11.5,25,2.18,23,0,1,1,0,0,1,0.09,1,0,0,0,0,0,Matches,e705903c
65,Achraf El Bouchataoui,nl NED,MF,RKC Waalwijk,21,2000,4.1,12,2.95,10,2,0,0,0,0,0,0,0,0,0,0,0,0,Matches,d36b077d
66,Yacine Bourhane,km COM,MF,Go Ahead Eag,22,1998,0.5,1,2.2,1,0,0,0,0,0,0,0,0,0,0,0,0,0,Matches,dbe204f2
67,Othman Boussaid,be BEL,FWMF,Utrecht,21,2000,13.8,52,3.78,42,6,2,2,0,0,7,0.51,7,0,0,0,0,0,Matches,c8b55104
68,Róbert Boženík,sk SVK,FW,Feyenoord,21,1999,0.2,0,0,0,0,0,0,0,0,0,0,0,0,0,0,0,0,Matches,ba6cf633
69,Wout Brama,nl NED,MF,Twente,34,1986,7.1,6,0.84,2,2,0,1,1,0,1,0.14,0,0,0,1,0,0,Matches,4fad2198
70,Mattijs Branderhorst,nl NED,GK,NEC Nijmegen,27,1993,34,3,0.09,2,0,0,1,0,0,0,0,0,0,0,0,0,0,Matches,b74a2c78
71,Myron van Brederode,nl NED,FW,AZ Alkmaar,18,2003,0.1,0,0,0,0,0,0,0,0,0,0,0,0,0,0,0,0,Matches,485fbd1a
72,Michael Breij,nl NED,MFFW,Cambuur,24,1997,15.5,30,1.93,26,0,0,2,2,0,7,0.45,4,0,0,2,1,0,Matches,5c3f57af
73,Joshua Brenet,nl NED,DF,Twente,27,1994,11.1,30,2.7,26,0,3,1,0,0,3,0.27,3,0,0,0,0,0,Matches,2b5527c4
74,Brian Brobbey,nl NED,FW,Ajax,19,2002,4.4,10,2.26,7,0,2,0,1,0,1,0.23,1,0,0,0,0,0,Matches,4c184730
75,Jorn Brondeel,be BEL,GK,Willem II,27,1993,1.2,0,0,0,0,0,0,0,0,0,0,0,0,0,0,0,0,Matches,f456c788
76,Ilias Bronkhorst,nl NED,DFFW,NEC Nijmegen,24,1997,2.2,8,3.69,7,1,0,0,0,0,2,0.92,2,0,0,0,0,0,Matches,ed3a1cee
77,Luuk Brouwers,nl NED,MF,Go Ahead Eag,23,1998,31.9,55,1.72,43,1,3,3,3,2,8,0.25,4,0,2,2,0,0,Matches,82306565
78,Jordy Bruijn,nl NED,MFFW,NEC Nijmegen,25,1996,20.1,46,2.29,33,0,4,2,6,1,6,0.3,6,0,0,0,0,0,Matches,8f9efeef
79,Bruma,pt POR,FWMF,PSV Eindhoven,26,1994,14.1,76,5.38,63,1,5,6,1,0,11,0.78,9,0,0,2,0,0,Matches,5caa62a7
80,Max Bruns,nl NED,DF,Twente,18,2002,1.2,0,0,0,0,0,0,0,0,0,0,0,0,0,0,0,0,Matches,ff9eae4d
81,Koen Bucker,nl NED,GK,Heracles Almelo,25,1996,12,0,0,0,0,0,0,0,0,0,0,0,0,0,0,0,0,Matches,1da4fe81
82,Thomas Buitink,nl NED,FWMF,Vitesse,21,2000,12.8,31,2.42,21,1,2,2,4,1,3,0.23,1,0,1,0,1,0,Matches,b9d4af9d
83,Wouter Burger,nl NED,DF,Feyenoord,20,2001,0.9,1,1.17,1,0,0,0,0,0,0,0,0,0,0,0,0,0,Matches,fc571dff
84,Delano Burgzorg,nl NED,FWMF,Heracles Almelo,22,1998,12.8,42,3.28,23,0,10,4,3,2,5,0.39,1,0,4,0,0,0,Matches,05e2d5ea
85,Alexander Büttner,nl NED,DFMF,RKC Waalwijk,32,1989,20.9,63,3.01,24,30,1,0,6,2,4,0.19,3,1,0,0,0,0,Matches,a44f7c60
86,Zico Buurmeester,nl NED,MFDF,AZ Alkmaar,19,2002,0,0,0,0,0,0,0,0,0,0,0,0,0,0,0,0,0,Matches,62766c3f
87,Marc Cardona,es ESP,FW,Go Ahead Eag,26,1995,8.8,24,2.73,16,1,3,3,1,0,3,0.34,3,0,0,0,0,0,Matches,b92b456a
88,João Carlos Teixeira,pt POR,MF,Feyenoord,28,1993,0.1,0,0,0,0,0,0,0,0,0,0,0,0,0,0,0,0,Matches,6.01E+14
89,Gabi Caschili,nl NED,MF,Zwolle,18,2003,0.1,1,9,1,0,0,0,0,0,0,0,0,0,0,0,0,0,Matches,c4c63c88
90,Joel Castro Pereira,pt POR,GK,RKC Waalwijk,25,1996,2,0,0,0,0,0,0,0,0,0,0,0,0,0,0,0,0,Matches,881e5db7
91,Václav Černý,cz CZE,FW,Twente,23,1997,6,23,3.83,17,1,1,4,0,0,2,0.33,2,0,0,0,0,0,Matches,bb1cf301
92,Ibrahim Cissoko,nl NED,FW,NEC Nijmegen,18,2003,1,5,5.11,2,0,2,0,1,0,2,2.05,1,0,0,0,1,0,Matches,abddf25d
93,Jordy Clasie,nl NED,MF,AZ Alkmaar,30,1991,26.8,68,2.54,64,1,0,1,1,1,5,0.19,5,0,0,0,0,0,Matches,31c01b85
94,Pelle Clement,nl NED,MFFW,Zwolle,25,1996,15.2,60,3.95,41,12,2,4,0,1,3,0.2,2,1,0,0,0,0,Matches,f7226e46
95,Denilho Cleonise,nl NED,FWMF,Twente,19,2001,2.1,8,3.77,3,0,4,0,1,0,0,0,0,0,0,0,0,0,Matches,91c9de34
96,Iñigo Córdoba,es ESP,FWMF,Go Ahead Eag,24,1997,25.7,72,2.8,51,4,7,6,2,2,5,0.19,4,0,1,0,0,0,Matches,49ea92be
97,Tim Coremans,nl NED,GK,Sparta R'dam,30,1991,3,3,1,3,0,0,0,0,0,0,0,0,0,0,0,0,0,Matches,4c0199a5
98,Enzo Cornelisse,nl NED,DF,Vitesse,18,2003,9.3,5,0.54,4,0,0,1,0,0,0,0,0,0,0,0,0,0,Matches,441f7f4c
99,George Cox,eng ENG,DF,Fortuna Sittard,23,1998,24.4,46,1.89,26,15,1,0,2,2,2,0.08,2,0,0,0,0,0,Matches,8c25d35a
100,Vito van Crooy,nl NED,MFFW,Sparta R'dam,25,1996,24.2,57,2.35,44,9,0,3,1,0,4,0.16,2,2,0,0,0,0,Matches,4b8b9e6c
101,Daniel Crowley,eng ENG,MF,Willem II,23,1997,9.5,26,2.74,22,3,0,0,0,1,1,0.11,1,0,0,0,0,0,Matches,0c4f30d6
102,Adrián Dalmau,es ESP,FW,Sparta R'dam,27,1994,6.5,14,2.14,7,0,0,2,5,0,1,0.15,0,0,0,1,0,0,Matches,7330f886
103,Adrián Dalmau,es ESP,FW,Utrecht,27,1994,2.7,5,1.87,2,0,1,1,1,0,1,0.37,0,0,0,0,1,0,Matches,7330f886
104,Wessel Dammers,nl NED,DFMF,Groningen,26,1995,13.3,15,1.13,13,0,0,1,0,1,3,0.23,2,0,0,1,0,0,Matches,4ded7677
105,Wessel Dammers,nl NED,DF,Willem II,26,1995,13.9,8,0.58,6,0,0,2,0,0,1,0.07,1,0,0,0,0,0,Matches,4ded7677
106,Lennerd Daneels,be BEL,FWMF,RKC Waalwijk,23,1998,6.3,19,3.01,12,3,0,1,3,0,1,0.16,1,0,0,0,0,0,Matches,c1b55b50
107,Danilo,br BRA,FWMF,Ajax,22,1999,3.1,14,4.44,10,0,0,2,1,1,2,0.63,1,0,0,1,0,0,Matches,ccd38335
108,Damil Dankerlui,sr SUR,DFMF,Groningen,24,1996,16.6,38,2.29,33,0,2,2,0,1,4,0.24,3,0,1,0,0,0,Matches,95646f9b
109,Mohammed Daramy,dk DEN,FWMF,Ajax,19,2002,2.3,26,11.25,17,2,3,3,1,0,5,2.16,3,0,0,2,0,0,Matches,06a1d642
110,Oussama Darfalou,dz ALG,FW,Vitesse,27,1993,6,11,1.84,8,0,2,1,0,0,3,0.5,2,0,1,0,0,0,Matches,5a81c2ec
111,Oussama Darfalou,dz ALG,FW,Zwolle,27,1993,9.7,25,2.57,19,0,2,3,1,0,5,0.51,3,0,1,0,1,0,Matches,5a81c2ec
112,Eli Dasa,il ISR,DFMF,Vitesse,28,1992,29.1,117,4.01,91,17,5,2,1,1,8,0.27,5,2,0,1,0,0,Matches,12947ab7
113,Jeffrey De Lange,nl NED,GK,Twente,23,1998,2,0,0,0,0,0,0,0,0,0,0,0,0,0,0,0,0,Matches,c31cf14b
114,Mathias De Wolf,be BEL,FW,NEC Nijmegen,19,2002,0.1,1,10,0,0,0,1,0,0,0,0,0,0,0,0,0,0,Matches,1fe87f86
115,Mats Deijl,nl NED,DFMF,Go Ahead Eag,24,1997,27.1,31,1.14,26,0,2,1,2,0,5,0.18,2,0,2,1,0,0,Matches,709e48d4
116,Thomas van den Belt,nl NED,MF,Zwolle,20,2001,22.9,67,2.93,51,5,5,2,2,2,4,0.17,4,0,0,0,0,0,Matches,a686ef30
117,Connor van den Berg,nl NED,GK,Willem II,20,2001,0.8,0,0,0,0,0,0,0,0,0,0,0,0,0,0,0,0,Matches,5c48b25f
118,Rav van den Berg,nl NED,DF,Zwolle,17,2004,4.1,2,0.49,2,0,0,0,0,0,0,0,0,0,0,0,0,0,Matches,e962e4b5
119,Arjen van der Heide,nl NED,FWMF,Heerenveen,19,2001,5.5,18,3.29,14,2,0,1,0,1,1,0.18,1,0,0,0,0,0,Matches,c528605b
120,Mike van der Hoorn,nl NED,DF,Utrecht,28,1992,28.6,24,0.84,14,1,0,6,2,1,4,0.14,0,0,0,3,1,0,Matches,25f50295
121,Djevencio van der Kust,nl NED,DF,Utrecht,20,2001,10.7,16,1.5,12,3,0,0,0,1,0,0,0,0,0,0,0,0,Matches,e276e3e6
122,Mark van der Maarel,nl NED,DF,Utrecht,31,1989,22.7,35,1.54,24,3,1,2,2,3,3,0.13,2,0,0,1,0,0,Matches,a31f9e95
123,Jhondly van der Meer,ht HAI,DF,Cambuur,19,2002,4.7,8,1.69,6,2,0,0,0,0,0,0,0,0,0,0,0,0,Matches,343e3125
124,Richard van der Venne,nl NED,MF,RKC Waalwijk,29,1992,15,44,2.94,34,1,2,1,5,1,4,0.27,3,0,0,0,0,1,Matches,623e6a05
125,Maikel van der Werff,nl NED,DF,Zwolle,32,1989,5.5,3,0.55,3,0,0,0,0,0,0,0,0,0,0,0,0,0,Matches,36d320ec
126,Karim Dermane,tg TOG,MF,Feyenoord,17,2003,0.1,0,0,0,0,0,0,0,0,0,0,0,0,0,0,0,0,Matches,51afbba4
127,Cyriel Dessers,ng NGA,FW,Feyenoord,26,1994,12,32,2.67,20,0,5,4,3,0,4,0.33,3,0,0,1,0,0,Matches,dcb38abe
128,Mark Diemers,nl NED,MFFW,Feyenoord,27,1993,0.2,3,19.29,1,1,0,0,1,0,1,6.43,0,1,0,0,0,0,Matches,8a6e0e81
129,Ritsu Doan,jp JPN,FWMF,PSV Eindhoven,23,1998,16.8,61,3.64,48,0,6,5,1,1,10,0.6,9,0,0,1,0,0,Matches,d01bbb6f
130,Danilho Doekhi,nl NED,DF,Vitesse,23,1998,28.9,29,1,24,0,0,4,0,1,2,0.07,2,0,0,0,0,0,Matches,f67c9d29
131,Toni Domgjoni,xk KVX,MF,Vitesse,22,1998,11.9,29,2.43,22,2,1,2,2,0,2,0.17,1,1,0,0,0,0,Matches,ead51916
132,Nick Doodeman,nl NED,FWMF,Cambuur,24,1996,6.5,18,2.77,15,1,0,1,1,0,3,0.46,3,0,0,0,0,0,Matches,e8a20073
133,Anastasios Douvikas,gr GRE,FW,Utrecht,21,1999,26.4,50,1.9,29,0,8,7,5,1,6,0.23,3,0,0,1,2,0,Matches,853ca71c
134,Augustin Drakpe,nl NED,DF,Sparta R'dam,19,2001,0.3,0,0,0,0,0,0,0,0,0,0,0,0,0,0,0,0,Matches,08fe4a1a
135,Ibrahim Drešević,xk KVX,DF,Heerenveen,24,1997,22.8,21,0.92,20,0,0,0,1,0,0,0,0,0,0,0,0,0,Matches,811ca2d3
136,Joel Drommel,nl NED,GK,PSV Eindhoven,24,1996,26,4,0.15,2,2,0,0,0,0,2,0.08,1,1,0,0,0,0,Matches,510c6a3f
137,Deroy Duarte,cv CPV,MFDF,Fortuna Sittard,22,1999,30,47,1.56,38,2,3,1,1,2,4,0.13,3,1,0,0,0,0,Matches,6af8fc5b
138,Laros Duarte,nl NED,MF,Sparta R'dam,24,1997,2.1,11,5.24,8,1,1,1,0,0,0,0,0,0,0,0,0,0,Matches,4af3d3c8
139,Laros Duarte,nl NED,MF,Groningen,24,1997,25.4,58,2.28,30,20,3,2,3,0,9,0.35,5,1,1,1,1,0,Matches,4af3d3c8
140,Mikkel Duelund,dk DEN,MFFW,NEC Nijmegen,24,1997,9.7,21,2.16,16,0,2,2,1,0,4,0.41,3,0,1,0,0,0,Matches,aaf0fd15
141,Jelle Duin,nl NED,FW,AZ Alkmaar,22,1999,0.2,0,0,0,0,0,0,0,0,0,0,0,0,0,0,0,0,Matches,722d6a4f
142,Riza Durmisi,dk DEN,DF,Sparta R'dam,27,1994,6.8,6,0.89,6,0,0,0,0,0,0,0,0,0,0,0,0,0,Matches,e5cd9da6
143,Zakaria Eddahchouri,nl NED,FW,Go Ahead Eag,21,2000,0.2,0,0,0,0,0,0,0,0,0,0,0,0,0,0,0,0,Matches,eea195ea
144,Rens van Eijden,nl NED,MFDF,NEC Nijmegen,33,1988,0.3,0,0,0,0,0,0,0,0,0,0,0,0,0,0,0,0,Matches,6fdb2d24
145,Emanuel Emegha,nl NED,FWMF,Sparta R'dam,18,2003,10.8,23,2.14,14,0,5,2,2,0,2,0.19,1,0,0,1,0,0,Matches,a0c590b9
146,Mario Engels,de GER,FW,Sparta R'dam,27,1993,12.2,29,2.37,16,1,5,2,5,0,5,0.41,4,0,1,0,0,0,Matches,123de70e
147,Luca Everink,nl NED,DF,Twente,20,2001,1.8,4,2.24,3,1,0,0,0,0,0,0,0,0,0,0,0,0,Matches,b5e490d3
148,Håkon Evjen,no NOR,FWMF,AZ Alkmaar,21,2000,10.1,29,2.87,23,1,2,0,2,1,5,0.5,4,0,0,0,1,0,Matches,d019d5db
149,Milan van Ewijk,nl NED,DF,Heerenveen,20,2000,32.2,52,1.62,36,6,1,1,6,2,3,0.09,1,0,0,1,1,0,Matches,58448fbb
150,Noah Fadiga,sn SEN,DF,Heracles Almelo,21,1999,30.1,40,1.33,27,4,3,2,3,1,1,0.03,0,0,0,1,0,0,Matches,83f03b07
151,Leroy Fer,nl NED,MF,Feyenoord,31,1990,0.1,0,0,0,0,0,0,0,0,0,0,0,0,0,0,0,0,Matches,3cefa66a
152,Arianit Ferati,xk KVX,MFDF,Fortuna Sittard,23,1997,8.2,15,1.82,10,2,3,0,0,0,1,0.12,1,0,0,0,0,0,Matches,b98b99e8
153,Leandro Fernandes,nl NED,FWMF,Zwolle,21,1999,0.8,2,2.57,2,0,0,0,0,0,0,0,0,0,0,0,0,0,Matches,e188b47f
154,Zian Flemming,nl NED,MFFW,Fortuna Sittard,22,1998,27.7,68,2.45,40,1,11,9,6,1,10,0.36,5,0,1,4,0,0,Matches,b3f36e72
155,Juriën Gaari,cw CUW,DF,RKC Waalwijk,27,1993,25.8,31,1.2,25,2,2,0,2,0,4,0.16,4,0,0,0,0,0,Matches,bf7a9d1a
156,Cody Gakpo,nl NED,FW,PSV Eindhoven,22,1999,21.2,144,6.81,68,34,22,11,9,0,22,1.04,11,8,1,2,0,0,Matches,1971591f
157,Yann Gboho,fr FRA,MFFW,Vitesse,20,2001,10.6,42,3.95,31,0,5,2,4,0,2,0.19,1,0,0,0,1,0,Matches,6be41a31
158,Lutsharel Geertruida,nl NED,DF,Feyenoord,21,2000,19.1,22,1.15,20,0,0,2,0,0,2,0.1,2,0,0,0,0,0,Matches,242e1043
159,Liam van Gelderen,nl NED,DF,Ajax,20,2001,0.6,3,4.66,2,0,0,1,0,0,0,0,0,0,0,0,0,0,Matches,b4a3e50f
160,Tristan van Gilst,nl NED,FW,Zwolle,18,2003,0.2,0,0,0,0,0,0,0,0,0,0,0,0,0,0,0,0,Matches,a4a98497
161,Marco van Ginkel,nl NED,MF,PSV Eindhoven,28,1992,11,28,2.54,27,0,0,0,1,0,2,0.18,2,0,0,0,0,0,Matches,47681787
162,Paul Gladon,nl NED,FW,Fortuna Sittard,29,1992,6.7,19,2.82,11,1,2,1,4,0,4,0.59,1,0,0,0,3,0,Matches,326e96ff
163,Hilary Gong,ng NGA,DFFW,Vitesse,22,1998,0.7,1,1.45,1,0,0,0,0,0,0,0,0,0,0,0,0,0,Matches,f43c9b3f
164,Jay Gorter,nl NED,GK,Ajax,21,2000,1,0,0,0,0,0,0,0,0,0,0,0,0,0,0,0,0,Matches,e0ee850b
165,Mario Götze,de GER,MF,PSV Eindhoven,29,1992,24.6,108,4.39,96,1,4,5,2,0,10,0.41,9,0,0,1,0,0,Matches,9efa1d25
166,Kenzo Goudmijn,nl NED,MFFW,Sparta R'dam,19,2001,2.1,6,2.87,4,1,0,0,1,0,0,0,0,0,0,0,0,0,Matches,94eafdc4
167,Ryan Gravenberch,nl NED,MF,Ajax,19,2002,24.5,118,4.82,83,15,11,6,2,1,20,0.82,15,3,0,2,0,0,Matches,b8e740fb
168,Adrian Grbić,at AUT,FWMF,Vitesse,24,1996,8.4,14,1.67,11,0,0,2,1,0,1,0.12,1,0,0,0,0,0,Matches,4a987ffa
169,Gabriel Gudmundsson,se SWE,DF,Groningen,22,1999,2.7,6,2.26,4,0,0,1,1,0,1,0.38,0,0,0,1,0,0,Matches,d5d22a58
170,Maxim Gullit,nl NED,DF,Cambuur,20,2001,1.3,0,0,0,0,0,0,0,0,0,0,0,0,0,0,0,0,Matches,e791ed65
171,Simon Gustafson,se SWE,MFFW,Utrecht,26,1995,15,52,3.48,37,10,1,2,1,1,5,0.33,3,1,0,0,1,0,Matches,d7556379
172,Rodrigo Guth,br BRA,DF,NEC Nijmegen,20,2000,18.4,18,0.98,15,0,0,2,0,1,1,0.05,1,0,0,0,0,0,Matches,cb1916e0
173,Erick Gutiérrez,mx MEX,MFDF,PSV Eindhoven,26,1995,19.3,35,1.81,30,1,0,1,0,3,6,0.31,5,0,0,0,0,1,Matches,c7842dab
174,Albert Guðmundsson,is ISL,FW,AZ Alkmaar,24,1997,12.1,38,3.13,33,0,1,1,3,0,3,0.25,2,0,0,0,1,0,Matches,b79858d5
175,Warner Hahn,sr SUR,GK,Go Ahead Eag,29,1992,19,5,0.26,4,1,0,0,0,0,0,0,0,0,0,0,0,0,Matches,4117e3f3
176,Tomáš Hájek,cz CZE,DF,Vitesse,29,1991,10.1,11,1.09,11,0,0,0,0,0,0,0,0,0,0,0,0,0,Matches,29102874
177,Rami Al Hajj,se SWE,MFFW,Heerenveen,19,2001,5.2,14,2.69,13,1,0,0,0,0,0,0,0,0,0,0,0,0,Matches,ee21e7b3
178,Tibor Halilović,hr CRO,MFFW,Heerenveen,26,1995,28.7,68,2.37,53,0,7,3,4,1,5,0.17,4,0,0,1,0,0,Matches,e8acf576
179,Denzel Hall,nl NED,DF,Feyenoord,20,2001,0.6,1,1.73,1,0,0,0,0,0,0,0,0,0,0,0,0,0,Matches,99cad471
180,Sébastien Haller,ci CIV,FW,Ajax,27,1994,28.5,79,2.77,58,0,1,14,6,0,12,0.42,9,0,0,2,1,0,Matches,ba115a40
181,Mohamed El Hankouri,nl NED,MFDF,Groningen,24,1997,25.8,53,2.06,39,0,6,1,5,2,7,0.27,7,0,0,0,0,0,Matches,d3a7f047
182,Emil Hansson,se SWE,FWMF,Fortuna Sittard,23,1998,7.2,10,1.39,10,0,0,0,0,0,2,0.28,2,0,0,0,0,0,Matches,0b1e3c10
183,Emil Hansson,se SWE,MFFW,Heracles Almelo,23,1998,6.3,23,3.62,16,5,1,0,1,0,4,0.63,4,0,0,0,0,0,Matches,0b1e3c10
184,Ridgeciano Haps,sr SUR,FW,Feyenoord,28,1993,0.2,1,4.74,0,0,0,1,0,0,1,4.74,0,0,0,1,0,0,Matches,c8d7131c
185,Abdou Harroui,nl NED,MF,Sparta R'dam,23,1998,1,0,0,0,0,0,0,0,0,0,0,0,0,0,0,0,0,Matches,65fd099c
186,Pantelis Hatzidiakos,gr GRE,DF,AZ Alkmaar,24,1997,23.4,18,0.77,16,0,0,1,1,0,3,0.13,2,0,0,1,0,0,Matches,78a3c38e
187,Thom Haye,nl NED,MF,Heerenveen,26,1995,13.6,63,4.62,37,21,2,1,2,0,7,0.51,4,3,0,0,0,0,Matches,1d110865
188,Freek Heerkens,nl NED,DFMF,Willem II,31,1989,17.8,13,0.73,9,2,0,2,0,0,1,0.06,0,0,0,1,0,0,Matches,38cc300d
189,Ogechika Heil,de GER,FWMF,Go Ahead Eag,20,2000,7.9,20,2.54,13,0,1,2,3,1,3,0.38,2,0,0,0,0,1,Matches,375b59b4
190,Ramon Hendriks,nl NED,DF,Feyenoord,20,2001,2.7,1,0.37,1,0,0,0,0,0,0,0,0,0,0,0,0,0,Matches,5a28ad23
191,Sam Hendriks,nl NED,FWMF,Cambuur,26,1995,1.4,1,0.7,0,0,0,1,0,0,0,0,0,0,0,0,0,0,Matches,ae5dfb6a
192,Jorrit Hendrix,nl NED,MF,Feyenoord,26,1995,3.5,8,2.29,8,0,0,0,0,0,1,0.29,1,0,0,0,0,0,Matches,28eea0fc
193,Michaël Heylen,be BEL,DF,Sparta R'dam,27,1994,9.9,5,0.51,5,0,0,0,0,0,1,0.1,1,0,0,0,0,0,Matches,8f299faf
194,Mees Hilgers,nl NED,DF,Twente,20,2001,20.2,14,0.69,14,0,0,0,0,0,1,0.05,1,0,0,0,0,0,Matches,4eb00fda
195,Bart van Hintum,nl NED,DF,Groningen,34,1987,24.4,37,1.52,23,12,1,1,0,0,3,0.12,3,0,0,0,0,0,Matches,918e20ed
196,Mees Hoedemakers,nl NED,MF,Cambuur,23,1998,26.3,50,1.9,35,11,2,1,0,1,5,0.19,3,2,0,0,0,0,Matches,0914806a
197,Justin Hoogma,nl NED,DFMF,Heracles Almelo,23,1998,8.5,3,0.35,3,0,0,0,0,0,0,0,0,0,0,0,0,0,Matches,816192f0
198,Sydney van Hooijdonk,nl NED,FW,Heerenveen,21,2000,11.1,17,1.53,12,0,2,3,0,0,2,0.18,1,0,0,1,0,0,Matches,5b418e15
199,Jizz Hornkamp,nl NED,FW,Willem II,23,1998,11.9,17,1.43,12,0,2,3,0,0,0,0,0,0,0,0,0,0,Matches,862a72ea
200,Jeroen Houwen,nl NED,GK,Vitesse,25,1996,14.5,4,0.28,4,0,0,0,0,0,1,0.07,1,0,0,0,0,0,Matches,6d8ec266
201,Dean Huiberts,nl NED,MF,Zwolle,21,2000,12.8,23,1.8,16,1,1,0,4,1,1,0.08,0,0,0,0,1,0,Matches,f5649337
202,Daan Huisman,nl NED,MFFW,Vitesse,19,2002,9.9,29,2.93,26,0,1,1,1,0,1,0.1,1,0,0,0,0,0,Matches,d76070fd
203,Melih Ibrahimoglu,tr TUR,MF,Heracles Almelo,21,2000,0.5,0,0,0,0,0,0,0,0,0,0,0,0,0,0,0,0,Matches,6fa87bf4
204,Jay Idzes,nl NED,DFMF,Go Ahead Eag,21,2000,16.9,10,0.59,6,0,0,2,1,1,0,0,0,0,0,0,0,0,Matches,a54ef587
205,Luka Ilić,rs SRB,MFFW,Twente,22,1999,2.6,10,3.81,9,0,1,0,0,0,0,0,0,0,0,0,0,0,Matches,7bbcff4d
206,Daleho Irandust,se SWE,MFFW,Groningen,23,1998,10.8,29,2.7,23,2,1,2,0,1,1,0.09,1,0,0,0,0,0,Matches,371c77c6
207,Jamie Jacobs,nl NED,MF,Cambuur,23,1997,21.2,51,2.41,45,0,3,1,1,1,9,0.42,8,0,0,1,0,0,Matches,de4d92fd
208,Alireza Jahanbakhsh,ir IRN,FW,Feyenoord,27,1993,17.3,87,5.03,54,7,10,5,6,5,9,0.52,5,0,0,2,1,1,Matches,8452314
209,Laurent Jans,lu LUX,DFMF,Sparta R'dam,28,1992,8.6,19,2.2,14,0,1,1,3,0,4,0.46,2,0,1,0,1,0,Matches,0fbb73c2
210,Roel Janssen,nl NED,DF,Fortuna Sittard,31,1990,14.4,6,0.42,6,0,0,0,0,0,2,0.14,2,0,0,0,0,0,Matches,d2c58277
211,Willem Janssen,nl NED,DF,Utrecht,35,1986,21.5,18,0.84,16,0,0,1,1,0,0,0,0,0,0,0,0,0,Matches,c397146c
212,Victor Jensen,dk DEN,MF,Ajax,21,2000,0.2,0,0,0,0,0,0,0,0,0,0,0,0,0,0,0,0,Matches,97b2279d
213,Ryan Johansson,ie IRL,MFDF,Fortuna Sittard,20,2001,2.3,3,1.29,2,0,0,0,0,1,0,0,0,0,0,0,0,0,Matches,93750f7d
214,Miliano Jonathans,nl NED,FW,Vitesse,17,2004,0.1,0,0,0,0,0,0,0,0,0,0,0,0,0,0,0,0,Matches,32dd5ce9
215,Siem de Jong,nl NED,FWMF,Heerenveen,32,1989,15.4,37,2.41,32,0,2,0,2,1,2,0.13,2,0,0,0,0,0,Matches,cf2a6ace
216,Patrick Joosten,nl NED,FW,Cambuur,25,1996,10.7,24,2.24,19,0,2,0,2,1,4,0.37,4,0,0,0,0,0,Matches,0086c968
217,Patrick Joosten,nl NED,MFFW,Groningen,25,1996,3.7,9,2.43,5,3,1,0,0,0,1,0.27,1,0,0,0,0,0,Matches,0086c968
218,Mauro Júnior,br BRA,DF,PSV Eindhoven,22,1999,23.5,76,3.23,57,9,5,3,2,0,8,0.34,7,1,0,0,0,0,Matches,a29e5244
219,Daniël van Kaam,nl NED,MFDF,Groningen,21,2000,5.5,6,1.1,6,0,0,0,0,0,1,0.18,1,0,0,0,0,0,Matches,6db01d99
220,Elton Kabangu,cd COD,FW,Willem II,23,1998,10.5,13,1.23,7,0,2,3,1,0,1,0.09,0,0,1,0,0,0,Matches,a4add370
221,Rami Kaib,tn TUN,DF,Heerenveen,24,1997,20.6,31,1.5,27,2,1,1,0,0,2,0.1,2,0,0,0,0,0,Matches,74804a09
222,Yahya Kalley,se SWE,DFMF,Groningen,20,2001,1.9,3,1.54,2,1,0,0,0,0,0,0,0,0,0,0,0,0,Matches,b1120985
223,Issa Kallon,sl SLE,FWMF,Cambuur,25,1996,29.7,83,2.8,62,1,5,6,8,1,16,0.54,9,0,1,2,3,1,Matches,153ed0e4
224,Anargyros Kampetsis,gr GRE,FWMF,Willem II,22,1999,3.6,8,2.24,7,0,1,0,0,0,2,0.56,2,0,0,0,0,0,Matches,33d226f8
225,Joeri de Kamps,nl NED,MF,Sparta R'dam,29,1992,13.1,14,1.07,11,0,0,0,2,1,1,0.08,1,0,0,0,0,0,Matches,16886ee5
226,Jesper Karlsson,se SWE,FW,AZ Alkmaar,23,1998,32.3,140,4.34,93,23,9,9,4,2,23,0.71,15,4,3,1,0,0,Matches,7952d0c2
227,Souffian El Karouani,ma MAR,DF,NEC Nijmegen,20,2000,28.4,55,1.93,38,7,3,4,3,0,2,0.07,2,0,0,0,0,0,Matches,2e5a31cb
228,Neraysho Kasanwirjo,nl NED,DFMF,Groningen,19,2002,30.3,36,1.19,25,5,3,1,1,1,4,0.13,1,0,1,0,1,1,Matches,6d25f2fb
229,Gervane Kastaneer,cw CUW,FWMF,Zwolle,25,1996,17.3,35,2.03,24,0,8,1,2,0,1,0.06,1,0,0,0,0,0,Matches,0c142e14
230,Fabian de Keijzer,nl NED,GK,Utrecht,21,2000,13.5,1,0.07,1,0,0,0,0,0,0,0,0,0,0,0,0,0,Matches,fdfc9ace
231,Gyrano Kerk,nl NED,FW,Utrecht,25,1995,2,8,4,3,0,3,2,0,0,1,0.5,0,0,0,1,0,0,Matches,eb907bfc
232,Sam Kersten,nl NED,DF,Zwolle,23,1998,12.7,7,0.55,7,0,0,0,0,0,0,0,0,0,0,0,0,0,Matches,16ca1157
233,Abdenasser El Khayati,nl NED,MFFW,Willem II,32,1989,0.6,0,0,0,0,0,0,0,0,0,0,0,0,0,0,0,0,Matches,e5ec1410
234,Orestis Kiomourtzoglou,de GER,MF,Heracles Almelo,23,1998,20.9,39,1.87,25,1,1,5,5,2,0,0,0,0,0,0,0,0,Matches,7e138639
235,Tamás Kiss,hu HUN,MFFW,Cambuur,20,2000,3,9,3.01,8,0,1,0,0,0,1,0.33,1,0,0,0,0,0,Matches,b9e1d786
236,Davy Klaassen,nl NED,MF,Ajax,28,1993,20,42,2.1,35,0,1,3,2,1,6,0.3,4,0,0,0,1,1,Matches,15fd5593
237,Ruben Kluivert,nl NED,DF,Utrecht,20,2001,0,1,90,0,0,0,1,0,0,0,0,0,0,0,0,0,0,Matches,a8dccedc
238,Mats Knoester,nl NED,DF,Heracles Almelo,22,1998,29.6,40,1.35,39,0,0,0,0,1,2,0.07,2,0,0,0,0,0,Matches,988dfee2
239,Mats Köhlert,de GER,FWDF,Willem II,23,1998,27.5,72,2.61,43,13,7,1,5,3,2,0.07,2,0,0,0,0,0,Matches,3015d86e
240,Derrick Köhn,de GER,DF,Willem II,22,1999,28.1,45,1.6,32,2,4,3,4,0,4,0.14,2,0,0,1,1,0,Matches,b735b590
241,Orkun Kökçü,tr TUR,MF,Feyenoord,20,2000,29.2,204,7,118,60,10,9,6,1,22,0.75,12,5,3,1,1,0,Matches,9bf914b4
242,Rodney Kongolo,nl NED,MF,Heerenveen,23,1998,6.9,11,1.6,8,0,1,1,0,1,2,0.29,1,0,0,0,0,1,Matches,d05d6389
243,Ryan Koolwijk,sr SUR,MF,Zwolle,35,1985,1.9,3,1.53,2,0,0,0,0,1,0,0,0,0,0,0,0,0,Matches,47c66b8c
244,Peer Koopmeiners,nl NED,MF,AZ Alkmaar,21,2000,0.8,0,0,0,0,0,0,0,0,0,0,0,0,0,0,0,0,Matches,83454d60
245,Teun Koopmeiners,nl NED,MF,AZ Alkmaar,23,1998,1.3,7,5.21,1,6,0,0,0,0,0,0,0,0,0,0,0,0,Matches,a26fb8aa
246,Joris Kramer,nl NED,DF,Go Ahead Eag,24,1996,24.4,18,0.74,16,0,0,2,0,0,1,0.04,0,0,0,1,0,0,Matches,04e82fa0
247,Michiel Kramer,nl NED,FW,RKC Waalwijk,32,1988,25.2,39,1.55,34,0,0,3,2,0,3,0.12,3,0,0,0,0,0,Matches,f175ca0a
248,Filip Krastev,bg BUL,MF,Cambuur,19,2001,0.4,0,0,0,0,0,0,0,0,0,0,0,0,0,0,0,0,Matches,7254ebfb
249,Roy Kuijpers,nl NED,FWMF,RKC Waalwijk,21,2000,2.4,5,2.05,5,0,0,0,0,0,1,0.41,1,0,0,0,0,0,Matches,d0553d2f
250,Bas Kuipers,nl NED,DF,Go Ahead Eag,26,1994,28,55,1.97,37,11,2,0,4,1,7,0.25,5,1,0,0,1,0,Matches,149b617e
251,Luca de la Torre,us USA,MF,Heracles Almelo,23,1998,30.8,87,2.82,67,0,5,5,6,4,4,0.13,3,0,0,0,0,1,Matches,e9241b40
252,Zakaria Labyad,ma MAR,MF,Ajax,28,1993,0.3,1,3.33,1,0,0,0,0,0,1,3.33,1,0,0,0,0,0,Matches,ebc56869
253,Samir Lagsir,nl NED,FWMF,Zwolle,18,2003,1,4,3.87,3,0,0,1,0,0,1,0.97,1,0,0,0,0,0,Matches,0966143b
254,Toshio Lake,nl NED,MF,Fortuna Sittard,20,2001,2.7,,,,,,,,,,,,,,,,,Matches,68e73cc4
255,Kostas Lamprou,gr GRE,GK,Zwolle,29,1991,34,6,0.18,4,2,0,0,0,0,0,0,0,0,0,0,0,0,Matches,f9508440
256,Chardi Landu,nl NED,FWMF,Zwolle,21,2000,5,11,2.2,8,0,1,0,1,1,0,0,0,0,0,0,0,0,Matches,6aa36fd4
257,Nikolai Laursen,dk DEN,FWMF,Heracles Almelo,23,1998,20.6,50,2.43,32,6,3,5,3,1,1,0.05,0,0,0,1,0,0,Matches,484fcf71
258,Richy Ledezma,us USA,MFFW,PSV Eindhoven,20,2000,0.4,3,7.11,2,0,0,1,0,0,0,0,0,0,0,0,0,0,Matches,d2ddff2d
259,Benjamin van Leer,nl NED,GK,Sparta R'dam,29,1992,1.7,0,0,0,0,0,0,0,0,0,0,0,0,0,0,0,0,Matches,0df43081
260,Michael de Leeuw,nl NED,FWMF,Groningen,34,1986,22.6,33,1.46,25,1,0,2,5,0,1,0.04,0,0,0,0,1,0,Matches,4ff1c40c
261,Peter Leeuwenburgh,nl NED,GK,Groningen,27,1994,34,12,0.35,9,3,0,0,0,0,0,0,0,0,0,0,0,0,Matches,b7135640
262,Mateo Leš,hr CRO,DF,Heracles Almelo,21,2000,0.5,3,6.14,2,0,0,1,0,0,2,4.09,1,0,0,1,0,0,Matches,5eaad139
263,Timo Letschert,nl NED,DF,AZ Alkmaar,28,1993,3.2,5,1.57,5,0,0,0,0,0,0,0,0,0,0,0,0,0,Matches,be9938ed
264,Isac Lidberg,se SWE,FW,Go Ahead Eag,22,1998,22,44,2.01,28,0,4,3,7,2,5,0.23,1,0,0,2,2,0,Matches,2eeae3a7
265,Dimitris Limnios,gr GRE,FW,Twente,23,1998,24.2,63,2.61,42,9,2,2,7,1,6,0.25,5,0,0,1,0,0,Matches,62c7067a
266,Bryan Linssen,nl NED,FW,Feyenoord,30,1990,24,55,2.3,34,7,2,7,2,3,12,0.5,6,1,2,2,0,1,Matches,5700824a
267,Evert Linthorst,nl NED,MF,Go Ahead Eag,21,2000,0.5,0,0,0,0,0,0,0,0,0,0,0,0,0,0,0,0,Matches,baa31f3d
268,Pol Llonch,es ESP,MF,Willem II,28,1992,21.1,39,1.85,32,0,2,0,3,2,2,0.09,2,0,0,0,0,0,Matches,15f1b476
269,Nigel Lonwijk,nl NED,DF,Fortuna Sittard,18,2002,9.9,7,0.7,6,0,0,1,0,0,1,0.1,1,0,0,0,0,0,Matches,17be8dc3
270,Boyd Lucassen,nl NED,DFMF,Go Ahead Eag,23,1998,23.5,37,1.58,25,3,1,3,3,2,1,0.04,1,0,0,0,0,0,Matches,a8f2b8a7
271,Kilian Ludewig,de GER,FWDF,Willem II,21,2000,0.6,1,1.55,1,0,0,0,0,0,0,0,0,0,0,0,0,0,Matches,9b1b7d78
272,Kasper Lunding,dk DEN,MF,Heracles Almelo,22,1999,1.8,3,1.65,3,0,0,0,0,0,0,0,0,0,0,0,0,0,Matches,c451ea76
273,Ramon Lundqvist,se SWE,FW,Groningen,24,1997,0.1,2,22.5,0,0,1,0,1,0,0,0,0,0,0,0,0,0,Matches,094e6df2
274,Thierry Lutonda,be BEL,DF,RKC Waalwijk,20,2000,4.2,3,0.72,3,0,0,0,0,0,0,0,0,0,0,0,0,0,Matches,22367f92
275,Issam El Maach,ma MAR,GK,RKC Waalwijk,21,2000,1,1,1,1,0,0,0,0,0,1,1,1,0,0,0,0,0,Matches,30bbed87
276,Calvin Mac-Intosch,sr SUR,DF,Cambuur,31,1989,27.7,19,0.69,17,0,0,0,2,0,1,0.04,0,0,0,0,1,0,Matches,9fd8007d
277,Eros Maddy,nl NED,FW,Utrecht,20,2001,0.1,1,18,1,0,0,0,0,0,0,0,0,0,0,0,0,0,Matches,0ed50019
278,Achraf Madi,nl NED,DF,Sparta R'dam,19,2002,0,0,0,0,0,0,0,0,0,0,0,0,0,0,0,0,0,Matches,5f81f0d5
279,Nicolas Madsen,dk DEN,MF,Heerenveen,21,2000,18.6,32,1.72,28,0,2,1,1,0,2,0.11,2,0,0,0,0,0,Matches,6d7e4b06
280,Noni Madueke,eng ENG,FW,PSV Eindhoven,19,2002,9.1,31,3.39,20,0,8,3,0,0,8,0.88,4,0,3,1,0,0,Matches,bf34eebd
281,Naoki Maeda,jp JPN,MF,Utrecht,26,1994,0.1,0,0,0,0,0,0,0,0,0,0,0,0,0,0,0,0,Matches,00e79138
282,Adam Maher,nl NED,MF,Utrecht,28,1993,30.6,108,3.53,46,58,0,1,1,2,8,0.26,4,4,0,0,0,0,Matches,4d70db85
283,Mimoun Mahi,ma MAR,FWMF,Utrecht,27,1994,9.7,33,3.42,20,3,4,3,2,1,6,0.62,4,0,0,2,0,0,Matches,04c4b9de
284,Tyrell Malacia,nl NED,DF,Feyenoord,21,1999,31.5,92,2.92,77,4,5,3,3,0,4,0.13,3,0,0,1,0,0,Matches,6b6c793c
285,Mohamed Mallahi,nl NED,FWDF,Utrecht,21,2000,0.5,6,10.8,6,0,0,0,0,0,0,0,0,0,0,0,0,0,Matches,1ac75b7d
286,Million Manhoef,nl NED,DFFW,Vitesse,19,2002,8.4,20,2.37,15,1,1,3,0,0,3,0.36,2,0,1,0,0,0,Matches,3fa733bc
287,Ofir Marciano,il ISR,GK,Feyenoord,31,1989,12,2,0.17,1,1,0,0,0,0,0,0,0,0,0,0,0,0,Matches,00d4e7b3
288,Iván Márquez,es ESP,DF,NEC Nijmegen,27,1994,29,17,0.59,12,2,0,2,1,0,2,0.07,1,1,0,0,0,0,Matches,691d6a54
289,Cuco Martina,cw CUW,DF,Go Ahead Eag,31,1989,8.4,7,0.83,4,2,0,1,0,0,1,0.12,0,1,0,0,0,0,Matches,22551915
290,Lisandro Martínez,ar ARG,DF,Ajax,23,1998,21.2,34,1.61,27,0,0,7,0,0,4,0.19,1,0,0,3,0,0,Matches,bac46a10
291,Bruno Martins Indi,nl NED,DF,AZ Alkmaar,29,1992,30.8,27,0.88,22,1,0,4,0,0,5,0.16,2,0,0,3,0,0,Matches,7bc34048
292,Giannis Masouras,gr GRE,DFMF,Sparta R'dam,24,1996,9.3,14,1.5,9,3,1,1,0,0,1,0.11,1,0,0,0,0,0,Matches,8f7a3ee6
293,Magnus Mattsson,dk DEN,FWMF,NEC Nijmegen,22,1999,19.3,48,2.48,33,0,8,2,3,2,4,0.21,2,0,0,0,1,1,Matches,3a089320
294,Azor Matusiwa,nl NED,MF,Groningen,23,1998,3,10,3.33,7,0,0,0,2,1,2,0.67,2,0,0,0,0,0,Matches,a17a94d6
295,Emmanuel Matuta,be BEL,MFFW,Groningen,19,2002,1.1,2,1.86,2,0,0,0,0,0,0,0,0,0,0,0,0,0,Matches,a67a4783
296,Robin Maulun,fr FRA,MF,Cambuur,24,1996,29.5,80,2.71,49,23,2,5,0,1,10,0.34,5,4,0,1,0,0,Matches,b1940817
297,Philipp Max,de GER,DF,PSV Eindhoven,27,1993,20,57,2.86,43,6,2,4,1,1,8,0.4,7,0,0,1,0,0,Matches,826e8b63
298,Noussair Mazraoui,ma MAR,DF,Ajax,23,1997,21.7,81,3.73,71,1,2,3,1,3,4,0.18,3,0,0,1,0,0,Matches,b74277a0
299,Elikia Mbinga,nl NED,MFFW,Zwolle,20,2001,1.2,1,0.81,1,0,0,0,0,0,0,0,0,0,0,0,0,0,Matches,4a93f8d1
300,Jason Meerstadt,nl NED,MF,Sparta R'dam,20,2001,0.2,0,0,0,0,0,0,0,0,0,0,0,0,0,0,0,0,Matches,68f2dca6
301,Ringo Meerveld,nl NED,MF,Willem II,20,2000,6,16,2.68,14,1,0,0,0,1,3,0.5,3,0,0,0,0,0,Matches,c148865c
302,Bjorn Meijer,nl NED,DFMF,Groningen,18,2003,17.6,34,1.93,28,2,0,1,2,1,4,0.23,4,0,0,0,0,0,Matches,95f5aae8
303,Aaron Meijers,nl NED,DF,Sparta R'dam,33,1987,8.2,15,1.83,13,1,0,0,1,0,3,0.37,3,0,0,0,0,0,Matches,3cd63173
304,Rick Meijssen,nl NED,DF,Utrecht,19,2002,0.1,0,0,0,0,0,0,0,0,0,0,0,0,0,0,0,0,Matches,86a3a76d
305,Queensy Menig,nl NED,FW,Twente,25,1995,3,9,3,6,0,1,2,0,0,1,0.33,0,0,0,1,0,0,Matches,1264796e
306,Ahmed El Messaoudi,ma MAR,FWMF,Groningen,25,1995,1.9,4,2.13,3,0,0,1,0,0,0,0,0,0,0,0,0,0,Matches,d09f9118
307,Melle Meulensteen,nl NED,DF,RKC Waalwijk,22,1999,32,27,0.84,25,0,0,2,0,0,0,0,0,0,0,0,0,0,Matches,dbd869a1
308,Nikolaos Michelis,gr GRE,DF,Willem II,20,2001,7.2,3,0.42,3,0,0,0,0,0,0,0,0,0,0,0,0,0,Matches,17a3a4ba
309,Fredrik Midtsjø,no NOR,MF,AZ Alkmaar,27,1993,25.5,75,2.94,54,13,4,1,1,2,6,0.24,6,0,0,0,0,0,Matches,7b57c56a
310,Sven Mijnans,nl NED,MFFW,Sparta R'dam,21,2000,21,57,2.71,41,6,5,2,3,0,6,0.29,4,2,0,0,0,0,Matches,3e02d0f9
311,Virgil Misidjan,nl NED,FW,Twente,28,1993,12.6,56,4.43,31,2,11,5,7,0,7,0.55,3,0,2,1,1,0,Matches,09bcc566
312,Kudus Mohammed,gh GHA,MF,Ajax,20,2000,4.7,18,3.87,10,0,3,4,0,1,2,0.43,1,0,0,1,0,0,Matches,b62878a5
313,Sylian Mokono,nl NED,DF,Utrecht,22,1999,0.2,2,9.47,1,0,0,1,0,0,2,9.47,1,0,0,1,0,0,Matches,ff0a89d8
314,Julian von Moos,ch SUI,FWDF,Vitesse,20,2001,1.3,5,3.81,3,1,0,0,0,1,2,1.53,1,0,0,0,0,1,Matches,041961de
315,Alex Mortensen,se SWE,FW,Groningen,19,2002,0.1,0,0,0,0,0,0,0,0,0,0,0,0,0,0,0,0,Matches,e27159a1
316,Xavier Mous,nl NED,GK,Heerenveen,25,1995,15.5,5,0.32,4,1,0,0,0,0,0,0,0,0,0,0,0,0,Matches,76609a3c
317,Erwin Mulder,nl NED,GK,Heerenveen,32,1989,18.5,3,0.16,3,0,0,0,0,0,1,0.05,1,0,0,0,0,0,Matches,b3576b7c
318,Hans Mulder,nl NED,MFDF,RKC Waalwijk,34,1987,1.1,1,0.87,0,1,0,0,0,0,0,0,0,0,0,0,0,0,Matches,debdac8a
319,Jacob Mulenga,zm ZAM,FWMF,Go Ahead Eag,37,1984,2.2,1,0.46,1,0,0,0,0,0,0,0,0,0,0,0,0,0,Matches,73869d0f
320,Jeremy van Mullem,nl NED,MF,Sparta R'dam,22,1999,6.4,3,0.47,3,0,0,0,0,0,0,0,0,0,0,0,0,0,Matches,34903660
321,Anthony Musaba,nl NED,FWMF,Heerenveen,20,2000,14.6,40,2.74,19,0,12,7,2,0,1,0.07,1,0,0,0,0,0,Matches,cf7836a2
322,Richie Musaba,nl NED,MFFW,Fortuna Sittard,20,2000,2.4,2,0.82,2,0,0,0,0,0,0,0,0,0,0,0,0,0,Matches,1d1091e6
323,Yvon Mvogo,ch SUI,GK,PSV Eindhoven,27,1994,8,1,0.12,1,0,0,0,0,0,0,0,0,0,0,0,0,0,Matches,dc29b608
324,Phillipp Mwene,at AUT,DF,PSV Eindhoven,27,1994,15.7,38,2.42,28,5,1,0,4,0,4,0.26,3,0,0,0,1,0,Matches,2ff76adc
325,Yuta Nakayama,jp JPN,DF,Zwolle,24,1997,28.9,44,1.52,38,0,3,2,1,0,3,0.1,2,0,1,0,0,0,Matches,1b9707e4
326,Younes Namli,dk DEN,MF,Sparta R'dam,27,1994,9.6,33,3.45,24,6,2,0,1,0,5,0.52,4,0,0,0,1,0,Matches,1a672e2d
327,Gerrit Nauber,de GER,DF,Go Ahead Eag,29,1992,24.8,15,0.61,10,0,0,3,1,1,2,0.08,1,0,0,0,1,0,Matches,a72ead5e
328,Miquel Nelom,nl NED,DF,Willem II,30,1990,0.9,0,0,0,0,0,0,0,0,0,0,0,0,0,0,0,0,Matches,10d8eff2
329,Reiss Nelson,eng ENG,FW,Feyenoord,21,1999,10.1,47,4.64,36,0,6,3,1,1,3,0.3,3,0,0,0,0,0,Matches,c5bdb6e3
330,David Neres,br BRA,FW,Ajax,24,1997,5.3,21,4,20,0,0,0,1,0,4,0.76,4,0,0,0,0,0,Matches,4f1e6a0b
331,Cyril Ngonge,be BEL,FWMF,Groningen,21,2000,18.5,31,1.68,18,0,5,2,6,0,3,0.16,3,0,0,0,0,0,Matches,2b8360f1
332,Lars Nieuwpoort,nl NED,DF,RKC Waalwijk,26,1994,2,0,0,0,0,0,0,0,0,0,0,0,0,0,0,0,0,Matches,96d77487
333,Andries Noppert,nl NED,GK,Go Ahead Eag,27,1994,15,2,0.13,1,1,0,0,0,0,0,0,0,0,0,0,0,0,Matches,2dc9d6fb
334,Tijjani Noslin,nl NED,FWMF,Fortuna Sittard,22,1999,9.1,21,2.32,15,0,2,2,2,0,1,0.11,1,0,0,0,0,0,Matches,2f067cf2
335,Ché Nunnely,nl NED,FW,Willem II,22,1999,27.2,64,2.36,44,1,9,2,6,2,7,0.26,4,0,1,2,0,0,Matches,e3f206be
336,Djenahro Nunumete,nl NED,DF,Heerenveen,19,2002,0.3,1,3,1,0,0,0,0,0,0,0,0,0,0,0,0,0,Matches,54d060be
337,Benjamin Nygren,se SWE,FWMF,Heerenveen,20,2001,5.3,15,2.84,12,0,0,3,0,0,2,0.38,2,0,0,0,0,0,Matches,d6ebf67f
338,Armando Obispo,nl NED,DF,PSV Eindhoven,22,1999,11.8,5,0.43,5,0,0,0,0,0,1,0.09,1,0,0,0,0,0,Matches,2ffa6348
339,Cas Odenthal,nl NED,DF,NEC Nijmegen,20,2000,27.9,17,0.61,15,0,0,1,1,0,3,0.11,2,0,0,0,1,0,Matches,e14e10b1
340,Jens Odgaard,dk DEN,FWMF,RKC Waalwijk,22,1999,27.4,81,2.95,46,1,13,12,8,1,8,0.29,8,0,0,0,0,0,Matches,75374ee7
341,Eric Oelschlägel,de GER,GK,Utrecht,25,1995,3.5,0,0,0,0,0,0,0,0,0,0,0,0,0,0,0,0,Matches,dbb329c6
342,Jonathan Okita,cd COD,FWMF,NEC Nijmegen,25,1995,25.7,73,2.84,51,0,10,9,3,0,12,0.47,10,0,0,2,0,0,Matches,2bc17985
343,Maduka Okoye,ng NGA,GK,Sparta R'dam,21,1999,29.3,7,0.24,3,4,0,0,0,0,0,0,0,0,0,0,0,0,Matches,ab5c36dd
344,Kwasi Okyere Wriedt,gh GHA,FW,Willem II,27,1994,13.3,19,1.43,9,0,3,3,4,0,1,0.08,1,0,0,0,0,0,Matches,7124239e
345,Elias Olsson,se SWE,DF,Groningen,18,2003,0,0,0,0,0,0,0,0,0,0,0,0,0,0,0,0,0,Matches,f539f7b7
346,André Onana,cm CMR,GK,Ajax,25,1996,6,0,0,0,0,0,0,0,0,0,0,0,0,0,0,0,0,Matches,e9c0c1b2
347,Jayden Oosterwolde,nl NED,DF,Twente,20,2001,10,13,1.3,10,1,0,0,1,1,1,0.1,0,0,0,0,1,0,Matches,34abb664
348,Thijs Oosting,nl NED,DFFW,AZ Alkmaar,21,2000,1.5,1,0.68,1,0,0,0,0,0,0,0,0,0,0,0,0,0,Matches,995c6783
349,Thijs Oosting,nl NED,MF,Willem II,21,2000,3,3,1,3,0,0,0,0,0,0,0,0,0,0,0,0,0,Matches,995c6783
350,Loïs Openda,be BEL,FW,Vitesse,21,2000,29.4,103,3.5,57,0,17,10,18,1,6,0.2,2,0,2,1,1,0,Matches,8652a85c
351,Fredrik Oppegard,no NOR,DF,PSV Eindhoven,18,2002,0.2,0,0,0,0,0,0,0,0,0,0,0,0,0,0,0,0,Matches,c0347e9b
352,Ragnar Oratmangoen,nl NED,MFFW,Go Ahead Eag,23,1998,29.2,68,2.33,59,0,7,2,0,0,5,0.17,4,0,0,1,0,0,Matches,b6ca8924
353,Alois Oroz,hr CRO,DFMF,Vitesse,20,2000,9,7,0.77,6,1,0,0,0,0,0,0,0,0,0,0,0,0,Matches,5333d7de
354,Yanick van Osch,nl NED,GK,Fortuna Sittard,24,1997,32,10,0.31,5,5,0,0,0,0,1,0.03,0,1,0,0,0,0,Matches,f1655231
355,Mohammed Osman,sy SYR,MF,Sparta R'dam,27,1994,7.5,23,3.06,12,4,3,0,3,1,1,0.13,1,0,0,0,0,0,Matches,9647e6f7
356,Anas Ouahim,de GER,MFFW,Heracles Almelo,23,1997,7.7,23,3,14,0,3,3,3,0,4,0.52,3,0,1,0,0,0,Matches,f04f45a2
357,Yassin Oukili,nl NED,MF,RKC Waalwijk,20,2001,10,18,1.79,13,0,1,2,1,1,2,0.2,2,0,0,0,0,0,Matches,c960bc58
358,Sékou Oumar Sylla,gn GUI,DF,Cambuur,22,1999,4.2,7,1.68,5,1,0,0,1,0,0,0,0,0,0,0,0,0,Matches,95fb78a3
359,Joris van Overeem,nl NED,MF,Utrecht,27,1994,11.7,43,3.68,41,1,0,1,0,0,4,0.34,3,1,0,0,0,0,Matches,ced2aa0d
360,Gaultiér Overman,nl NED,MFDF,Sparta R'dam,20,2000,0.5,0,0,0,0,0,0,0,0,0,0,0,0,0,0,0,0,Matches,2c6e78b0
361,Leeroy Owusu,nl NED,DF,Willem II,24,1996,30.6,69,2.26,54,4,4,5,2,0,6,0.2,6,0,0,0,0,0,Matches,09bd28dd
362,Kenneth Paal,sr SUR,DFMF,Zwolle,24,1997,18.2,72,3.95,52,13,2,3,2,0,2,0.11,2,0,0,0,0,0,Matches,d8faef3e
363,Mark Pabai,lr LBR,DF,Zwolle,20,2000,7.6,15,1.98,11,2,1,0,1,0,3,0.4,3,0,0,0,0,0,Matches,82ad8b2d
364,Maarten Paes,nl NED,GK,Utrecht,23,1998,17,1,0.06,0,1,0,0,0,0,0,0,0,0,0,0,0,0,Matches,eb343262
365,Jelte Pal,nl NED,FW,Willem II,18,2002,0.1,2,36,0,0,1,1,0,0,0,0,0,0,0,0,0,0,Matches,892b0847
366,Remko Pasveer,nl NED,GK,Ajax,37,1983,20,1,0.05,1,0,0,0,0,0,0,0,0,0,0,0,0,0,Matches,3392603d
367,Mitchell Paulissen,nl NED,MFFW,Cambuur,28,1993,15.4,32,2.08,25,4,0,0,3,0,4,0.26,3,0,0,0,1,0,Matches,f6498b1e
368,Vangelis Pavlidis,gr GRE,FW,AZ Alkmaar,22,1998,27.7,67,2.42,50,0,9,4,4,0,7,0.25,5,0,1,0,1,0,Matches,d578db11
369,Marcus Pedersen,no NOR,DF,Feyenoord,21,2000,22,51,2.31,47,0,3,0,1,0,6,0.27,4,0,2,0,0,0,Matches,596cc50e
370,Pedro,es ESP,FW,NEC Nijmegen,21,2000,0.8,2,2.47,1,0,1,0,0,0,0,0,0,0,0,0,0,0,Matches,aa2a1c69
371,Kik Pierie,nl NED,DFMF,Twente,21,2000,0.2,0,0,0,0,0,0,0,0,0,0,0,0,0,0,0,0,Matches,63a2af76
372,Ivo Pinto,pt POR,DF,Fortuna Sittard,31,1990,16.6,10,0.6,5,2,0,0,2,1,1,0.06,1,0,0,0,0,0,Matches,8d82551b
373,Michael Pinto,lu LUX,DF,Sparta R'dam,28,1993,17.1,32,1.87,28,0,1,0,3,0,4,0.23,3,0,1,0,0,0,Matches,6e2c53cb
374,Julio Pleguezuelo,es ESP,DF,Twente,24,1997,14.8,12,0.81,9,0,2,1,0,0,2,0.13,2,0,0,0,0,0,Matches,2950c47b
375,Ernest Poku,nl NED,FWMF,AZ Alkmaar,17,2004,0.5,3,5.87,3,0,0,0,0,0,1,1.96,1,0,0,0,0,0,Matches,ddc31375
376,Bram van Polen,nl NED,DF,Zwolle,35,1985,29.4,36,1.23,33,0,0,2,0,1,1,0.03,1,0,0,0,0,0,Matches,894cfe3d
377,Robin Polley,gh GHA,FW,Heracles Almelo,22,1998,0.1,0,0,0,0,0,0,0,0,0,0,0,0,0,0,0,0,Matches,3a639671
378,Romano Postema,nl NED,FWMF,Groningen,19,2002,7.9,15,1.9,9,0,0,4,2,0,1,0.13,1,0,0,0,0,0,Matches,7a0645a4
379,Dirk Proper,nl NED,MF,NEC Nijmegen,19,2002,15.1,28,1.86,22,0,1,3,0,2,2,0.13,1,0,0,1,0,0,Matches,77b49e13
380,Davy Pröpper,nl NED,MF,PSV Eindhoven,29,1991,3.2,6,1.84,6,0,0,0,0,0,3,0.92,3,0,0,0,0,0,Matches,fdd85f94
381,Robin Pröpper,nl NED,DF,Twente,27,1993,31.7,30,0.95,24,1,1,2,1,1,6,0.19,4,0,1,0,1,0,Matches,996fc502
382,Giacomo Quagliata,it ITA,DF,Heracles Almelo,21,2000,28.3,65,2.3,50,6,5,3,0,1,2,0.07,2,0,0,0,0,0,Matches,1b9c7401
383,André Ramalho,br BRA,DF,PSV Eindhoven,29,1992,18.8,20,1.06,19,0,0,1,0,0,4,0.21,3,0,0,1,0,0,Matches,7483d9f9
384,Bart Ramselaar,nl NED,MFFW,Utrecht,25,1996,22.2,58,2.61,47,0,4,6,1,0,6,0.27,4,0,0,1,1,0,Matches,74596f1a
385,Jan Ras,nl NED,MF,Heerenveen,22,1999,0,0,0,0,0,0,0,0,0,0,0,0,0,0,0,0,0,Matches,598ee1d6
386,Jacob Rasmussen,dk DEN,DF,Vitesse,24,1997,24.3,35,1.44,30,0,0,3,1,1,4,0.16,2,0,0,1,1,0,Matches,283699b4
387,Daishawn Redan,nl NED,FWMF,Zwolle,20,2001,22.7,49,2.16,37,0,2,3,7,0,6,0.26,4,0,1,0,1,0,Matches,16b4260e
388,Youri Regeer,nl NED,DF,Ajax,17,2003,1.7,2,1.18,2,0,0,0,0,0,0,0,0,0,0,0,0,0,Matches,e0782abd
389,Gyan de Regt,nl NED,DF,Vitesse,18,2002,0.4,1,2.5,0,0,0,0,0,1,0,0,0,0,0,0,0,0,Matches,bae360fd
390,Eliano Reijnders,nl NED,DFMF,Zwolle,20,2000,14.1,36,2.56,29,2,1,2,1,1,2,0.14,1,0,0,1,0,0,Matches,d32ef527
391,Tijjani Reijnders,nl NED,MF,AZ Alkmaar,23,1998,14.5,56,3.86,44,0,8,2,2,0,7,0.48,5,0,2,0,0,0,Matches,afb61630
392,Devyne Rensch,nl NED,DF,Ajax,18,2003,8.9,17,1.91,16,0,0,0,1,0,2,0.23,1,0,0,0,1,0,Matches,c5cbbcff
393,Marco Rente,de GER,DF,Heracles Almelo,24,1997,25.7,23,0.9,18,0,0,3,1,1,3,0.12,2,0,0,0,1,0,Matches,ec76c977
394,Ben Rienstra,nl NED,MF,Fortuna Sittard,31,1990,23.9,39,1.63,32,1,1,4,1,0,3,0.13,2,0,0,1,0,0,Matches,0f163eff
395,Thomas Rier,nl NED,DFFW,Cambuur,21,2000,0.2,0,0,0,0,0,0,0,0,0,0,0,0,0,0,0,0,Matches,31c691d3
396,Mees Rijks,nl NED,MF,Utrecht,18,2003,0.1,0,0,0,0,0,0,0,0,0,0,0,0,0,0,0,0,Matches,449c6aae
397,Rocco Robert Shein,ee EST,MF,Utrecht,18,2003,0.6,1,1.55,1,0,0,0,0,0,0,0,0,0,0,0,0,0,Matches,2ea1013f
398,Godfried Roemeratoe,nl NED,MFDF,Willem II,21,1999,7.8,7,0.9,7,0,0,0,0,0,0,0,0,0,0,0,0,0,Matches,a646b710
399,Ole Romeny,nl NED,FW,NEC Nijmegen,21,2000,1.9,4,2.13,3,0,0,0,1,0,0,0,0,0,0,0,0,0,Matches,3e17193f
400,Maximiliano Romero,ar ARG,FW,PSV Eindhoven,22,1999,1.9,5,2.71,4,0,0,1,0,0,2,1.08,2,0,0,0,0,0,Matches,716e7308
401,Philippe Rommens,be BEL,MF,Go Ahead Eag,23,1997,30,86,2.87,47,36,0,1,2,0,9,0.3,5,4,0,0,0,0,Matches,318db7b4
402,Bart van Rooij,nl NED,DFMF,NEC Nijmegen,20,2001,33,57,1.73,49,1,0,3,4,0,5,0.15,3,0,0,2,0,0,Matches,30fb2f9c
403,Ruben Roosken,nl NED,DF,Heracles Almelo,21,2000,5.4,8,1.47,5,0,0,1,0,2,2,0.37,1,0,0,1,0,0,Matches,e9dc604a
404,Frank Ross,sct SCO,MFFW,Go Ahead Eag,23,1998,0.8,1,1.22,0,1,0,0,0,0,0,0,0,0,0,0,0,0,Matches,4f6d9fb0
405,Llazaros Rota,gr GRE,DF,Fortuna Sittard,23,1997,2,1,0.5,1,0,0,0,0,0,0,0,0,0,0,0,0,0,Matches,2e9ddbfb
406,Daan Rots,nl NED,FW,Twente,20,2001,19,50,2.64,39,0,1,4,4,2,6,0.32,4,0,1,0,1,0,Matches,d40b01f6
407,Robbin Ruiter,nl NED,GK,Willem II,34,1987,1,0,0,0,0,0,0,0,0,0,0,0,0,0,0,0,0,Matches,911680d8
408,Dries Saddiki,ma MAR,MF,Willem II,24,1996,29.8,43,1.44,32,0,5,3,2,1,5,0.17,4,0,0,1,0,0,Matches,4eb9e87b
409,Michal Sadílek,cz CZE,MFDF,Twente,22,1999,28.7,77,2.68,40,29,3,1,2,2,11,0.38,8,3,0,0,0,0,Matches,7c9fa389
410,Görkem Sağlam,de GER,MF,Willem II,23,1998,12.8,58,4.54,31,19,3,4,1,0,5,0.39,3,1,0,1,0,0,Matches,651d9f0a
411,Anass Salah-Eddine,nl NED,DF,Ajax,19,2002,0.3,1,3.33,1,0,0,0,0,0,0,0,0,0,0,0,0,0,Matches,0d274394
412,Andreas Samaris,gr GRE,DFMF,Fortuna Sittard,32,1989,12,7,0.58,2,3,0,0,2,0,0,0,0,0,0,0,0,0,Matches,5af687a1
413,David Sambissa,ga GAB,MFDF,Cambuur,25,1996,9.3,23,2.48,20,0,1,1,1,0,3,0.32,3,0,0,0,0,0,Matches,e3c2a24e
414,Bassala Sambou,eng ENG,FW,Fortuna Sittard,23,1997,4.6,2,0.43,1,0,0,0,1,0,0,0,0,0,0,0,0,0,Matches,ec2e64da
415,Philippe Sandler,nl NED,DF,Feyenoord,24,1997,0.6,0,0,0,0,0,0,0,0,0,0,0,0,0,0,0,0,Matches,6.07E+74
416,Ibrahim Sangaré,ci CIV,MF,PSV Eindhoven,23,1997,26.8,91,3.39,74,1,4,9,2,1,6,0.22,5,0,1,0,0,0,Matches,bced0375
417,Amin Sarr,se SWE,FW,Heerenveen,20,2001,12,36,3.01,22,0,7,4,3,0,7,0.58,4,0,0,2,1,0,Matches,d5326924
418,Mustafa Saymak,nl NED,MF,Zwolle,28,1993,14.3,36,2.52,25,2,0,5,4,0,5,0.35,3,0,0,2,0,0,Matches,7a544566
419,Sem Scheperman,nl NED,DF,Heracles Almelo,19,2002,0.2,0,0,0,0,0,0,0,0,0,0,0,0,0,0,0,0,Matches,60faf301
420,Vincent Schippers,nl NED,DFFW,Willem II,20,2001,1.8,0,0,0,0,0,0,0,0,0,0,0,0,0,0,0,0,Matches,a7b42ecc
421,Doke Schmidt,nl NED,DF,Cambuur,29,1992,27.7,28,1.01,18,6,0,1,3,0,2,0.07,2,0,0,0,0,0,Matches,6e313b86
422,Lasse Schöne,dk DEN,MF,NEC Nijmegen,35,1986,32.6,105,3.22,54,45,2,1,1,2,7,0.21,3,3,0,1,0,0,Matches,c3a8bcd8
423,Lucas Schoofs,be BEL,MFDF,Heracles Almelo,24,1997,23.3,41,1.76,33,1,0,3,0,4,4,0.17,3,0,0,1,0,0,Matches,2a4828b3
424,Erik Schouten,nl NED,DF,Cambuur,29,1991,26.5,14,0.53,10,2,0,2,0,0,2,0.08,1,0,0,1,0,0,Matches,952d12cf
425,Markus Schubert,de GER,GK,Vitesse,23,1998,19.5,4,0.21,3,1,0,0,0,0,0,0,0,0,0,0,0,0,Matches,289b90cd
426,Perr Schuurs,nl NED,DF,Ajax,21,1999,11.6,20,1.72,18,1,1,0,0,0,3,0.26,3,0,0,0,0,0,Matches,e613313c
427,Jenson Seelt,nl NED,DF,PSV Eindhoven,18,2003,0.2,0,0,0,0,0,0,0,0,0,0,0,0,0,0,0,0,Matches,ec75ee25
428,Lisandro Semedo,cv CPV,FWMF,Fortuna Sittard,25,1996,5.2,13,2.48,11,0,2,0,0,0,2,0.38,2,0,0,0,0,0,Matches,490328d4
429,Marcos Senesi,ar ARG,DF,Feyenoord,24,1997,28.3,39,1.38,34,0,0,3,0,2,4,0.14,2,0,0,2,0,0,Matches,35141f4c
430,Mats Seuntjens,nl NED,FWMF,Fortuna Sittard,29,1992,31.7,116,3.66,60,27,17,5,5,2,8,0.25,4,2,0,0,2,0,Matches,db159803
431,Stanislav Shopov,bg BUL,MF,Heerenveen,19,2002,0,0,0,0,0,0,0,0,0,0,0,0,0,0,0,0,0,Matches,7e35c530
432,Kaj Sierhuis,nl NED,FW,Heracles Almelo,23,1998,15.8,48,3.04,32,0,3,10,3,0,6,0.38,3,0,1,1,1,0,Matches,9c2b1f11
433,Elias Sierra,be BEL,MFFW,Heracles Almelo,19,2001,4.3,12,2.78,8,4,0,0,0,0,2,0.46,2,0,0,0,0,0,Matches,cee66fd1
434,Luis Sinisterra,co COL,FW,Feyenoord,22,1999,26.7,142,5.32,109,0,22,5,6,0,18,0.67,10,0,7,1,0,0,Matches,8e16dd48
435,Dimitris Siovas,gr GRE,DF,Fortuna Sittard,32,1988,11.2,8,0.71,7,0,0,1,0,0,0,0,0,0,0,0,0,0,Matches,92d38e6c
436,Gijs Smal,nl NED,DF,Twente,23,1997,20.8,47,2.26,33,9,1,4,0,0,3,0.14,3,0,0,0,0,0,Matches,0eb4a4f3
437,Bryan Smeets,nl NED,MF,Sparta R'dam,28,1992,16.4,49,2.98,35,10,0,2,1,1,3,0.18,3,0,0,0,0,0,Matches,e7809a03
438,Milan Smit,nl NED,FWMF,Cambuur,18,2003,0.7,0,0,0,0,0,0,0,0,0,0,0,0,0,0,0,0,Matches,a61ff812
439,Sven Sonnenberg,de GER,DF,Heracles Almelo,22,1999,5.3,0,0,0,0,0,0,0,0,0,0,0,0,0,0,0,0,Matches,5a7c3705
440,Kamal Sowah,gh GHA,FWMF,AZ Alkmaar,21,2000,1.8,3,1.63,3,0,0,0,0,0,1,0.54,1,0,0,0,0,0,Matches,74b7375f
441,Wesley Spieringhs,nl NED,MFFW,Willem II,19,2002,1.1,2,1.84,2,0,0,0,0,0,0,0,0,0,0,0,0,0,Matches,c7b02f0e
442,Tommy St. Jago,nl NED,DF,Utrecht,21,2000,2.2,1,0.47,1,0,0,0,0,0,0,0,0,0,0,0,0,0,Matches,d47df60d
443,Casper Staring,nl NED,MF,Twente,20,2001,1.1,2,1.84,2,0,0,0,0,0,0,0,0,0,0,0,0,0,Matches,f4693feb
444,Maarten Stekelenburg,nl NED,GK,Ajax,38,1982,7,1,0.14,1,0,0,0,0,0,0,0,0,0,0,0,0,0,Matches,fefce889
445,Filip Stevanovic,rs SRB,FWMF,Heerenveen,18,2002,9.5,19,2,13,0,2,1,3,0,4,0.42,2,0,0,0,2,0,Matches,50f823d3
446,Sonny Stevens,nl NED,GK,Cambuur,29,1992,28.9,6,0.21,4,2,0,0,0,0,0,0,0,0,0,0,0,0,Matches,7566ef9b
447,Finn Stokkers,nl NED,FWMF,RKC Waalwijk,25,1996,12.4,38,3.04,36,0,1,1,0,0,7,0.56,7,0,0,0,0,0,Matches,722a26e2
448,Jørgen Strand Larsen,no NOR,FW,Groningen,21,2000,26,42,1.62,31,0,3,6,2,0,8,0.31,4,0,1,2,1,0,Matches,f553b2b3
449,Sander van de Streek,nl NED,MFFW,Utrecht,28,1993,17.3,44,2.55,38,0,1,3,2,0,2,0.12,2,0,0,0,0,0,Matches,9afce63a
450,Rico Strieder,de GER,MF,Zwolle,29,1992,16.1,22,1.37,16,3,0,0,2,1,1,0.06,1,0,0,0,0,0,Matches,074b9902
451,Yukinari Sugawara,jp JPN,DFFW,AZ Alkmaar,21,2000,29.3,75,2.56,64,7,1,1,1,1,11,0.38,9,0,0,0,1,1,Matches,580bcd18
452,Tomáš Suslov,sk SVK,MFFW,Groningen,19,2002,26.1,80,3.07,47,13,2,4,12,2,4,0.15,1,3,0,0,0,0,Matches,83fe71b8
453,Max Svensson,se SWE,FWMF,Willem II,23,1998,21.2,49,2.31,32,4,4,4,5,0,7,0.33,4,0,2,1,0,0,Matches,6d902017
454,Marin Šverko,hr CRO,DF,Groningen,23,1998,11.1,20,1.81,13,1,1,3,2,0,1,0.09,1,0,0,0,0,0,Matches,06dba850
455,Moussa Sylla,fr FRA,FW,Utrecht,21,1999,15.3,54,3.54,37,6,1,4,5,1,5,0.33,4,0,0,1,0,0,Matches,d8b97bb3
456,Adrian Szöke,hu HUN,FWMF,Heracles Almelo,23,1998,1.6,1,0.62,1,0,0,0,0,0,0,0,0,0,0,0,0,0,Matches,692ab0c7
457,Mohamed Taabouni,nl NED,FW,AZ Alkmaar,19,2002,0.1,1,15,1,0,0,0,0,0,0,0,0,0,0,0,0,0,Matches,df4153d2
458,Dušan Tadić,rs SRB,FW,Ajax,32,1988,32.6,239,7.33,168,45,7,11,8,0,35,1.07,32,0,2,1,0,0,Matches,2475dcc6
459,Nicolás Tagliafico,ar ARG,DF,Ajax,28,1992,10.4,32,3.06,29,1,1,1,0,0,4,0.38,4,0,0,0,0,0,Matches,f0661424
460,Anas Tahiri,be BEL,MF,Heerenveen,26,1995,11,24,2.18,19,3,1,0,1,0,1,0.09,1,0,0,0,0,0,Matches,e43e11a0
461,Oussama Tannane,ma MAR,MFFW,Vitesse,27,1994,2.3,14,6.09,8,3,1,0,2,0,0,0,0,0,0,0,0,0,Matches,730bd100
462,Elayis Tavsan,nl NED,FWMF,NEC Nijmegen,20,2001,24.9,85,3.41,47,2,18,8,8,2,2,0.08,1,0,0,1,0,0,Matches,9.28E+12
463,Kenneth Taylor,nl NED,MF,Ajax,19,2002,6.5,22,3.41,19,1,0,0,2,0,6,0.93,4,1,0,0,1,0,Matches,ad9b2747
464,Mike te Wierik,nl NED,DF,Groningen,29,1992,23.8,21,0.88,17,4,0,0,0,0,2,0.08,2,0,0,0,0,0,Matches,11fde8d3
465,Slobodan Tedić,rs SRB,FW,Zwolle,21,2000,13.2,28,2.11,18,0,1,2,7,0,0,0,0,0,0,0,0,0,Matches,477ac4d2
466,Tesfaldet Tekie,se SWE,MF,Fortuna Sittard,24,1997,23.5,53,2.26,36,4,1,3,8,1,6,0.26,5,0,0,0,1,0,Matches,ed16934e
467,Hidde ter Avest,nl NED,DF,Utrecht,24,1997,20.4,38,1.86,28,5,1,3,0,1,2,0.1,2,0,0,0,0,0,Matches,18f9dbd0
468,Jasper Ter Heide,nl NED,MFDF,Cambuur,22,1999,5.3,4,0.76,4,0,0,0,0,0,0,0,0,0,0,0,0,0,Matches,2c8dc102
469,Jordan Teze,nl NED,DF,PSV Eindhoven,21,1999,22.7,39,1.72,35,1,1,2,0,0,4,0.18,4,0,0,0,0,0,Matches,82e9b1bb
470,Ryan Thomas,nz NZL,MFFW,PSV Eindhoven,26,1994,2.2,9,4.09,5,4,0,0,0,0,0,0,0,0,0,0,0,0,Matches,95efdac2
471,Lennart Thy,de GER,FWMF,Sparta R'dam,29,1992,26.5,50,1.89,35,0,0,9,5,1,5,0.19,2,0,0,1,2,0,Matches,af31925d
472,Guus Til,nl NED,MF,Feyenoord,23,1997,28.6,93,3.25,64,0,7,11,4,7,10,0.35,6,0,1,2,1,0,Matches,6e44569a
473,Jurriën Timber,nl NED,DF,Ajax,20,2001,28.3,47,1.66,38,0,1,4,2,2,8,0.28,4,0,1,2,0,1,Matches,41034650
474,Quinten Timber,nl NED,MF,Utrecht,20,2001,26.1,88,3.37,59,1,15,8,1,4,10,0.38,7,0,2,1,0,0,Matches,803e7aca
475,Mickaël Tirpan,be BEL,DF,Fortuna Sittard,27,1993,22,43,1.95,30,8,2,0,2,1,4,0.18,3,0,1,0,0,0,Matches,43156df9
476,Marco Tol,nl NED,DF,Cambuur,23,1998,13.6,1,0.07,1,0,0,0,0,0,1,0.07,1,0,0,0,0,0,Matches,52cc3dc1
477,Jens Toornstra,nl NED,MFFW,Feyenoord,32,1989,19.9,99,4.98,82,6,3,6,1,1,7,0.35,5,0,0,2,0,0,Matches,ade993b9
478,Ahmed Touba,dz ALG,DF,RKC Waalwijk,23,1998,27.7,28,1.01,20,1,2,3,0,2,6,0.22,3,0,1,1,0,1,Matches,f25de136
479,Gernot Trauner,at AUT,DF,Feyenoord,29,1992,29.2,44,1.51,38,0,1,3,2,0,6,0.21,5,0,0,1,0,0,Matches,9d21da85
480,Sondre Tronstad,no NOR,MF,Vitesse,25,1995,29.4,77,2.62,69,0,1,2,3,2,8,0.27,7,0,0,0,1,0,Matches,50e41224
481,Giovanni Troupée,nl NED,DF,Twente,23,1998,18.9,15,0.79,12,3,0,0,0,0,1,0.05,1,0,0,0,0,0,Matches,5bf23e30
482,Turan Tuzlacik,nl NED,DFMF,Go Ahead Eag,20,2001,0.1,0,0,0,0,0,0,0,0,0,0,0,0,0,0,0,0,Matches,863d9dd0
483,Manfred Ugalde,cr CRC,FWMF,Twente,19,2002,7.2,19,2.63,13,0,1,2,2,1,2,0.28,1,0,0,1,0,0,Matches,30c4aa75
484,Roberts Uldriķis,lv LVA,FW,Cambuur,23,1998,17.1,37,2.16,27,1,3,3,3,0,3,0.18,1,1,0,1,0,0,Matches,9c86b2b8
485,Lars Unnerstall,de GER,GK,Twente,31,1990,32,2,0.06,1,1,0,0,0,0,0,0,0,0,0,0,0,0,Matches,4b1793b0
486,Etienne Vaessen,nl NED,GK,RKC Waalwijk,26,1995,31,10,0.32,4,6,0,0,0,0,3,0.1,1,2,0,0,0,0,Matches,5622d68b
487,Amourrichio Van Axel Dongen,nl NED,FW,Ajax,16,2004,0.1,0,0,0,0,0,0,0,0,0,0,0,0,0,0,0,0,Matches,478f023e
488,Dave Van Den Berg,nl NED,MF,Utrecht,21,2000,0,0,0,0,0,0,0,0,0,0,0,0,0,0,0,0,0,Matches,d3ea4a10
489,Dario Van den Buijs,be BEL,DF,RKC Waalwijk,25,1995,11.7,4,0.34,3,0,0,1,0,0,0,0,0,0,0,0,0,0,Matches,0a236449
490,Simon Van Duivenbooden,nl NED,MF,Vitesse,19,2002,0.3,0,0,0,0,0,0,0,0,0,0,0,0,0,0,0,0,Matches,a50af160
491,Syb Van Ottele,nl NED,DF,Heerenveen,19,2002,2.2,0,0,0,0,0,0,0,0,0,0,0,0,0,0,0,0,Matches,341dc28c
492,Henk Veerman,nl NED,FW,Heerenveen,28,1993,17.3,32,1.85,29,0,0,2,1,0,3,0.17,2,0,0,0,1,0,Matches,e1a1b481
493,Henk Veerman,nl NED,FWMF,Utrecht,28,1993,4.6,8,1.74,4,0,0,4,0,0,1,0.22,1,0,0,0,0,0,Matches,e1a1b481
494,Joey Veerman,nl NED,MF,Heerenveen,22,1998,16.9,79,4.68,45,23,3,2,3,3,7,0.41,4,3,0,0,0,0,Matches,18fae4ac
495,Joey Veerman,nl NED,MFFW,PSV Eindhoven,22,1998,11.5,45,3.92,36,7,1,1,0,0,7,0.61,5,1,0,1,0,0,Matches,18fae4ac
496,Calvin Verdonk,nl NED,DFMF,NEC Nijmegen,24,1997,10.7,21,1.96,18,1,1,0,1,0,3,0.28,3,0,0,0,0,0,Matches,bf2b4026
497,Hobie Verhulst,nl NED,GK,AZ Alkmaar,28,1993,2,0,0,0,0,0,0,0,0,0,0,0,0,0,0,0,0,Matches,9f82f7c2
498,Thibaud Verlinden,be BEL,FW,Fortuna Sittard,22,1999,0,0,0,0,0,0,0,0,0,0,0,0,0,0,0,0,0,Matches,e5c026d6
499,Michael Verrips,nl NED,GK,Fortuna Sittard,24,1996,2,0,0,0,0,0,0,0,0,0,0,0,0,0,0,0,0,Matches,424595d5
500,Arno Verschueren,be BEL,MF,Sparta R'dam,24,1997,10.7,13,1.22,10,0,1,2,0,0,1,0.09,1,0,0,0,0,0,Matches,0ae2b36f
501,Yorbe Vertessen,be BEL,FWMF,PSV Eindhoven,20,2001,8.9,37,4.17,23,0,5,5,1,3,8,0.9,6,0,1,1,0,0,Matches,e8ef59da
502,Javier Vet,nl NED,MFFW,NEC Nijmegen,27,1993,6.2,15,2.41,8,0,3,3,0,1,3,0.48,2,0,0,0,0,1,Matches,4cdcb529
503,Nick Viergever,nl NED,DF,PSV Eindhoven,31,1989,0.1,0,0,0,0,0,0,0,0,0,0,0,0,0,0,0,0,Matches,e38f1636
504,Peter Vindahl Jensen,dk DEN,GK,AZ Alkmaar,23,1998,32,6,0.19,4,2,0,0,0,0,0,0,0,0,0,0,0,0,Matches,7b433ed0
505,Carlos Vinícius,br BRA,FW,PSV Eindhoven,26,1995,12.3,40,3.25,35,0,3,1,1,0,10,0.81,8,0,1,0,1,0,Matches,8b529245
506,Michel Vlap,nl NED,MF,Twente,24,1997,27,91,3.37,73,1,3,9,4,1,13,0.48,8,0,2,2,1,0,Matches,2.76E+52
507,Rai Vloet,nl NED,MF,Heracles Almelo,26,1995,11.3,49,4.34,17,18,4,4,1,5,1,0.09,0,0,0,0,0,1,Matches,b32e8c5f
508,Siemen Voet,be BEL,DF,Zwolle,21,2000,13.8,10,0.72,10,0,0,0,0,0,2,0.14,2,0,0,0,0,0,Matches,917e933f
509,Dennis Vos,nl NED,DF,PSV Eindhoven,19,2001,0.5,0,0,0,0,0,0,0,0,0,0,0,0,0,0,0,0,Matches,4f0f270a
510,Bart Vriends,nl NED,DF,Sparta R'dam,30,1991,31.4,11,0.35,8,1,0,1,1,0,0,0,0,0,0,0,0,0,Matches,2e4bc188
511,Patrick Vroegh,nl NED,MF,Vitesse,21,1999,7.3,17,2.34,14,2,0,1,0,0,2,0.27,2,0,0,0,0,0,Matches,7d5fa902
512,Max de Waal,nl NED,MFFW,Zwolle,19,2002,1.8,1,0.55,1,0,0,0,0,0,0,0,0,0,0,0,0,0,Matches,fc9ca1ee
513,Patrik Wålemark,se SWE,FWMF,Feyenoord,19,2001,4.2,21,5,10,2,4,1,4,0,1,0.24,1,0,0,0,0,0,Matches,7d7660da
514,Django Warmerdam,nl NED,DF,Utrecht,25,1995,21.4,24,1.12,20,2,0,2,0,0,2,0.09,2,0,0,0,0,0,Matches,421370f5
515,Timon Wellenreuther,de GER,GK,Willem II,25,1995,31,2,0.06,2,0,0,0,0,0,0,0,0,0,0,0,0,0,Matches,2f18d0b8
516,Sai van Wermeskerken,jp JPN,DFMF,Zwolle,27,1994,3.1,3,0.97,0,1,0,2,0,0,1,0.32,0,0,0,1,0,0,Matches,3942a90b
517,Owen Wijndal,nl NED,DF,AZ Alkmaar,21,1999,29.8,85,2.85,73,3,2,2,2,3,16,0.54,15,0,1,0,0,0,Matches,83300259
518,Dani de Wit,nl NED,MFFW,AZ Alkmaar,23,1998,31.5,52,1.65,37,0,2,5,7,1,9,0.29,6,0,1,0,1,1,Matches,48a2b92a
519,Mees de Wit,nl NED,DFFW,Zwolle,23,1998,25.8,70,2.71,45,9,6,5,5,0,3,0.12,2,0,1,0,0,0,Matches,116a67ee
520,Aslak Witry,no NOR,DF,AZ Alkmaar,25,1996,15.5,30,1.94,28,1,0,0,0,1,3,0.19,2,0,0,0,0,1,Matches,3f30f12a
521,Maximilian Wittek,de GER,DFMF,Vitesse,25,1995,24.7,116,4.69,50,55,3,6,1,1,7,0.28,4,2,0,1,0,0,Matches,edb2712b
522,Ricky van Wolfswinkel,nl NED,FW,Twente,32,1989,28.4,61,2.14,41,0,2,10,6,2,11,0.39,8,0,1,0,2,0,Matches,dbe16ade
523,Lucas Woudenberg,nl NED,DF,Heerenveen,27,1994,16.7,11,0.66,9,1,1,0,0,0,1,0.06,1,0,0,0,0,0,Matches,68a96962
524,Luuk Wouters,nl NED,DF,RKC Waalwijk,22,1999,6.5,5,0.77,5,0,0,0,0,0,0,0,0,0,0,0,0,0,Matches,332f99b0
525,Romaric Yapi,fr FRA,DFFW,Vitesse,21,2000,3.3,3,0.92,3,0,0,0,0,0,1,0.31,1,0,0,0,0,0,Matches,7faf5b19
526,John Yeboah,de GER,FWMF,Willem II,21,2000,0.9,4,4.56,2,0,0,0,2,0,0,0,0,0,0,0,0,0,Matches,8dfdc6c3
527,Ulrik Yttergård Jenssen,no NOR,DF,Willem II,25,1996,20.9,9,0.43,7,0,0,0,0,2,0,0,0,0,0,0,0,0,Matches,0c97d846
528,Timo Zaal,nl NED,DFMF,Heerenveen,17,2004,0.1,1,6.92,1,0,0,0,0,0,0,0,0,0,0,0,0,0,Matches,14f2e5a0
529,Arthur Zagre,fr FRA,DFFW,Utrecht,19,2001,4.6,13,2.83,12,0,0,0,1,0,0,0,0,0,0,0,0,0,Matches,3225654e
530,Eran Zahavi,il ISR,FW,PSV Eindhoven,34,1987,16.8,60,3.57,43,0,4,10,3,0,11,0.65,9,0,0,2,0,0,Matches,86b575a7
531,Ramiz Zerrouki,dz ALG,MF,Twente,23,1998,28.9,61,2.11,41,14,2,1,1,2,4,0.14,4,0,0,0,0,0,Matches,c762b1a6
532,Rick Zuijderwijk,nl NED,MFFW,Willem II,20,2001,0.4,0,0,0,0,0,0,0,0,0,0,0,0,0,0,0,0,Matches,da26f9e8
533,Dario Đumić,ba BIH,DFMF,Twente,29,1992,0.2,0,0,0,0,0,0,0,0,0,0,0,0,0,0,0,0,Matches,c575919f