﻿,,,,,,,,Standard,Standard,Standard,Standard,Standard,Standard,Standard,Standard,Standard,Standard,Standard,Standard,Expected,Expected,Expected,Expected,Expected,,#NAME?
Rk,Player,Nation,Pos,Squad,Age,Born,90s,Gls,Sh,SoT,SoT%,Sh/90,SoT/90,G/Sh,G/SoT,Dist,FK,PK,PKatt,xG,npxG,npxG/Sh,G-xG,np:G-xG,Matches,-9999
1,Yunis Abdelhamid,ma MAR,DF,Reims,33,1987,33.1,2,18,6,33.3,0.54,0.18,0.11,0.33,18.3,0,0,0,1.2,1.2,0.07,0.8,0.8,Matches,32c2d95f
2,Salis Abdul Samed,gh GHA,MF,Clermont Foot,21,2000,27.4,1,18,5,27.8,0.66,0.18,0.06,0.2,21.5,0,0,0,0.7,0.7,0.04,0.3,0.3,Matches,82464ce3
3,Laurent Abergel,fr FRA,MF,Lorient,28,1993,32.8,0,29,7,24.1,0.88,0.21,0,0,24.2,0,0,0,1.5,1.5,0.05,-1.5,-1.5,Matches,31626657
4,Charles Abi,fr FRA,FW,Saint-Étienne,21,2000,0.5,0,0,0,,0,0,,,,0,0,0,0,0,,0,0,Matches,469d3d84
5,Matthis Abline,fr FRA,FW,Rennes,18,2003,1.1,0,2,0,0,1.75,0,0,,9.5,0,0,0,0.3,0.3,0.14,-0.3,-0.3,Matches,0e46fa2f
6,Mohamed Achi,fr FRA,MF,Nantes,19,2002,0.1,0,0,0,,0,0,,,,0,0,0,0,0,,0,0,Matches,1e93fc5d
7,Martin Adeline,fr FRA,MFFW,Reims,17,2003,3.9,0,4,1,25,1.02,0.26,0,0,11.8,0,0,0,0.4,0.4,0.09,-0.4,-0.4,Matches,7587446d
8,Yacine Adli,fr FRA,MFFW,Bordeaux,21,2000,25.1,1,32,15,46.9,1.27,0.6,0.03,0.07,21.2,4,0,0,2,2,0.06,-1,-1,Matches,26777636
9,Lucien Agoume,fr FRA,MF,Brest,19,2002,20.8,0,15,1,6.7,0.72,0.05,0,0,11.9,0,0,0,1.2,1.1,0.07,-1.2,-1.1,Matches,8bc8829a
10,Nayef Aguerd,ma MAR,DF,Rennes,25,1996,30.4,2,25,7,28,0.82,0.23,0.08,0.29,9.4,0,0,0,2.1,2.1,0.08,-0.1,-0.1,Matches,288e1e13
11,Ruben Aguilar,fr FRA,DF,Monaco,28,1993,23.8,0,10,2,20,0.42,0.08,0,0,22.8,0,0,0,0.3,0.3,0.03,-0.3,-0.3,Matches,3dd738a1
12,Anel Ahmedhodzic,ba BIH,DF,Bordeaux,22,1999,15,0,8,4,50,0.53,0.27,0,0,16,0,0,0,0.4,0.4,0.05,-0.4,-0.4,Matches,eab957a3
13,Jean-Eudes Aholou,ci CIV,MF,Strasbourg,27,1994,11.2,1,17,2,11.8,1.52,0.18,0.06,0.5,21.2,0,0,0,1.9,1.9,0.11,-0.9,-0.9,Matches,48b28bfd
14,Ludovic Ajorque,fr FRA,FW,Strasbourg,27,1994,30.4,12,56,24,42.9,1.84,0.79,0.16,0.38,13.5,0,3,3,10.6,8.3,0.15,1.4,0.7,Matches,462475ed
15,Maghnes Akliouche,fr FRA,MFFW,Monaco,19,2002,0.6,0,2,1,50,3.33,1.67,0,0,16,0,0,0,0.1,0.1,0.07,-0.1,-0.1,Matches,b625b241
16,Sofiane Alakouch,ma MAR,DFMF,Metz,23,1998,1.8,0,1,0,0,0.57,0,0,,27.4,0,0,0,0,0,0.02,0,0,Matches,5.31E+70
17,Josué Albert,gf GUF,DF,Clermont Foot,29,1992,0.2,0,1,0,0,4.09,0,0,,19.3,0,0,0,0,0,0.03,0,0,Matches,3d738df0
18,Doğan Alemdar,tr TUR,GK,Rennes,18,2002,12,0,0,0,,0,0,,,,0,0,0,0,0,,0,0,Matches,9e17ccff
19,Mohamed Ali Cho,fr FRA,FW,Angers,17,2004,20.4,4,42,15,35.7,2.06,0.73,0.1,0.27,15.3,0,0,0,6.4,6.4,0.15,-2.4,-2.4,Matches,f8405304
20,Jim Allevinah,ga GAB,FW,Clermont Foot,26,1995,16.5,1,43,15,34.9,2.6,0.91,0.02,0.07,19.2,1,0,0,2.8,2.8,0.07,-1.8,-1.8,Matches,1956b948
21,Ibrahim Amadou,fr FRA,DFMF,Metz,28,1993,9,1,3,2,66.7,0.33,0.22,0.33,0.5,9.4,0,0,0,0.4,0.4,0.13,0.6,0.6,Matches,9260926b
22,Jordan Amavi,fr FRA,DF,Nice,27,1994,4.6,0,0,0,,0,0,,,,0,0,0,0,0,,0,0,Matches,22721b88
23,Jordan Amavi,fr FRA,DFFW,Marseille,27,1994,1.4,0,0,0,,0,0,,,,0,0,0,0,0,,0,0,Matches,22721b88
24,Benjamin André,fr FRA,MF,Lille,30,1990,30.6,2,18,5,27.8,0.59,0.16,0.11,0.4,14.5,0,0,0,1.4,1.4,0.08,0.6,0.6,Matches,ef9c1c95
25,Houssem Aouar,fr FRA,MFFW,Lyon,23,1998,27.8,6,76,24,31.6,2.73,0.86,0.08,0.25,17.9,0,0,0,6.3,6.3,0.08,-0.3,-0.3,Matches,a5db0bec
26,Adil Aouchiche,fr FRA,MFFW,Saint-Étienne,19,2002,12,0,21,10,47.6,1.75,0.83,0,0,22.5,0,0,0,1.2,1.2,0.06,-1.2,-1.2,Matches,b94b8be1
27,Dennis Appiah,fr FRA,DF,Nantes,29,1992,23.3,0,2,0,0,0.09,0,0,,22.2,0,0,0,0,0,0.02,0,0,Matches,feb5d3ab
28,Lorenz Assignon,tg TOG,DF,Rennes,21,2000,6.8,0,6,4,66.7,0.88,0.58,0,0,8.4,0,0,0,0.7,0.7,0.13,-0.7,-0.7,Matches,b026bbf6
29,Youcef Atal,dz ALG,DF,Nice,25,1996,12.7,2,13,5,38.5,1.03,0.39,0.15,0.4,18.7,0,0,0,0.9,0.9,0.07,1.1,1.1,Matches,6a827d8e
30,Jean-Kévin Augustin,fr FRA,FWMF,Nantes,24,1997,0.9,0,2,0,0,2.14,0,0,,18,0,0,0,0.1,0.1,0.06,-0.1,-0.1,Matches,97bfa797
31,Karim Azamoum,fr FRA,DF,Troyes,31,1990,4.3,0,3,3,100,0.7,0.7,0,0,22.4,1,0,0,0.1,0.1,0.04,-0.1,-0.1,Matches,eaf71a5e
32,Loïc Bade,fr FRA,DF,Rennes,21,2000,10.9,0,7,0,0,0.64,0,0,,14.6,0,0,0,0.3,0.3,0.04,-0.3,-0.3,Matches,114bbdee
33,Benoît Badiashile,fr FRA,DF,Monaco,20,2001,20.4,1,14,4,28.6,0.69,0.2,0.07,0.25,10.4,0,0,0,1.6,1.6,0.11,-0.6,-0.6,Matches,06df8256
34,Youssouph Badji,sn SEN,FWMF,Brest,19,2001,1.5,0,2,0,0,1.33,0,0,,16.1,0,0,0,0.1,0.1,0.06,-0.1,-0.1,Matches,6a2b9aee
35,Stéphane Bahoken,cm CMR,FW,Angers,29,1992,12.2,3,24,14,58.3,1.97,1.15,0.13,0.21,17,0,0,0,4.1,4.1,0.17,-1.1,-1.1,Matches,5046b7d4
36,Dénys Bain,fr FRA,DF,Brest,28,1993,2,0,0,0,,0,0,,,,0,0,0,0,0,,0,0,Matches,5065d67d
37,Stefan Bajic,fr FRA,GK,Saint-Étienne,19,2001,5.7,0,0,0,,0,0,,,,0,0,0,0,0,,0,0,Matches,be13e5a8
38,Cédric Bakambu,cd COD,FW,Marseille,30,1991,4,4,19,8,42.1,4.8,2.02,0.21,0.5,13.4,0,0,0,2.6,2.6,0.13,1.4,1.4,Matches,0af4dcf0
39,Abdoulaye Bakayoko,fr FRA,DF,Saint-Étienne,18,2002,3.4,0,0,0,,0,0,,,,0,0,0,0,0,,0,0,Matches,ee95585f
40,Dilane Bakwa,fr FRA,FWMF,Bordeaux,18,2002,0.5,0,2,1,50,4.19,2.09,0,0,18,0,0,0,0.1,0.1,0.05,-0.1,-0.1,Matches,2b5a35e5
41,Ibrahima Baldé,fr FRA,FWMF,Lens,18,2003,0.6,0,0,0,,0,0,,,,0,0,0,0,0,,0,0,Matches,a30cb0d4
42,Leonardo Balerdi,ar ARG,DF,Marseille,22,1999,10.6,0,2,0,0,0.19,0,0,,10.8,0,0,0,0.1,0.1,0.06,-0.1,-0.1,Matches,7c3ed041
43,Abdoulaye Bamba,ci CIV,DFFW,Angers,31,1990,5.1,0,1,0,0,0.2,0,0,,7.3,0,0,0,0.2,0.2,0.24,-0.2,-0.2,Matches,7fecbcdb
44,Jonathan Bamba,fr FRA,MFFW,Lille,25,1996,27,1,51,12,23.5,1.89,0.44,0.02,0.08,19.9,2,0,0,3,3,0.06,-2,-2,Matches,b2bd0f6c
45,Simon Banza,fr FRA,FW,Lens,24,1996,1.4,1,6,4,66.7,4.35,2.9,0.17,0.25,15.5,0,0,0,1,1,0.17,0,0,Matches,be47b750
46,Danilo Barbosa,br BRA,DF,Nice,25,1996,1,0,0,0,,0,0,,,,0,0,0,0,0,,0,0,Matches,0557ff4f
47,Bradley Barcola,fr FRA,FWMF,Lyon,18,2002,2.9,0,5,2,40,1.71,0.68,0,0,13,0,0,0,0.3,0.3,0.06,-0.3,-0.3,Matches,a0d55a09
48,Melvin Bard,fr FRA,DF,Nice,20,2000,28.8,2,5,2,40,0.17,0.07,0.4,1,17.2,0,0,0,0.9,0.9,0.18,1.1,1.1,Matches,1ddbc7ca
49,Toma Bašić,hr CRO,MF,Bordeaux,24,1996,2.3,0,2,0,0,0.86,0,0,,27.1,1,0,0,0,0,0.02,0,0,Matches,80556f08
50,Amine Bassi,fr FRA,MFFW,Metz,23,1997,2,0,4,1,25,1.96,0.49,0,0,26.5,0,0,0,0.2,0.2,0.04,-0.2,-0.2,Matches,ced1d98f
51,Paul Baysse,fr FRA,MFDF,Bordeaux,33,1988,0.1,0,0,0,,0,0,,,,0,0,0,0,0,,0,0,Matches,2515040a
52,Youcef Belaïli,dz ALG,MFFW,Brest,29,1992,9.2,3,16,6,37.5,1.75,0.65,0.19,0.5,15.9,2,0,1,2.8,1.9,0.12,0.2,1.1,Matches,1a248246
53,Haris Belkebla,dz ALG,MF,Brest,27,1994,25.7,0,4,1,25,0.16,0.04,0,0,24.3,0,0,0,0.1,0.1,0.02,-0.1,-0.1,Matches,2b1bed19
54,Jean-Ricner Bellegarde,fr FRA,MF,Strasbourg,23,1998,25.9,2,31,7,22.6,1.2,0.27,0.06,0.29,20.8,2,0,0,1.9,1.9,0.06,0.1,0.1,Matches,10f0fdd3
55,Jeanöel Belocian,fr FRA,DF,Rennes,16,2005,0.1,0,0,0,,0,0,,,,0,0,0,0,0,,0,0,Matches,c678ddd7
56,Hatem Ben Arfa,fr FRA,FWMF,Lille,34,1987,3.5,0,3,1,33.3,0.86,0.29,0,0,16.6,1,0,0,0.3,0.3,0.09,-0.3,-0.3,Matches,74dc806c
57,Salim Ben Seghir,fr FRA,MF,Marseille,18,2003,0,0,0,0,,0,0,,,,0,0,0,0,0,,0,0,Matches,1f6298f2
58,Wissam Ben Yedder,fr FRA,FW,Monaco,30,1990,28.1,25,64,36,56.3,2.28,1.28,0.27,0.47,14.7,4,8,8,18,11.7,0.18,7,5.3,Matches,942b4f90
59,Darío Benedetto,ar ARG,FWMF,Marseille,31,1990,0.6,0,3,0,0,5,0,0,,12.7,0,0,0,0.3,0.3,0.09,-0.3,-0.3,Matches,bef0a7ac
60,Walter Benítez,ar ARG,GK,Nice,28,1993,37,0,0,0,,0,0,,,,0,0,0,0,0,,0,0,Matches,8a2248b4
61,Loris Benito,ch SUI,DF,Bordeaux,29,1992,0.7,0,0,0,,0,0,,,,0,0,0,0,0,,0,0,Matches,f5b6fb78
62,Nabil Bentaleb,dz ALG,MF,Angers,26,1994,16.8,1,15,7,46.7,0.89,0.42,0.07,0.14,22.9,1,0,0,0.6,0.6,0.04,0.4,0.4,Matches,3189f61a
63,Patrick Berg,no NOR,MF,Lens,23,1997,3.4,0,1,0,0,0.29,0,0,,19.9,0,0,0,0,0,0.03,0,0,Matches,e4114f5d
64,Mitchell van Bergen,nl NED,FWMF,Reims,21,1999,10.9,0,12,5,41.7,1.1,0.46,0,0,18,0,0,0,1.2,1.2,0.1,-1.2,-1.2,Matches,0b2c9aec
65,Valon Berisha,xk KVX,MFFW,Reims,28,1993,5.1,0,4,0,0,0.79,0,0,,16.9,0,0,0,0.2,0.2,0.05,-0.2,-0.2,Matches,d5575935
66,Paul Bernardoni,fr FRA,GK,Angers,24,1997,13,0,0,0,,0,0,,,,0,0,0,0,0,,0,0,Matches,28dabd43
67,Paul Bernardoni,fr FRA,GK,Saint-Étienne,24,1997,19,0,0,0,,0,0,,,,0,0,0,0,0,,0,0,Matches,28dabd43
68,Juan Bernat,es ESP,DFMF,Paris S-G,28,1993,10.6,0,1,1,100,0.09,0.09,0,0,15.3,0,0,0,0.1,0.1,0.1,-0.1,-0.1,Matches,433dc9a2
69,Dimitry Bertaud,fr FRA,GK,Montpellier,23,1998,9.3,0,0,0,,0,0,,,,0,0,0,0,0,,0,0,Matches,380a15e2
70,Jason Berthomier,fr FRA,MF,Clermont Foot,31,1990,19.2,1,23,4,17.4,1.2,0.21,0.04,0.25,20.8,6,0,0,1.7,1.7,0.08,-0.7,-0.7,Matches,03e91055
71,Giulian Biancone,fr FRA,DFMF,Troyes,21,2000,25.5,1,28,9,32.1,1.1,0.35,0.04,0.11,18.3,1,0,0,1.7,1.7,0.06,-0.7,-0.7,Matches,de40e38c
72,El Bilal Touré,ml MLI,FW,Reims,19,2001,13.3,2,32,10,31.3,2.41,0.75,0.03,0.1,14,0,1,1,4.1,3.3,0.1,-2.1,-2.3,Matches,47c609d5
73,Jean-Claude Billong,cm CMR,DF,Clermont Foot,27,1993,10.9,0,5,1,20,0.46,0.09,0,0,10.8,0,0,0,0.2,0.2,0.03,-0.2,-0.2,Matches,a3e1d20d
74,Nathan Bitu Mazala,fr FRA,DF,Paris S-G,18,2002,0.1,0,0,0,,0,0,,,,0,0,0,0,0,,0,0,Matches,0f697e02
75,Marco Bizot,nl NED,GK,Brest,30,1991,38,0,0,0,,0,0,,,,0,0,0,0,0,,0,0,Matches,3d214e5f
76,Ludovic Blas,fr FRA,MFFW,Nantes,23,1997,32.9,10,85,32,37.6,2.58,0.97,0.06,0.16,20.6,1,5,5,11.7,7.8,0.09,-1.7,-2.8,Matches,6191093d
77,Myron Boadu,nl NED,FW,Monaco,20,2001,10.7,4,21,8,38.1,1.97,0.75,0.19,0.5,10.5,0,0,0,6.6,6.6,0.32,-2.6,-2.6,Matches,5b479568
78,Jérôme Boateng,de GER,DF,Lyon,32,1988,18,0,5,3,60,0.28,0.17,0,0,17.9,0,0,0,0.3,0.3,0.06,-0.3,-0.3,Matches,2db2fd7b
79,Antonin Bobichon,fr FRA,MFFW,Angers,25,1995,0.4,0,0,0,,0,0,,,,0,0,0,0,0,,0,0,Matches,7d937aa1
80,Quentin Boisgard,fr FRA,MFFW,Lorient,24,1997,10.6,1,16,8,50,1.5,0.75,0.06,0.13,24.6,1,0,0,0.8,0.8,0.05,0.2,0.2,Matches,f6496133
81,Charles Boli,fr FRA,MFDF,Lens,22,1998,0.4,0,0,0,,0,0,,,,0,0,0,0,0,,0,0,Matches,bbdd999a
82,Sven Botman,nl NED,DF,Lille,21,2000,25,3,15,5,33.3,0.6,0.2,0.2,0.6,10.8,0,0,0,1.6,1.6,0.11,1.4,1.4,Matches,ccce7025
83,Denis Bouanga,ga GAB,FWMF,Saint-Étienne,26,1994,27.1,9,84,30,35.7,3.1,1.11,0.11,0.3,18.9,4,0,0,8,8,0.1,1,1,Matches,0b0cbe5b
84,Hicham Boudaoui,dz ALG,MF,Nice,21,1999,18,3,16,5,31.3,0.89,0.28,0.19,0.6,18.1,0,0,0,1.1,1.1,0.07,1.9,1.9,Matches,f9d5908e
85,Ryad Boudebouz,dz ALG,MFFW,Saint-Étienne,31,1990,25,3,27,9,33.3,1.08,0.36,0.07,0.22,24.7,7,1,1,2.3,1.5,0.05,0.7,0.5,Matches,1001ae82
86,Sofiane Boufal,ma MAR,FWMF,Angers,27,1993,25.9,8,60,24,40,2.32,0.93,0.08,0.21,21.7,10,3,3,8.5,6.1,0.11,-0.5,-1.1,Matches,b0c71810
87,Farid Boulaya,dz ALG,MFFW,Metz,28,1993,17,4,19,6,31.6,1.12,0.35,0.21,0.67,24.2,6,0,0,1.5,1.5,0.08,2.5,2.5,Matches,a0791826
88,Ismaëlben Boura,fr FRA,DF,Lens,20,2000,1.1,0,1,0,0,0.95,0,0,,32.3,0,0,0,0,0,0.01,0,0,Matches,62e02107
89,Benjamin Bourigeaud,fr FRA,FWMF,Rennes,27,1994,35.5,11,51,21,41.2,1.44,0.59,0.22,0.52,17.3,8,0,0,5.7,5.7,0.11,5.3,5.3,Matches,20e73fac
90,Redwan Bourles,fr FRA,MFFW,Lorient,18,2003,0.2,0,0,0,,0,0,,,,0,0,0,0,0,,0,0,Matches,5c7895a0
91,Domagoj Bradarić,hr CRO,DF,Lille,21,1999,4.6,0,1,0,0,0.22,0,0,,21.5,0,0,0,0.1,0.1,0.05,-0.1,-0.1,Matches,8bbe2df5
92,Bilal Brahimi,dz ALG,MF,Nice,21,2000,4.2,0,4,0,0,0.95,0,0,,14.5,0,0,0,0.6,0.6,0.16,-0.6,-0.6,Matches,02bcaf8e
93,Bilal Brahimi,dz ALG,FW,Angers,21,2000,3.8,0,6,2,33.3,1.6,0.53,0,0,17.7,0,0,0,0.5,0.5,0.08,-0.5,-0.5,Matches,02bcaf8e
94,Lilian Brassier,fr FRA,DF,Brest,21,1999,25.1,1,11,2,18.2,0.44,0.08,0.09,0.5,18.5,0,0,0,1.1,1.1,0.1,-0.1,-0.1,Matches,5b146df3
95,Jimmy Briand,fr FRA,FWMF,Bordeaux,35,1985,2.5,2,8,2,25,3.19,0.8,0.13,0.5,17.2,0,1,2,2.2,0.7,0.08,-0.2,0.3,Matches,f83c8d6c
96,Dylan Bronn,tn TUN,DF,Metz,26,1995,28.3,1,15,7,46.7,0.53,0.25,0.07,0.14,13.6,0,0,0,1.8,1.8,0.12,-0.8,-0.8,Matches,edd81e2a
97,Osman Bukari,gh GHA,FWMF,Nantes,22,1998,11.2,2,20,9,45,1.78,0.8,0.1,0.22,18.2,0,0,0,1.4,1.4,0.07,0.6,0.6,Matches,eab85789
98,Maxime Busi,be BEL,DF,Reims,21,1999,14.4,1,6,2,33.3,0.42,0.14,0.17,0.5,13.6,0,0,0,0.6,0.6,0.1,0.4,0.4,Matches,7b082ec2
99,Oriol Busquets,es ESP,MF,Clermont Foot,22,1999,2.2,0,1,0,0,0.45,0,0,,23.9,0,0,0,0.1,0.1,0.06,-0.1,-0.1,Matches,49712367
100,Marcin Bułka,pl POL,GK,Nice,21,1999,1,0,0,0,,0,0,,,,0,0,0,0,0,,0,0,Matches,db87a2c4
101,Rémy Cabella,fr FRA,MFFW,Montpellier,31,1990,3.5,0,2,0,0,0.58,0,0,,10.3,0,0,0,0.3,0.3,0.14,-0.3,-0.3,Matches,148e136f
102,Jimmy Cabot,fr FRA,DF,Angers,27,1994,22.3,0,11,3,27.3,0.49,0.13,0,0,22.4,0,0,0,0.4,0.4,0.04,-0.4,-0.4,Matches,46359159
103,Anthony Caci,fr FRA,DF,Strasbourg,24,1997,26.6,1,15,4,26.7,0.56,0.15,0.07,0.25,18.1,0,0,0,0.9,0.9,0.06,0.1,0.1,Matches,0118c54c
104,Mathieu Cafaro,fr FRA,MFFW,Reims,24,1997,2.1,0,6,2,33.3,2.81,0.94,0,0,22.5,1,0,0,0.4,0.4,0.07,-0.4,-0.4,Matches,2a657da0
105,Yannick Cahuzac,fr FRA,MF,Lens,36,1985,6.9,0,1,0,0,0.15,0,0,,17,0,0,0,0,0,0.03,0,0,Matches,677ee102
106,Marc-Aurèle Caillard,fr FRA,GK,Metz,27,1994,17.1,0,0,0,,0,0,,,,0,0,0,0,0,,0,0,Matches,5ee6e943
107,Jens Cajuste,se SWE,MFFW,Reims,21,1999,4,2,8,6,75,1.98,1.48,0.13,0.17,16.9,0,1,1,1.7,0.9,0.12,0.3,0.1,Matches,928a4a61
108,Duje Ćaleta-Car,hr CRO,DF,Marseille,24,1996,22.9,2,12,4,33.3,0.53,0.18,0.17,0.5,10.6,0,0,0,1.8,1.8,0.15,0.2,0.2,Matches,94f8d10c
109,Lucas Calodat,fr FRA,DF,Saint-Étienne,19,2002,0,0,0,0,,0,0,,,,0,0,0,0,0,,0,0,Matches,7a72e960
110,Mahdi Camara,fr FRA,MFDF,Saint-Étienne,23,1998,34.1,3,28,15,53.6,0.82,0.44,0.11,0.2,18.7,0,0,0,2.5,2.5,0.09,0.5,0.5,Matches,8577e60a
111,Mamadou Camara,fr FRA,FW,Troyes,20,2001,0.4,0,1,1,100,2.25,2.25,0,0,12.6,0,0,0,0.1,0.1,0.09,-0.1,-0.1,Matches,316e70c7
112,Eduardo Camavinga,fr FRA,MF,Rennes,18,2002,1.6,0,0,0,,0,0,,,,0,0,0,0,0,,0,0,Matches,7b9c2d84
113,Fali Candé,gw GNB,DF,Metz,23,1998,10.8,0,6,2,33.3,0.55,0.18,0,0,27,3,0,0,0.3,0.3,0.05,-0.3,-0.3,Matches,3cc4bb19
114,Pierrick Capelle,fr FRA,MFDF,Angers,34,1987,13.3,0,17,1,5.9,1.28,0.08,0,0,19.5,0,0,0,1.5,1.5,0.09,-1.5,-1.5,Matches,79b2399c
115,Maxence Caqueret,fr FRA,MF,Lyon,21,2000,25.9,0,15,2,13.3,0.58,0.08,0,0,22.3,0,0,0,0.7,0.7,0.05,-0.7,-0.7,Matches,f81ef10d
116,Irvin Cardona,fr FRA,FWMF,Brest,23,1997,14.8,4,26,12,46.2,1.75,0.81,0.15,0.33,15.4,0,0,0,2.9,2.9,0.11,1.1,1.1,Matches,5e080f73
117,Igor Carioca,br BRA,DF,Lorient,24,1996,17.5,0,14,6,42.9,0.8,0.34,0,0,22.7,0,0,0,0.4,0.4,0.03,-0.4,-0.4,Matches,e3e32fbb
118,Moreto Cassamã,gw GNB,MF,Reims,23,1998,8.9,2,11,7,63.6,1.24,0.79,0.18,0.29,26.8,0,0,0,0.6,0.6,0.06,1.4,1.4,Matches,f54d2149
119,Jean-Charles Castelletto,cm CMR,DF,Nantes,26,1995,27.9,1,16,4,25,0.57,0.14,0.06,0.25,10.8,0,0,0,1.2,1.2,0.08,-0.2,-0.2,Matches,e0f3a1f6
120,Zeki Çelik,tr TUR,DF,Lille,24,1997,30,2,23,3,13,0.77,0.1,0.09,0.67,19.5,0,0,0,1.1,1.1,0.05,0.9,0.9,Matches,31a62dc7
121,Fabien Centonze,fr FRA,DF,Metz,25,1996,17.6,4,15,7,46.7,0.85,0.4,0.27,0.57,20.8,0,0,0,0.7,0.7,0.05,3.3,3.3,Matches,3c6bbbab
122,Leonardo César Jardim,br BRA,GK,Lille,26,1995,17,0,0,0,,0,0,,,,,0,0,,,,,,Matches,f5dfc256
123,El Chadaille Bitshiabu,fr FRA,DF,Paris S-G,16,2005,0.1,0,0,0,,0,0,,,,0,0,0,0,0,,0,0,Matches,2180c761
124,Nassim Chadli,fr FRA,MFDF,Troyes,20,2001,1.1,0,2,0,0,1.87,0,0,,22.2,0,0,0,0.1,0.1,0.04,-0.1,-0.1,Matches,5c61496e
125,Mehdi Chahiri,ma MAR,DF,Strasbourg,25,1996,0.2,0,0,0,,0,0,,,,0,0,0,0,0,,0,0,Matches,1787195f
126,Dylan Chambost,fr FRA,MFFW,Troyes,23,1997,8.4,0,10,1,10,1.2,0.12,0,0,20.6,1,0,0,0.6,0.6,0.06,-0.6,-0.6,Matches,dbde4959
127,Brendan Chardonnet,fr FRA,DF,Brest,26,1994,29.8,3,14,6,42.9,0.47,0.2,0.21,0.5,13.7,0,0,0,1.4,1.4,0.1,1.6,1.6,Matches,16aa7d4c
128,Xavier Chavalerin,fr FRA,MF,Troyes,30,1991,30.2,5,31,10,32.3,1.03,0.33,0.16,0.5,19,0,0,0,1.4,1.4,0.05,3.6,3.6,Matches,279ddf6a
129,Xavier Chavalerin,fr FRA,MF,Reims,30,1991,2.4,0,3,0,0,1.23,0,0,,19.4,0,0,0,0.3,0.3,0.08,-0.3,-0.3,Matches,279ddf6a
130,Rayan Cherki,fr FRA,FWMF,Lyon,17,2003,4.9,0,14,3,21.4,2.86,0.61,0,0,21.2,0,0,0,0.6,0.6,0.04,-0.6,-0.6,Matches,b34c63a5
131,Pedro Chirivella,es ESP,MF,Nantes,24,1997,29.3,3,21,6,28.6,0.72,0.2,0.14,0.5,21.2,0,0,0,1,1,0.05,2,2,Matches,68a26d51
132,Joris Chotard,fr FRA,MF,Montpellier,19,2001,32.6,1,18,3,16.7,0.55,0.09,0.06,0.33,20.9,0,0,0,0.9,0.9,0.05,0.1,0.1,Matches,7909ffa4
133,Alexis Claude-Maurice,fr FRA,MF,Nice,23,1998,2.3,0,6,1,16.7,2.58,0.43,0,0,18.2,0,0,0,0.4,0.4,0.07,-0.4,-0.4,Matches,741418c3
134,Jonathan Clauss,fr FRA,DF,Lens,28,1992,33.8,5,40,16,40,1.18,0.47,0.13,0.31,22.1,12,0,0,3,3,0.07,2,2,Matches,5219ab4a
135,Marcus Coco,fr FRA,MFFW,Nantes,25,1996,10.3,1,12,3,25,1.16,0.29,0.08,0.33,17.4,0,0,0,0.7,0.7,0.06,0.3,0.3,Matches,3010aefb
136,Abdu Conté,pt POR,DF,Troyes,23,1998,15,0,5,1,20,0.33,0.07,0,0,15.5,0,0,0,0.2,0.2,0.04,-0.2,-0.2,Matches,cfa49cc1
137,Sébastien Corchia,fr FRA,DF,Nantes,30,1990,14.7,0,11,3,27.3,0.75,0.2,0,0,27.7,4,0,0,0.4,0.4,0.04,-0.4,-0.4,Matches,0e7ccfc4
138,Maxwel Cornet,ci CIV,DF,Lyon,24,1996,0.7,0,0,0,,0,0,,,,0,0,0,0,0,,0,0,Matches,beb391dd
139,David Pereira da Costa,pt POR,MFFW,Lens,20,2001,16.3,3,25,8,32,1.54,0.49,0.12,0.38,19.9,0,0,0,2.1,2.1,0.08,0.9,0.9,Matches,59948ef7
140,Benoît Costil,fr FRA,GK,Bordeaux,34,1987,25,0,0,0,,0,0,,,,0,0,0,0,0,,0,0,Matches,2434f24a
141,Kalifa Coulibaly,ml MLI,FW,Nantes,29,1991,9.4,5,26,10,38.5,2.75,1.06,0.19,0.5,9.2,0,0,0,4.7,4.7,0.18,0.3,0.3,Matches,9980269a
142,Nicolas Cozza,fr FRA,DF,Montpellier,22,1999,30.8,2,6,3,50,0.19,0.1,0.33,0.67,14.5,0,0,0,1.6,1.6,0.26,0.4,0.4,Matches,8f325097
143,Enzo Crivelli,fr FRA,FWMF,Saint-Étienne,26,1995,1.1,0,3,1,33.3,2.65,0.88,0,0,14.1,0,0,0,0.5,0.5,0.18,-0.5,-0.5,Matches,06f33dc8
144,Wylan Cyprien,fr FRA,MF,Nantes,26,1995,16.6,2,20,8,40,1.21,0.48,0.1,0.25,24.4,2,0,0,0.8,0.8,0.04,1.2,1.2,Matches,3e092724
145,Lucas Da Cunha,fr FRA,MF,Nice,20,2001,4.4,0,10,3,30,2.29,0.69,0,0,24.4,1,0,0,0.8,0.8,0.08,-0.8,-0.8,Matches,007faf7a
146,Lucas Da Cunha,fr FRA,FWMF,Clermont Foot,20,2001,9.3,2,18,6,33.3,1.94,0.65,0.11,0.33,19.8,0,0,0,1.7,1.7,0.09,0.3,0.3,Matches,007faf7a
147,Damien Da Silva,fr FRA,DF,Lyon,33,1988,12.5,0,12,1,8.3,0.96,0.08,0,0,10.7,0,0,0,0.3,0.3,0.03,-0.3,-0.3,Matches,1ec7e1c5
148,Colin Dagba,fr FRA,DF,Paris S-G,22,1998,1.8,0,0,0,,0,0,,,,0,0,0,0,0,,0,0,Matches,29c02c9f
149,Flavius Daniliuc,at AUT,DF,Nice,20,2001,14.4,0,4,0,0,0.28,0,0,,10.3,0,0,0,0.2,0.2,0.06,-0.2,-0.2,Matches,7ef972c3
150,Kevin Danso,at AUT,DF,Lens,22,1998,31,2,13,4,30.8,0.42,0.13,0.15,0.5,10.6,0,0,0,1.7,1.7,0.13,0.3,0.3,Matches,6e33125f
151,Dante,br BRA,DF,Nice,37,1983,31.9,0,12,2,16.7,0.38,0.06,0,0,14.2,0,0,0,0.5,0.5,0.04,-0.5,-0.5,Matches,fd2bc67d
152,Jonathan David,ca CAN,FW,Lille,21,2000,31.2,15,67,30,44.8,2.15,0.96,0.19,0.43,13.8,0,2,3,14.6,12.3,0.18,0.4,0.7,Matches,ce50fd99
153,Konrad De La Fuente,us USA,FWMF,Marseille,20,2001,8.7,0,15,4,26.7,1.72,0.46,0,0,17.3,0,0,0,1,1,0.06,-1,-1,Matches,4b77bb89
154,Romain Del Castillo,fr FRA,MFFW,Rennes,25,1996,0.3,0,1,0,0,3.21,0,0,,21.9,1,0,0,0.2,0.2,0.22,-0.2,-0.2,Matches,0be95d34
155,Romain Del Castillo,fr FRA,MFFW,Brest,25,1996,10.8,0,12,3,25,1.11,0.28,0,0,20.9,0,0,0,0.6,0.6,0.05,-0.6,-0.6,Matches,0be95d34
156,Thomas Delaine,fr FRA,DF,Metz,29,1992,25.7,1,18,5,27.8,0.7,0.19,0.06,0.2,25.5,0,0,0,1,1,0.06,0,0,Matches,8332db56
157,Sacha Delaye,fr FRA,MFFW,Montpellier,19,2002,2.9,0,3,0,0,1.03,0,0,,20.5,0,0,0,0.1,0.1,0.04,-0.1,-0.1,Matches,e4448c8c
158,Andy Delort,dz ALG,FW,Nice,29,1991,27.2,16,95,37,38.9,3.49,1.36,0.14,0.35,16.9,7,3,3,14.6,12.2,0.13,1.4,0.8,Matches,d33c706e
159,Andy Delort,dz ALG,FW,Montpellier,29,1991,3,2,14,5,35.7,4.68,1.67,0.14,0.4,15.9,0,0,0,1.3,1.3,0.1,0.7,0.7,Matches,d33c706e
160,Moussa Dembélé,fr FRA,FW,Lyon,25,1996,24.5,21,83,37,44.6,3.38,1.51,0.19,0.43,12.7,0,5,5,19.3,15.3,0.19,1.7,0.7,Matches,e7986081
161,Jason Denayer,be BEL,DF,Lyon,26,1995,11.1,3,6,4,66.7,0.54,0.36,0.5,0.75,7.7,0,0,0,1.6,1.6,0.27,1.4,1.4,Matches,47af88b8
162,Arthur Desmas,fr FRA,GK,Clermont Foot,27,1994,14.5,0,0,0,,0,0,,,,0,0,0,0,0,,0,0,Matches,e8c5dd4d
163,Ángel Di María,ar ARG,FW,Paris S-G,33,1988,18.3,5,51,22,43.1,2.79,1.2,0.1,0.23,19.7,1,0,0,5.4,5.4,0.11,-0.4,-0.4,Matches,19cda00b
164,Yadaly Diaby,fr FRA,FWMF,Clermont Foot,20,2000,0.7,0,2,0,0,2.69,0,0,,14.9,0,0,0,0.3,0.3,0.13,-0.3,-0.3,Matches,5630a6e0
165,Ibrahim Diakité,gn GUI,MF,Reims,17,2003,0,0,0,0,,0,0,,,,0,0,0,0,0,,0,0,Matches,d8c19a60
166,Abdou Diallo,sn SEN,DF,Paris S-G,25,1996,9.7,0,2,1,50,0.21,0.1,0,0,16.3,0,0,0,0.1,0.1,0.04,-0.1,-0.1,Matches,fc62f087
167,Habib Diallo,sn SEN,FW,Strasbourg,26,1995,17.1,11,49,21,42.9,2.86,1.23,0.18,0.43,13.2,0,2,2,8.8,7.2,0.15,2.2,1.8,Matches,6605d143
168,Mouhamadou Diarra,sn SEN,MF,Strasbourg,17,2004,1.2,0,0,0,,0,0,,,,0,0,0,0,0,,0,0,Matches,6d0fe035
169,Stéphane Diarra,fr FRA,MFFW,Lorient,22,1998,5.8,0,13,4,30.8,2.23,0.69,0,0,18.8,0,0,0,1.1,1.1,0.08,-1.1,-1.1,Matches,29939a1d
170,Krépin Diatta,sn SEN,MFDF,Monaco,22,1999,3.2,1,3,3,100,0.95,0.95,0.33,0.33,17.4,0,0,0,0.1,0.1,0.05,0.9,0.9,Matches,8104e41e
171,Bamba Dieng,sn SEN,FW,Marseille,21,2000,10.8,7,36,18,50,3.32,1.66,0.17,0.33,11.9,0,1,1,7.8,7.1,0.2,-0.8,-1.1,Matches,40774c6b
172,Elhadji Dieye,sn SEN,FWMF,Saint-Étienne,19,2002,0.4,0,2,0,0,5.29,0,0,,17.9,0,0,0,0.1,0.1,0.05,-0.1,-0.1,Matches,6a04bb7c
173,Javairô Dilrosun,nl NED,MFFW,Bordeaux,23,1998,19.2,2,40,10,25,2.08,0.52,0.05,0.2,22.4,5,0,0,2.6,2.6,0.07,-0.6,-0.6,Matches,34a0f5ff
174,Junior Dina Ebimbe,fr FRA,MF,Paris S-G,20,2000,3.5,0,4,1,25,1.14,0.28,0,0,25.3,0,0,0,0.1,0.1,0.03,-0.1,-0.1,Matches,95bb6ddc
175,Tristan Dingomé,cm CMR,MFFW,Troyes,30,1991,12,2,20,4,20,1.67,0.33,0.1,0.5,22.8,1,0,0,0.8,0.8,0.04,1.2,1.2,Matches,92b56413
176,Sinaly Diomande,ci CIV,DF,Lyon,20,2001,6.4,0,3,0,0,0.47,0,0,,10.3,0,0,0,0.2,0.2,0.08,-0.2,-0.2,Matches,6de23ab0
177,Sofiane Diop,fr FRA,MFFW,Monaco,21,2000,21.6,6,37,13,35.1,1.71,0.6,0.16,0.46,17.2,2,0,0,5.6,5.6,0.15,0.4,0.4,Matches,1.91E+35
178,Andy Diouf,fr FRA,MF,Rennes,18,2003,0.2,0,0,0,,0,0,,,,0,0,0,0,0,,0,0,Matches,9b5237b1
179,Assane Dioussé,sn SEN,MF,Saint-Étienne,23,1997,0.3,0,0,0,,0,0,,,,0,0,0,0,0,,0,0,Matches,7f622eef
180,Axel Disasi,fr FRA,DF,Monaco,23,1998,30.2,1,20,2,10,0.66,0.07,0.05,0.5,10.9,0,0,0,2.1,2.1,0.11,-1.1,-1.1,Matches,ad82197c
181,Tiago Djaló,pt POR,DF,Lille,21,2000,25.9,1,12,5,41.7,0.46,0.19,0.08,0.2,12.6,0,0,0,1.4,1.4,0.12,-0.4,-0.4,Matches,b2336681
182,Alexander Djiku,gh GHA,DF,Strasbourg,26,1994,29.9,1,15,7,46.7,0.5,0.23,0.07,0.14,11.3,0,0,0,2.1,2.1,0.14,-1.1,-1.1,Matches,43e7a164
183,Bryan Djile Nokoué,cm CMR,DFMF,Saint-Étienne,19,2002,0.6,0,0,0,,0,0,,,,0,0,0,0,0,,0,0,Matches,75186a6a
184,Ouparine Djoco,sn SEN,GK,Clermont Foot,23,1998,23.5,0,0,0,,0,0,,,,0,0,0,0,0,,0,0,Matches,62124972
185,Jeremy Doku,be BEL,FWMF,Rennes,19,2002,5.2,1,5,2,40,0.96,0.38,0.2,0.5,15.1,0,0,0,0.7,0.7,0.14,0.3,0.3,Matches,fffea3e5
186,Kasper Dolberg,dk DEN,FW,Nice,23,1997,16.6,6,38,13,34.2,2.29,0.78,0.11,0.31,16.2,0,2,2,6.4,4.8,0.13,-0.4,-0.8,Matches,cc83b74d
187,Brandon Domingues,fr FRA,MFFW,Troyes,21,2000,2.6,1,4,2,50,1.56,0.78,0.25,0.5,19.6,0,0,0,0.7,0.7,0.17,0.3,0.3,Matches,2a00c6c0
188,Anastasios Donis,gr GRE,FWMF,Reims,24,1996,4.1,0,10,0,0,2.43,0,0,,19.4,0,0,0,0.9,0.9,0.09,-0.9,-0.9,Matches,0f26fd24
189,Gianluigi Donnarumma,it ITA,GK,Paris S-G,22,1999,17,0,0,0,,0,0,,,,0,0,0,0,0,,0,0,Matches,08f5afaa
190,Jodel Dossou,bj BEN,FW,Clermont Foot,29,1992,22.3,3,52,17,32.7,2.33,0.76,0.06,0.18,17.1,0,0,0,5,5,0.1,-2,-2,Matches,a1dbfcb1
191,Lohann Doucet,fr FRA,MFDF,Nantes,18,2002,0.1,0,0,0,,0,0,,,,0,0,0,0,0,,0,0,Matches,dff0c299
192,Cheick Doucouré,ml MLI,MF,Lens,21,2000,32.7,1,31,11,35.5,0.95,0.34,0.03,0.09,22.9,0,0,0,1.6,1.6,0.05,-0.6,-0.6,Matches,ce4f40c7
193,Fodé Doucouré,ml MLI,DFFW,Reims,20,2001,1.7,0,0,0,,0,0,,,,0,0,0,0,0,,0,0,Matches,1bfe34dc
194,Ismaël Doukouré,fr FRA,DF,Strasbourg,18,2003,0.2,0,0,0,,0,0,,,,0,0,0,0,0,,0,0,Matches,0512a60a
195,Kamory Doumbia,ml MLI,MFFW,Reims,18,2003,3.9,2,4,2,50,1.02,0.51,0.5,1,17,0,0,0,0.6,0.6,0.16,1.4,1.4,Matches,9226aa22
196,Moussa Doumbia,ml MLI,FW,Reims,26,1994,1,0,3,2,66.7,3.14,2.09,0,0,26.7,0,0,1,0.9,0.1,0.04,-0.9,-0.1,Matches,6481421d
197,Souleyman Doumbia,ci CIV,DFFW,Angers,24,1996,24.7,0,14,3,21.4,0.57,0.12,0,0,20.6,0,0,0,0.8,0.8,0.06,-0.8,-0.8,Matches,9daeac61
198,Julian Draxler,de GER,FWMF,Paris S-G,27,1993,6.1,2,9,3,33.3,1.48,0.49,0.22,0.67,15.4,0,0,0,1.5,1.5,0.16,0.5,0.5,Matches,1a992676
199,Matthieu Dreyer,fr FRA,GK,Lorient,32,1989,16,0,0,0,,0,0,,,,0,0,0,0,0,,0,0,Matches,fbf83734
200,Leo Dubois,fr FRA,DF,Lyon,26,1994,19.4,0,10,1,10,0.52,0.05,0,0,20.8,0,0,0,0.8,0.8,0.08,-0.8,-0.8,Matches,ff0ab48c
201,Jean-Kevin Duverne,fr FRA,DF,Brest,24,1997,33.4,1,12,3,25,0.36,0.09,0.08,0.33,17.1,0,0,0,1,1,0.08,0,0,Matches,0cbc8baa
202,Enzo Ebosse,cm CMR,DF,Angers,22,1999,21,0,3,0,0,0.14,0,0,,17.5,0,0,0,0.1,0.1,0.05,-0.1,-0.1,Matches,9ba7b4fa
203,Hugo Ekitike,fr FRA,FW,Reims,19,2002,14.1,10,29,16,55.2,2.05,1.13,0.31,0.56,14.4,0,1,2,6.5,4.8,0.18,3.5,4.2,Matches,5b92d896
204,Alberth Elis,hn HON,FWMF,Bordeaux,25,1996,15.7,9,30,11,36.7,1.92,0.7,0.3,0.82,13.9,0,0,1,6.5,5.7,0.19,2.5,3.3,Matches,104b4ad3
205,Sepe Elye Wahi,fr FRA,FW,Montpellier,18,2003,19.8,10,43,20,46.5,2.17,1.01,0.23,0.5,12.9,0,0,0,7.8,7.8,0.18,2.2,2.2,Matches,0d7b6576
206,Renaud Emond,be BEL,FWMF,Nantes,29,1991,2.1,0,1,0,0,0.47,0,0,,49.6,0,0,0,0,0,0.02,0,0,Matches,5c9ac7f0
207,Maxime Estève,fr FRA,DF,Montpellier,19,2002,20.6,0,5,1,20,0.24,0.05,0,0,7.5,0,0,0,0.9,0.9,0.18,-0.9,-0.9,Matches,1a066e69
208,Fábio,br BRA,DF,Nantes,31,1990,18.5,0,11,1,9.1,0.59,0.05,0,0,17.7,0,0,0,1,1,0.09,-1,-1,Matches,bc7b4580
209,Cesc Fàbregas,es ESP,MF,Monaco,34,1987,0.4,0,0,0,,0,0,,,,0,0,0,0,0,,0,0,Matches,33508c78
210,Wout Faes,be BEL,DF,Reims,23,1998,37,4,22,9,40.9,0.59,0.24,0.18,0.44,13.6,0,0,0,2.1,2.1,0.1,1.9,1.9,Matches,9c221d14
211,Romain Faivre,fr FRA,FWMF,Lyon,23,1998,9.9,3,20,6,30,2.02,0.61,0.15,0.5,18.4,1,0,0,1.8,1.8,0.09,1.2,1.2,Matches,745ca0a3
212,Romain Faivre,fr FRA,MF,Brest,23,1998,19.9,7,32,12,37.5,1.6,0.6,0.06,0.17,23.1,5,5,5,6.5,2.5,0.08,0.5,-0.5,Matches,745ca0a3
213,Wuilker Faríñez,ve VEN,GK,Lens,23,1998,12.3,0,0,0,,0,0,,,,0,0,0,0,0,,0,0,Matches,2c127b6f
214,Noah Fatar,fr FRA,DFMF,Angers,19,2002,0.1,0,0,0,,0,0,,,,0,0,0,0,0,,0,0,Matches,2693f6bc
215,Julien Faussurier,fr FRA,MFDF,Brest,34,1987,5.4,0,4,3,75,0.74,0.55,0,0,15.4,0,0,0,0.4,0.4,0.09,-0.4,-0.4,Matches,7.67E+11
216,Jordan Ferri,fr FRA,MF,Montpellier,29,1992,32.3,0,14,2,14.3,0.43,0.06,0,0,25.8,0,0,0,0.3,0.3,0.02,-0.3,-0.3,Matches,375622c5
217,Karol Fila,pl POL,DF,Strasbourg,23,1998,6.2,0,0,0,,0,0,,,,0,0,0,0,0,,0,0,Matches,50ac8941
218,Alexis Flips,fr FRA,MFDF,Reims,21,2000,11.7,2,18,9,50,1.53,0.77,0.06,0.11,25,1,1,1,2,1.2,0.07,0,-0.2,Matches,caef7840
219,Mamadou Fofana,ml MLI,DF,Metz,23,1998,0.4,0,0,0,,0,0,,,,0,0,0,0,0,,0,0,Matches,4c4ffacc
220,Seko Fofana,ci CIV,MF,Lens,26,1995,37.3,8,97,32,33,2.6,0.86,0.08,0.25,21,0,0,0,6.4,6.4,0.07,1.6,1.6,Matches,5313ed43
221,Youssouf Fofana,fr FRA,MF,Monaco,22,1999,24.3,0,30,6,20,1.23,0.25,0,0,26.4,2,0,0,1.1,1.1,0.04,-1.1,-1.1,Matches,822d51d7
222,Thomas Foket,be BEL,DFFW,Reims,26,1994,24.8,1,8,3,37.5,0.32,0.12,0.13,0.33,13.6,0,0,0,0.6,0.6,0.07,0.4,0.4,Matches,90eb507d
223,Thomas Fontaine,mg MAD,DF,Lorient,30,1991,1.9,0,0,0,,0,0,,,,0,0,0,0,0,,0,0,Matches,9f90c06b
224,José Fonte,pt POR,DF,Lille,37,1983,38,0,21,6,28.6,0.55,0.16,0,0,11.2,0,0,0,1.4,1.4,0.06,-1.4,-1.4,Matches,90f87966
225,Steven Fortes,cv CPV,DF,Lens,29,1992,1,0,0,0,,0,0,,,,0,0,0,0,0,,0,0,Matches,574aa9ec
226,Przemysław Frankowski,pl POL,DF,Lens,26,1995,27.2,6,34,13,38.2,1.25,0.48,0.18,0.46,17.9,0,0,0,2.4,2.4,0.07,3.6,3.6,Matches,00a8d210
227,Fransérgio,br BRA,MF,Bordeaux,30,1990,14,0,14,2,14.3,1,0.14,0,0,21.7,1,0,0,1.3,1.3,0.09,-1.3,-1.3,Matches,deba6b05
228,Angelo Fulgini,fr FRA,MFFW,Angers,24,1996,32.5,5,58,17,29.3,1.78,0.52,0.09,0.29,16.5,3,0,0,5.8,5.8,0.1,-0.8,-0.8,Matches,4b96c347
229,Gauthier Gallon,fr FRA,GK,Troyes,28,1993,31,0,0,0,,0,0,,,,0,0,0,0,0,,0,0,Matches,db3164e1
230,Kévin Gameiro,fr FRA,FW,Strasbourg,34,1987,26.5,11,65,25,38.5,2.45,0.94,0.15,0.4,14.2,0,1,3,13.3,10.9,0.17,-2.3,-0.9,Matches,42276181
231,Idrissa Gana Gueye,sn SEN,MF,Paris S-G,31,1989,18.2,3,24,7,29.2,1.32,0.38,0.13,0.43,23.6,0,0,0,1.4,1.4,0.06,1.6,1.6,Matches,72c812f3
232,Ignatius Ganago,cm CMR,FW,Lens,22,1999,11.4,5,31,10,32.3,2.72,0.88,0.16,0.5,13.2,0,0,0,4.2,4.2,0.14,0.8,0.8,Matches,23c63b7f
233,Djeidi Gassama,fr FRA,FW,Paris S-G,17,2003,0,0,0,0,,0,0,,,,0,0,0,0,0,,0,0,Matches,bbdb2789
234,Johan Gastien,fr FRA,MF,Clermont Foot,33,1988,30.5,0,24,7,29.2,0.79,0.23,0,0,23.5,1,0,0,0.8,0.8,0.03,-0.8,-0.8,Matches,868eaba0
235,Valère Germain,fr FRA,FW,Montpellier,31,1990,21.9,4,32,16,50,1.46,0.73,0.13,0.25,12.5,0,0,0,4.4,4.4,0.14,-0.4,-0.4,Matches,ea0ff634
236,Gerson,br BRA,MFFW,Marseille,24,1997,28.3,9,45,18,40,1.59,0.64,0.2,0.5,17.2,0,0,0,4.9,4.9,0.11,4.1,4.1,Matches,8827bf46
237,Willem Geubbels,fr FRA,FWMF,Nantes,19,2001,6,2,12,3,25,1.99,0.5,0.17,0.67,17,0,0,0,1.8,1.8,0.15,0.2,0.2,Matches,9836e892
238,Ismaël Gharbi,es ESP,FW,Paris S-G,17,2004,0,0,0,0,,0,0,,,,0,0,0,0,0,,0,0,Matches,5b3cfa12
239,Lamine Ghezali,fr FRA,DF,Saint-Étienne,22,1999,0,0,0,0,,0,0,,,,0,0,0,0,0,,0,0,Matches,ce84946a
240,Nicholas Gioacchini,us USA,FWMF,Montpellier,21,2000,5.5,0,11,2,18.2,1.99,0.36,0,0,11,0,0,0,1.4,1.4,0.13,-1.4,-1.4,Matches,79ab7593
241,Jimmy Giraudon,fr FRA,DF,Troyes,29,1992,18,0,0,0,,0,0,,,,0,0,0,0,0,,0,0,Matches,6ba71da5
242,Andrei Girotto,br BRA,DFMF,Nantes,29,1992,35,6,45,10,22.2,1.29,0.29,0.13,0.6,16.1,3,0,0,2.9,2.9,0.06,3.1,3.1,Matches,3befc2b6
243,Aleksandr Golovin,ru RUS,FWMF,Monaco,25,1996,16.7,3,23,7,30.4,1.38,0.42,0.13,0.43,19.8,1,0,0,2.7,2.7,0.12,0.3,0.3,Matches,3708e9fa
244,Angel Gomes,eng ENG,MFFW,Lille,20,2000,10.6,1,14,2,14.3,1.32,0.19,0.07,0.5,19.6,0,0,0,1.1,1.1,0.08,-0.1,-0.1,Matches,645a3363
245,Alfred Gomis,sn SEN,GK,Rennes,27,1993,25,0,0,0,,0,0,,,,0,0,0,0,0,,0,0,Matches,cecbce23
246,Vagner Gonçalves,cv CPV,FW,Metz,25,1996,1,0,1,1,100,1.05,1.05,0,0,7.7,0,0,0,0.2,0.2,0.18,-0.2,-0.2,Matches,743fd71f
247,Álvaro González,es ESP,DF,Marseille,31,1990,5,0,2,0,0,0.4,0,0,,6.9,0,0,0,0.2,0.2,0.11,-0.2,-0.2,Matches,42dcf26d
248,Amine Gouiri,fr FRA,FWMF,Nice,21,2000,30.6,10,71,33,46.5,2.32,1.08,0.1,0.21,18.2,2,3,5,11.8,7.9,0.11,-1.8,-0.9,Matches,aad56ca3
249,Lucas Gourna-Douath,fr FRA,MF,Saint-Étienne,17,2003,20,1,12,2,16.7,0.6,0.1,0.08,0.5,17.2,0,0,0,1.3,1.3,0.11,-0.3,-0.3,Matches,3cd7820a
250,Jonathan Gradit,fr FRA,DF,Lens,28,1992,34.1,0,5,0,0,0.15,0,0,,30,0,0,0,0.1,0.1,0.02,-0.1,-0.1,Matches,06c48679
251,Andrew Gravillon,gp GLP,DF,Reims,23,1998,23.7,0,16,4,25,0.67,0.17,0,0,20.5,2,0,0,0.8,0.8,0.05,-0.8,-0.8,Matches,49136c42
252,Adrian Grbić,at AUT,FWMF,Lorient,24,1996,5.8,1,12,7,58.3,2.08,1.22,0.08,0.14,19,4,0,0,1.7,1.7,0.14,-0.7,-0.7,Matches,4a987ffa
253,Ivo Grbić,hr CRO,GK,Lille,25,1996,21,0,0,0,,0,0,,,,0,0,0,0,0,,0,0,Matches,3f034750
254,Etienne Green,eng ENG,GK,Saint-Étienne,21,2000,13.3,0,0,0,,0,0,,,,0,0,0,0,0,,0,0,Matches,667b65da
255,Gabriel Gudmundsson,se SWE,DFMF,Lille,22,1999,14.9,1,19,6,31.6,1.27,0.4,0.05,0.17,17,0,0,0,2.2,2.2,0.12,-1.2,-1.2,Matches,d5d22a58
256,Noah Guede-Nadje,fr FRA,MF,Angers,17,2003,0,0,0,0,,0,0,,,,0,0,0,0,0,,0,0,Matches,94b442c0
257,Mattéo Guendouzi,fr FRA,MF,Marseille,22,1999,35,4,50,18,36,1.43,0.51,0.08,0.22,18.1,0,0,0,3.5,3.5,0.07,0.5,0.5,Matches,5ea8ef20
258,Yanis Guermouche,fr FRA,MFFW,Montpellier,20,2001,0.1,0,0,0,,0,0,,,,0,0,0,0,0,,0,0,Matches,642f9f79
259,Evann Guessand,fr FRA,FW,Nice,20,2001,4.9,1,12,5,41.7,2.47,1.03,0.08,0.2,10.3,0,0,0,1.8,1.8,0.15,-0.8,-0.8,Matches,b73f17f8
260,Lamine Gueye,sn SEN,FWMF,Metz,23,1998,6.2,0,14,7,50,2.27,1.14,0,0,17.5,1,0,0,1.4,1.4,0.1,-1.4,-1.4,Matches,9d5dcc23
261,Pape Gueye,sn SEN,MF,Marseille,22,1999,17,0,30,4,13.3,1.77,0.24,0,0,22.8,0,0,0,1.7,1.7,0.06,-1.7,-1.7,Matches,7155e3e1
262,Josuha Guilavogui,fr FRA,MFDF,Bordeaux,30,1990,14.8,1,9,3,33.3,0.61,0.2,0.11,0.33,18.5,0,0,0,1.5,1.5,0.16,-0.5,-0.5,Matches,e6c43eec
263,Frederic Guilbert,fr FRA,DF,Strasbourg,26,1994,28,0,24,5,20.8,0.86,0.18,0,0,24.5,3,0,0,0.9,0.9,0.04,-0.9,-0.9,Matches,5d8d7454
264,Bruno Guimarães,br BRA,MF,Lyon,23,1997,18.2,0,11,2,18.2,0.61,0.11,0,0,24.2,1,0,0,1,1,0.09,-1,-1,Matches,82518f62
265,Sehrou Guirassy,gn GUI,FW,Rennes,25,1996,11.3,9,46,17,37,4.07,1.51,0.2,0.53,13.1,0,0,0,8.1,8.1,0.18,0.9,0.9,Matches,923f4dda
266,Malo Gusto,fr FRA,DF,Lyon,18,2003,20.9,0,11,0,0,0.53,0,0,,25.6,0,0,0,0.6,0.6,0.05,-0.6,-0.6,Matches,d56b9520
267,Massadio Haïdara,ml MLI,DF,Lens,28,1992,12,1,5,2,40,0.42,0.17,0.2,0.5,15.1,0,0,0,0.7,0.7,0.14,0.3,0.3,Matches,5167c97e
268,Oualid El Hajjam,ma MAR,DF,Troyes,30,1991,11.9,1,10,3,30,0.84,0.25,0.1,0.33,21.3,0,0,0,0.7,0.7,0.07,0.3,0.3,Matches,9f29c204
269,Achraf Hakimi,ma MAR,DF,Paris S-G,22,1998,27.5,4,20,10,50,0.73,0.36,0.2,0.4,15.9,0,0,0,2.5,2.5,0.13,1.5,1.5,Matches,e42d61c7
270,Pierre-Yves Hamel,fr FRA,FWMF,Lorient,27,1994,0.3,0,0,0,,0,0,,,,0,0,0,0,0,,0,0,Matches,a99da9ec
271,Pierre-Yves Hamel,fr FRA,FW,Clermont Foot,27,1994,5.8,0,13,4,30.8,2.24,0.69,0,0,16.3,0,0,0,1.7,1.7,0.13,-1.7,-1.7,Matches,a99da9ec
272,Romain Hamouma,fr FRA,FWMF,Saint-Étienne,34,1987,9.8,2,23,7,30.4,2.34,0.71,0.09,0.29,17.8,0,0,0,2.9,2.9,0.13,-0.9,-0.9,Matches,0b4d8274
273,Amine Harit,ma MAR,FWMF,Marseille,24,1997,12.9,4,15,7,46.7,1.16,0.54,0.27,0.57,16.5,1,0,0,2.5,2.5,0.17,1.5,1.5,Matches,e7d59f4f
274,Henrique,br BRA,DF,Lyon,27,1994,12.3,0,5,0,0,0.41,0,0,,15.5,0,0,0,0.7,0.7,0.14,-0.7,-0.7,Matches,f28474a4
275,Luis Henrique,br BRA,FWMF,Marseille,19,2001,7.8,0,6,2,33.3,0.77,0.26,0,0,14.9,0,0,0,0.9,0.9,0.15,-0.9,-0.9,Matches,f36d5624
276,Christophe Hérelle,mq MTQ,DF,Brest,28,1992,21.5,0,6,2,33.3,0.28,0.09,0,0,11.1,0,0,0,0.5,0.5,0.08,-0.5,-0.5,Matches,3681cfff
277,Jérôme Hergault,fr FRA,DF,Lorient,35,1986,3.9,0,1,0,0,0.26,0,0,,11.2,0,0,0,0.1,0.1,0.12,-0.1,-0.1,Matches,a84f9a4b
278,Ander Herrera,es ESP,MF,Paris S-G,31,1989,12.1,3,14,3,21.4,1.15,0.25,0.21,1,22.3,0,0,0,0.8,0.8,0.06,2.2,2.2,Matches,436a9dd0
279,Franck Honorat,fr FRA,FWMF,Brest,24,1996,32.2,11,60,30,50,1.86,0.93,0.18,0.37,20.5,1,0,0,4.3,4.3,0.07,6.7,6.7,Matches,db7849ca
280,Fraser Hornby,sct SCO,FWMF,Reims,21,1999,3.9,0,6,2,33.3,1.54,0.51,0,0,12.2,0,0,0,0.5,0.5,0.09,-0.5,-0.5,Matches,29aee77c
281,Cédric Hountondji,bj BEN,DF,Clermont Foot,27,1994,22.6,1,8,3,37.5,0.35,0.13,0.13,0.33,9.7,0,0,0,0.6,0.6,0.07,0.4,0.4,Matches,891164
282,Suk Hyun-jun,kr KOR,FWMF,Troyes,30,1991,1.7,0,8,2,25,4.71,1.18,0,0,13.7,0,0,0,0.4,0.4,0.05,-0.4,-0.4,Matches,7ffaf233
283,Mauro Icardi,ar ARG,FW,Paris S-G,28,1993,11.4,4,28,9,32.1,2.45,0.79,0.14,0.44,10.8,0,0,0,5.4,5.4,0.19,-1.4,-1.4,Matches,43b78598
284,Jonathan Iglesias,uy URU,MF,Clermont Foot,32,1988,6.4,0,1,0,0,0.16,0,0,,31.1,0,0,0,0,0,0.03,0,0,Matches,639ca1cf
285,Juan Ignacio Ramírez,uy URU,FW,Saint-Étienne,24,1997,1.4,0,2,0,0,1.43,0,0,,13.8,0,0,0,0,0,0.02,0,0,Matches,ad513a6b
286,Danylo Ihnatenko,ua UKR,MF,Bordeaux,24,1997,7.7,0,12,1,8.3,1.56,0.13,0,0,28,1,0,0,0.3,0.3,0.03,-0.3,-0.3,Matches,65bbfba3
287,Jonathan Ikone,fr FRA,MFFW,Lille,23,1998,11.8,1,22,8,36.4,1.86,0.68,0.05,0.13,18.7,2,0,0,2.1,2.1,0.1,-1.1,-1.1,Matches,42eaa028
288,Bonke Innocent,ng NGA,MF,Lorient,25,1996,9.7,0,3,1,33.3,0.31,0.1,0,0,14.1,0,0,0,0.2,0.2,0.06,-0.2,-0.2,Matches,546bb36e
289,Wilson Isidor,fr FRA,FWMF,Monaco,20,2000,0.6,0,1,0,0,1.8,0,0,,11.8,0,0,0,0.1,0.1,0.08,-0.1,-0.1,Matches,a671316d
290,Ismail Jakobs,sn SEN,DFFW,Monaco,21,1999,13.4,0,5,1,20,0.37,0.07,0,0,13.7,0,0,0,0.4,0.4,0.08,-0.4,-0.4,Matches,a0415710
291,Marin Jakoliš,hr CRO,FW,Angers,24,1996,2.5,0,9,3,33.3,3.54,1.18,0,0,15.5,0,0,0,1.1,1.1,0.12,-1.1,-1.1,Matches,96f4ebc0
292,Abdel Jalil Medioub,dz ALG,DF,Bordeaux,23,1997,6.9,0,3,0,0,0.43,0,0,,21,0,0,0,0.1,0.1,0.02,-0.1,-0.1,Matches,4937a9f7
293,Corentin Jean,fr FRA,FWMF,Lens,26,1995,2.8,1,7,2,28.6,2.47,0.71,0.14,0.5,18.1,0,0,0,1,1,0.14,0,0,Matches,7d9b37bf
294,Jemerson,br BRA,DF,Metz,28,1992,13.4,0,5,2,40,0.37,0.15,0,0,11.5,0,0,0,0.6,0.6,0.13,-0.6,-0.6,Matches,7cab69b5
295,Moritz Jenz,de GER,DF,Lorient,22,1999,15.3,1,9,1,11.1,0.59,0.07,0.11,1,8.9,0,0,0,1.2,1.2,0.13,-0.2,-0.2,Matches,ee644761
296,Lenny Joseph,fr FRA,FWMF,Metz,20,2000,1.7,0,0,0,,0,0,,,,0,0,0,0,0,,0,0,Matches,d1828392
297,Issa Kaboré,bf BFA,DF,Troyes,20,2001,25,0,7,2,28.6,0.28,0.08,0,0,19.2,0,0,0,0.3,0.3,0.04,-0.3,-0.3,Matches,c066d1a5
298,Tino Kadewere,zw ZIM,FW,Lyon,25,1996,5.6,1,18,7,38.9,3.2,1.25,0.06,0.14,13.1,0,0,0,2.5,2.5,0.14,-1.5,-1.5,Matches,7d08063d
299,Gaël Kakuta,cd COD,MFFW,Lens,30,1991,18.6,3,40,14,35,2.15,0.75,0.05,0.14,23.6,2,1,1,3.5,2.7,0.07,-0.5,-0.7,Matches,5b1bf5e3
300,Arnaud Kalimuendo,fr FRA,FW,Paris S-G,19,2002,0.1,0,0,0,,0,0,,,,0,0,0,0,0,,0,0,Matches,bf4c41f9
301,Arnaud Kalimuendo,fr FRA,FW,Lens,19,2002,23.9,12,60,29,48.3,2.51,1.22,0.17,0.34,17.1,0,2,2,8.9,7.3,0.12,3.1,2.7,Matches,bf4c41f9
302,Samuel Kalu,ng NGA,FWMF,Bordeaux,23,1997,3.6,1,13,8,61.5,3.57,2.2,0.08,0.13,21.9,1,0,0,1.2,1.2,0.09,-0.2,-0.2,Matches,b8d22478
303,Boubacar Kamara,fr FRA,MFDF,Marseille,21,1999,30.9,1,22,3,13.6,0.71,0.1,0.05,0.33,20.5,0,0,0,1,1,0.05,0,0,Matches,cc77354e
304,Hassane Kamara,ci CIV,MFDF,Nice,27,1994,6,0,13,1,7.7,2.15,0.17,0,0,17.4,0,0,0,1.1,1.1,0.08,-1.1,-1.1,Matches,19a12bed
305,Jean-Armel Kana-Biyik,cm CMR,DF,Metz,32,1989,7.4,0,1,0,0,0.14,0,0,,12.2,0,0,0,0.1,0.1,0.05,-0.1,-0.1,Matches,76a4233b
306,Nordine Kandil,fr FRA,MFFW,Strasbourg,19,2001,1,0,1,0,0,1,0,0,,17.7,0,0,0,0.1,0.1,0.09,-0.1,-0.1,Matches,c5908bc4
307,Eiji Kawashima,jp JPN,GK,Strasbourg,38,1983,1,0,0,0,,0,0,,,,0,0,0,0,0,,0,0,Matches,a4527d33
308,Ilan Kebbal,dz ALG,MFFW,Reims,23,1998,19.7,1,27,6,22.2,1.37,0.3,0.04,0.17,19.7,0,0,0,1.4,1.4,0.05,-0.4,-0.4,Matches,37d04e90
309,Thilo Kehrer,de GER,DF,Paris S-G,24,1996,16.8,2,9,4,44.4,0.54,0.24,0.22,0.5,13.6,0,0,0,1,1,0.11,1,1,Matches,51dbeea9
310,Habib Keita,ml MLI,MFFW,Lyon,19,2002,0.1,0,2,2,100,25.71,25.71,0,0,19.3,0,0,0,0.2,0.2,0.08,-0.2,-0.2,Matches,cc588cbe
311,Saîf-Eddine Khaoui,tn TUN,MFFW,Clermont Foot,26,1995,10.3,1,20,7,35,1.94,0.68,0.05,0.14,19.5,2,0,0,2.1,2.1,0.1,-1.1,-1.1,Matches,796b1c41
312,Wahbi Khazri,tn TUN,FWMF,Saint-Étienne,30,1991,24.7,10,69,18,26.1,2.79,0.73,0.09,0.33,23.6,9,4,4,7.7,4.6,0.07,2.3,1.4,Matches,2677a1de
313,Presnel Kimpembe,fr FRA,DF,Paris S-G,25,1995,28.6,1,7,1,14.3,0.24,0.03,0.14,1,9.7,0,0,0,1.4,1.4,0.2,-0.4,-0.4,Matches,aef6e670
314,Thibault Klidje,tg TOG,MFFW,Bordeaux,20,2001,1,0,1,0,0,1.05,0,0,,23.4,0,0,0,0,0,0.04,0,0,Matches,db013c7d
315,Justin Kluivert,nl NED,MF,Nice,22,1999,20.8,4,30,10,33.3,1.45,0.48,0.13,0.4,18.6,2,0,0,2.8,2.8,0.09,1.2,1.2,Matches,4c3a6744
316,Samuel Koeberlé,fr FRA,FW,Reims,16,2004,0,0,0,0,,0,0,,,,0,0,0,0,0,,0,0,Matches,6751b938
317,Philippe Koffi,fr FRA,FW,Reims,19,2002,4.2,1,9,2,22.2,2.16,0.48,0.11,0.5,14,0,0,0,0.9,0.9,0.11,0.1,0.1,Matches,9f1c2822
318,Sead Kolašinac,ba BIH,DF,Marseille,28,1993,4.9,0,0,0,,0,0,,,,0,0,0,0,0,,0,0,Matches,3935e52e
319,Randal Kolo Muani,fr FRA,FWMF,Nantes,22,1998,32.8,12,54,26,48.1,1.65,0.79,0.22,0.46,11.7,0,0,0,10.7,10.7,0.2,1.3,1.3,Matches,c0b3669f
320,Timothée Kolodziejczak,fr FRA,DF,Saint-Étienne,29,1991,28.5,2,15,6,40,0.53,0.21,0.13,0.33,12.7,0,0,0,1.4,1.4,0.1,0.6,0.6,Matches,ab096c6f
321,Ghislain Konan,ci CIV,DF,Reims,25,1995,26.9,1,19,5,26.3,0.71,0.19,0.05,0.2,24.1,1,0,0,0.6,0.6,0.03,0.4,0.4,Matches,6b2c894b
322,Ibrahima Koné,ml MLI,FW,Lorient,22,1999,8.1,5,15,8,53.3,1.84,0.98,0.33,0.63,14.9,0,0,0,2.7,2.7,0.18,2.3,2.3,Matches,04bb2b06
323,Youssouf Koné,ml MLI,DF,Troyes,26,1995,10.9,0,9,3,33.3,0.83,0.28,0,0,26.8,0,0,0,0.2,0.2,0.02,-0.2,-0.2,Matches,e6eadfb8
324,Laurent Koscielny,fr FRA,DF,Bordeaux,35,1985,10.4,0,0,0,,0,0,,,,0,0,0,0,0,,0,0,Matches,f5efb153
325,Rominigue Kouamé,ml MLI,MF,Troyes,24,1996,33,1,37,11,29.7,1.12,0.33,0.03,0.09,22.7,1,0,0,2.4,2.4,0.06,-1.4,-1.4,Matches,86a2ba20
326,Boubakar Kouyaté,ml MLI,DF,Metz,24,1997,29.6,1,22,6,27.3,0.74,0.2,0.05,0.17,14.3,0,0,0,1.7,1.7,0.08,-0.7,-0.7,Matches,562a4799
327,Jean-Philippe Krasso,ci CIV,FW,Saint-Étienne,24,1997,5,1,12,2,16.7,2.38,0.4,0.08,0.5,11.2,0,0,0,1.6,1.6,0.13,-0.6,-0.6,Matches,037f2523
328,Mykola Kukharevych,ua UKR,FW,Troyes,20,2001,0.2,0,1,0,0,6,0,0,,10.5,0,0,0,0.1,0.1,0.06,-0.1,-0.1,Matches,8197a269
329,Enock Kwateng,fr FRA,DF,Bordeaux,24,1997,22.2,1,7,3,42.9,0.31,0.13,0.14,0.33,16.7,0,0,0,0.3,0.3,0.04,0.7,0.7,Matches,4bf69118
330,Grejohn Kyei,fr FRA,FW,Clermont Foot,25,1995,4.4,0,11,3,27.3,2.5,0.68,0,0,9.5,0,0,0,1.9,1.9,0.17,-1.9,-1.9,Matches,397ba086
331,Gaëtan Laborde,fr FRA,FW,Montpellier,27,1994,3.8,3,14,4,28.6,3.7,1.06,0.21,0.75,15.5,0,0,0,1.6,1.6,0.13,1.4,1.4,Matches,7cdda3bf
332,Gaëtan Laborde,fr FRA,FW,Rennes,27,1994,30.3,12,84,32,38.1,2.77,1.06,0.12,0.31,12.4,0,2,2,14.9,13.3,0.16,-2.9,-3.3,Matches,7cdda3bf
333,Tom Lacoux,fr FRA,DFMF,Bordeaux,19,2002,10.1,0,2,0,0,0.2,0,0,,29.5,0,0,0,0,0,0.01,0,0,Matches,295ba708
334,Lenny Lacroix,fr FRA,DF,Metz,18,2003,2.2,0,2,0,0,0.9,0,0,,8.8,0,0,0,0.1,0.1,0.06,-0.1,-0.1,Matches,5413ef36
335,Alban Lafont,fr FRA,GK,Nantes,22,1999,38,0,0,0,,0,0,,,,0,0,0,0,0,,0,0,Matches,4e7db402
336,Mohamed Lamine Bayo,gn GUI,FW,Clermont Foot,23,1998,26.8,14,63,26,41.3,2.35,0.97,0.19,0.46,13.1,0,2,3,14.4,11.9,0.19,-0.4,0.1,Matches,1870104
337,Didier Lamkel Zé,cm CMR,FW,Metz,24,1996,6.7,3,14,7,50,2.08,1.04,0.21,0.43,12.9,0,0,0,2.3,2.3,0.17,0.7,0.7,Matches,b229aa13
338,Julien Laporte,fr FRA,DF,Lorient,27,1993,32.1,2,17,3,17.6,0.53,0.09,0.12,0.67,13.5,0,0,0,1.9,1.9,0.11,0.1,0.1,Matches,f066022d
339,Yasser Larouci,dz ALG,DF,Troyes,20,2001,3.8,0,3,1,33.3,0.79,0.26,0,0,20.3,0,0,0,0.1,0.1,0.04,-0.1,-0.1,Matches,0ed063d6
340,Paul Lasne,fr FRA,MF,Brest,32,1989,9.4,0,8,1,12.5,0.85,0.11,0,0,21.9,1,0,0,0.4,0.4,0.04,-0.4,-0.4,Matches,542cc80f
341,Armand Lauriente,fr FRA,FWMF,Lorient,22,1998,27.5,6,84,36,42.9,3.05,1.31,0.06,0.14,21,22,1,1,7.5,6.7,0.08,-1.5,-1.7,Matches,2d22cea7
342,Théo Le Bris,fr FRA,MF,Lorient,18,2002,0.7,0,0,0,,0,0,,,,0,0,0,0,0,,0,0,Matches,afe39ca8
343,Jérémy Le Douaron,fr FRA,FWMF,Brest,23,1998,16.1,5,35,16,45.7,2.18,1,0.14,0.31,14.6,0,0,0,3.7,3.7,0.11,1.3,1.3,Matches,88c4d190
344,Enzo Le Fée,fr FRA,MFFW,Lorient,21,2000,24.4,2,33,9,27.3,1.35,0.37,0.06,0.22,23.9,5,0,0,1.9,1.9,0.06,0.1,0.1,Matches,6f806d99
345,Vincent Le Goff,fr FRA,DF,Lorient,31,1989,34,1,27,4,14.8,0.79,0.12,0.04,0.25,16.8,0,0,0,1.4,1.4,0.05,-0.4,-0.4,Matches,2321ea6e
346,Maxime Le Marchand,fr FRA,DF,Strasbourg,31,1989,9.6,1,3,2,66.7,0.31,0.21,0.33,0.5,12.6,0,0,0,0.3,0.3,0.11,0.7,0.7,Matches,321a71a7
347,Jean-Louis Leca,fr FRA,GK,Lens,35,1985,25.7,0,0,0,,0,0,,,,0,0,0,0,0,,0,0,Matches,edbe46dc
348,Félix Lemaréchal,ci CIV,MF,Monaco,17,2003,0.1,0,0,0,,0,0,,,,0,0,0,0,0,,0,0,Matches,8ca9415f
349,Mario Lemina,ga GAB,MF,Nice,27,1993,21.9,2,16,4,25,0.73,0.18,0.13,0.5,15.5,0,0,0,2,2,0.12,0,0,Matches,2b471f99
350,Fabien Lemoine,fr FRA,MF,Lorient,34,1987,12.4,0,4,0,0,0.32,0,0,,19.4,0,0,0,0.2,0.2,0.05,-0.2,-0.2,Matches,54d51e22
351,Léo Leroy,fr FRA,MF,Montpellier,21,2000,7,0,8,3,37.5,1.15,0.43,0,0,26.8,0,0,0,0.2,0.2,0.03,-0.2,-0.2,Matches,fcc84a07
352,Alexandre Letellier,fr FRA,GK,Paris S-G,30,1990,0.1,0,0,0,,0,0,,,,0,0,0,0,0,,0,0,Matches,96fcd380
353,Yanis Lhery,fr FRA,FWMF,Saint-Étienne,18,2003,0.8,0,2,1,50,2.5,1.25,0,0,16.3,0,0,0,0.2,0.2,0.11,-0.2,-0.2,Matches,cc972842
354,Dimitri Liénard,fr FRA,DFMF,Strasbourg,33,1988,22.7,2,23,3,13,1.01,0.13,0.09,0.67,21.2,4,0,0,1.4,1.4,0.06,0.6,0.6,Matches,f7691f63
355,Isaac Lihadji,fr FRA,MFFW,Lille,19,2002,2.6,1,3,2,66.7,1.13,0.76,0.33,0.5,19,0,0,0,0.9,0.9,0.31,0.1,0.1,Matches,57a46f3f
356,Pol Lirola,es ESP,DFFW,Marseille,23,1997,19.7,1,13,2,15.4,0.66,0.1,0.08,0.5,20.9,0,0,0,1.4,1.4,0.1,-0.4,-0.4,Matches,ff800ed8
357,Banzouzi Locko,fr FRA,MFDF,Reims,19,2002,11.2,1,7,2,28.6,0.62,0.18,0.14,0.5,24.1,0,0,0,0.2,0.2,0.03,0.8,0.8,Matches,40221fa7
358,Anthony Lopes,pt POR,GK,Lyon,30,1990,33.1,0,0,0,,0,0,,,,0,0,0,0,0,,0,0,Matches,f00de885
359,Pau López,es ESP,GK,Marseille,26,1994,29,0,0,0,,0,0,,,,0,0,0,0,0,,0,0,Matches,20b9f052
360,Dion Lopy,sn SEN,MF,Reims,19,2002,18.2,0,16,2,12.5,0.88,0.11,0,0,23.8,0,0,0,1,1,0.06,-1,-1,Matches,64c14d49
361,Samuel Loric,fr FRA,DF,Lorient,21,2000,3,0,1,0,0,0.33,0,0,,16.7,0,0,0,0.1,0.1,0.05,-0.1,-0.1,Matches,9004f318
362,Jordan Lotomba,ch SUI,DF,Nice,22,1998,19.8,0,9,2,22.2,0.45,0.1,0,0,17.1,0,0,0,0.8,0.8,0.09,-0.8,-0.8,Matches,fc4cf6a7
363,Johaneko Louisjean,fr FRA,DF,Bordeaux,17,2004,0.1,0,0,0,,0,0,,,,0,0,0,0,0,,0,0,Matches,9af3613f
364,Jean Lucas,br BRA,MF,Monaco,23,1998,16.1,1,26,9,34.6,1.62,0.56,0.04,0.11,21,1,0,0,2.5,2.5,0.09,-1.5,-1.5,Matches,a99138af
365,Castello Lukeba,fr FRA,DF,Lyon,18,2002,23.3,2,6,3,50,0.26,0.13,0.33,0.67,8.3,0,0,0,1.7,1.7,0.28,0.3,0.3,Matches,5b9512c5
366,Levi Lumeka,eng ENG,MFFW,Troyes,22,1998,0.7,0,0,0,,0,0,,,,0,0,0,0,0,,0,0,Matches,199ff86e
367,Yannis M'Bemba,fr FRA,DFFW,Nantes,20,2001,0.1,0,2,1,50,36,18,0,0,10,0,0,0,0.1,0.1,0.05,-0.1,-0.1,Matches,080de72a
368,Deiver Machado,co COL,DFMF,Lens,27,1993,5.8,0,2,0,0,0.34,0,0,,22.3,0,0,0,0,0,0.02,0,0,Matches,b3f8bdef
369,Yvann Macon,fr FRA,DF,Saint-Étienne,22,1998,17,0,15,4,26.7,0.88,0.24,0,0,26.5,0,0,0,0.3,0.3,0.02,-0.3,-0.3,Matches,0bb6e193
370,Louis Mafouta,cf CTA,FW,Metz,27,1994,5.8,2,9,7,77.8,1.54,1.2,0.22,0.29,15.7,0,0,0,1.4,1.4,0.16,0.6,0.6,Matches,bec3d251
371,Hugo Magnetti,fr FRA,MF,Brest,23,1998,16.3,0,17,2,11.8,1.05,0.12,0,0,24.4,0,0,0,0.5,0.5,0.03,-0.5,-0.5,Matches,d4d35152
372,Yohann Magnin,fr FRA,MFDF,Clermont Foot,24,1997,19.1,1,19,3,15.8,1,0.16,0.05,0.33,14.7,0,0,0,1.1,1.1,0.06,-0.1,-0.1,Matches,caa7aaea
373,Habib Maïga,ci CIV,MF,Metz,25,1996,14.1,2,11,5,45.5,0.78,0.36,0.18,0.4,20.4,0,0,0,0.9,0.9,0.09,1.1,1.1,Matches,e768de1f
374,Josh Maja,ng NGA,FW,Bordeaux,22,1998,0.1,0,0,0,,0,0,,,,0,0,0,0,0,,0,0,Matches,bc0bfc64
375,Abdul Majeed Waris,gh GHA,FWMF,Strasbourg,29,1991,3.6,2,7,3,42.9,1.93,0.83,0.29,0.67,17.8,0,0,0,1.2,1.2,0.17,0.8,0.8,Matches,46907171
376,Lovro Majer,hr CRO,MFFW,Rennes,23,1998,20.4,6,45,18,40,2.21,0.88,0.13,0.33,19.9,4,0,0,5.3,5.3,0.12,0.7,0.7,Matches,fc46aab1
377,Béni Makouana,cg CGO,FWMF,Montpellier,18,2002,3.6,0,7,0,0,1.96,0,0,,15,0,0,0,0.5,0.5,0.07,-0.5,-0.5,Matches,654f49ca
378,Hianga Mananga Mbock,fr FRA,MF,Brest,21,1999,8.9,0,9,0,0,1.01,0,0,,25,3,0,0,0.4,0.4,0.05,-0.4,-0.4,Matches,0f86995c
379,Vincent Manceau,fr FRA,DF,Angers,32,1989,26.2,0,3,0,0,0.11,0,0,,25.4,0,0,0,0.1,0.1,0.02,-0.1,-0.1,Matches,c26a3918
380,Steve Mandanda,fr FRA,GK,Marseille,36,1985,9,0,0,0,,0,0,,,,0,0,0,0,0,,0,0,Matches,1d2d5cc8
381,Reinildo Mandava,mz MOZ,DF,Lille,27,1994,16.9,1,6,3,50,0.35,0.18,0.17,0.33,14.8,0,0,0,0.5,0.5,0.08,0.5,0.5,Matches,c20bdcd7
382,Anthony Mandrea,dz ALG,GK,Angers,24,1996,10,0,0,0,,0,0,,,,0,0,0,0,0,,0,0,Matches,f7d3a773
383,Eliaquim Mangala,fr FRA,DF,Saint-Étienne,30,1991,13.1,1,3,1,33.3,0.23,0.08,0.33,1,9.9,0,0,0,0.5,0.5,0.17,0.5,0.5,Matches,f520049f
384,Thomas Mangani,fr FRA,MF,Angers,34,1987,24.4,7,12,3,25,0.49,0.12,0.08,0.33,27.1,2,6,6,5.7,0.9,0.08,1.3,0.1,Matches,c801616a
385,Ricardo Mangas,pt POR,DF,Bordeaux,23,1998,26.1,3,17,5,29.4,0.65,0.19,0.18,0.6,13.1,0,0,0,1.7,1.7,0.1,1.3,1.3,Matches,eef2d8ce
386,Myziane Maolida,fr FRA,MF,Nice,22,1999,0.4,0,1,0,0,2.65,0,0,,24.1,0,0,0,0,0,0.04,0,0,Matches,706a60e1
387,Sekou Mara,fr FRA,FWMF,Bordeaux,19,2002,10.1,6,37,16,43.2,3.68,1.59,0.14,0.31,18.5,0,1,1,5.1,4.4,0.12,0.9,0.6,Matches,3544641e
388,Marcelo,br BRA,DF,Bordeaux,34,1987,10,0,3,0,0,0.3,0,0,,10.1,0,0,0,0.2,0.2,0.06,-0.2,-0.2,Matches,e3d0b0c4
389,Marcelo,br BRA,DF,Lyon,34,1987,2,0,2,0,0,1,0,0,,15.3,0,0,0,0,0,0.02,0,0,Matches,e3d0b0c4
390,Guillermo Maripán,cl CHI,DF,Monaco,27,1994,20.4,0,7,2,28.6,0.34,0.1,0,0,10.6,0,0,0,0.6,0.6,0.09,-0.6,-0.6,Matches,d9764034
391,Marquinhos,br BRA,DF,Paris S-G,27,1994,31.8,5,21,7,33.3,0.66,0.22,0.24,0.71,10.1,0,0,0,3.8,3.8,0.18,1.2,1.2,Matches,d5f2f82b
392,Jonas Martin,fr FRA,MF,Rennes,31,1990,23.4,1,21,4,19,0.9,0.17,0.05,0.25,20.3,0,0,0,1.2,1.2,0.06,-0.2,-0.2,Matches,468fdbad
393,Gelson Martins,pt POR,MFFW,Monaco,26,1995,21.2,4,30,11,36.7,1.42,0.52,0.13,0.36,13.5,0,0,0,5.7,5.7,0.19,-1.7,-1.7,Matches,3ef0fa48
394,Pape Matar Sarr,sn SEN,MF,Metz,18,2002,23.7,1,31,8,25.8,1.31,0.34,0.03,0.13,29.2,1,0,0,2.1,2.1,0.07,-1.1,-1.1,Matches,feb5d972
395,Eliot Matazo,be BEL,MF,Monaco,19,2002,8.8,0,4,1,25,0.46,0.11,0,0,28,0,0,0,0.1,0.1,0.03,-0.1,-0.1,Matches,15944afd
396,Chrislain Matsima,fr FRA,DF,Monaco,19,2002,1.5,0,1,0,0,0.67,0,0,,9.4,0,0,0,0.1,0.1,0.09,-0.1,-0.1,Matches,cf1ef7ec
397,Azor Matusiwa,nl NED,MF,Reims,23,1998,27.4,1,10,5,50,0.37,0.18,0.1,0.2,23.7,0,0,0,0.4,0.4,0.04,0.6,0.6,Matches,a17a94d6
398,Stephy Mavididi,eng ENG,FWMF,Montpellier,23,1998,25.5,8,60,23,38.3,2.35,0.9,0.13,0.35,17.1,0,0,0,7.6,7.6,0.14,0.4,0.4,Matches,30144daa
399,Derek Mazou-Sacko,fr FRA,FWDF,Troyes,16,2004,0,0,0,0,,0,0,,,,0,0,0,0,0,,0,0,Matches,810edef9
400,Kylian Mbappé,fr FRA,FW,Paris S-G,22,1998,33.6,28,143,59,41.3,4.26,1.76,0.17,0.41,16.9,3,4,4,23.8,20.7,0.14,4.2,3.3,Matches,42fd9c7f
401,Amadou Mbengue,sn SEN,DFMF,Metz,19,2002,6.8,0,3,0,0,0.44,0,0,,27.5,0,0,0,0,0,0.01,0,0,Matches,14d2670e
402,Jason Mbock,fr FRA,FW,Angers,21,1999,0.2,0,0,0,,0,0,,,,0,0,0,0,0,,0,0,Matches,890bc029
403,Moustapha Mbow,sn SEN,DF,Reims,21,2000,1,0,0,0,,0,0,,,,0,0,0,0,0,,0,0,Matches,3f3a2cba
404,Nathanael Mbuku,fr FRA,FWMF,Reims,19,2002,15.8,2,33,13,39.4,2.09,0.83,0.06,0.15,18.8,0,0,0,2.4,2.4,0.07,-0.4,-0.4,Matches,46750e9c
405,Facundo Medina,ar ARG,DF,Lens,22,1999,28.8,1,9,2,22.2,0.31,0.07,0.11,0.5,9.9,0,0,0,1.3,1.3,0.15,-0.3,-0.3,Matches,6f5ec8bb
406,Farid El Melali,dz ALG,FW,Angers,24,1997,0.2,0,1,0,0,6.43,0,0,,19.8,0,0,0,0,0,0.03,0,0,Matches,d21e361a
407,Birger Meling,no NOR,DF,Rennes,26,1994,20.3,0,3,1,33.3,0.15,0.05,0,0,16.2,0,0,0,0.2,0.2,0.08,-0.2,-0.2,Matches,70c52749
408,Houboulang Mendes,fr FRA,DF,Lorient,23,1998,35.8,0,21,5,23.8,0.59,0.14,0,0,19.6,0,0,0,1,1,0.05,-1,-1,Matches,1545cf15
409,Nuno Mendes,pt POR,DF,Paris S-G,19,2002,18.4,0,7,1,14.3,0.38,0.05,0,0,20.6,0,0,0,0.3,0.3,0.04,-0.3,-0.3,Matches,f20e4cc9
410,Pedro Mendes,pt POR,DF,Montpellier,30,1990,0.2,0,0,0,,0,0,,,,0,0,0,0,0,,0,0,Matches,6690ef25
411,Thiago Mendes,br BRA,MFDF,Lyon,29,1992,20.7,1,16,4,25,0.77,0.19,0.06,0.25,25.5,4,0,0,0.7,0.7,0.04,0.3,0.3,Matches,c6e5d20f
412,Arial Mendy,sn SEN,DFFW,Clermont Foot,26,1994,8.8,0,10,3,30,1.14,0.34,0,0,21.6,0,0,0,0.5,0.5,0.05,-0.5,-0.5,Matches,9f0f4b49
413,Batista Mendy,fr FRA,MFDF,Angers,21,2000,26.8,1,14,6,42.9,0.52,0.22,0.07,0.17,21.7,0,0,0,0.8,0.8,0.06,0.2,0.2,Matches,e472a6f6
414,Gideon Mensah,gh GHA,DF,Bordeaux,23,1998,13.4,0,2,0,0,0.15,0,0,,11.2,0,0,0,0.1,0.1,0.07,-0.1,-0.1,Matches,9bdd8118
415,Quentin Merlin,fr FRA,DFMF,Nantes,19,2002,21.4,2,11,4,36.4,0.51,0.19,0.18,0.5,23.1,1,0,0,0.4,0.4,0.03,1.6,1.6,Matches,0bfca6a1
416,Lionel Messi,ar ARG,FWMF,Paris S-G,34,1987,23.9,6,89,29,32.6,3.72,1.21,0.07,0.21,19.1,16,0,0,10,10,0.11,-4,-4,Matches,d70ce98e
417,Mexer,mz MOZ,DF,Bordeaux,32,1988,13.6,1,5,1,20,0.37,0.07,0.2,1,17.2,0,0,0,0.3,0.3,0.05,0.7,0.7,Matches,ce492295
418,Edouard Michut,fr FRA,MF,Paris S-G,18,2003,0.8,0,0,0,,0,0,,,,0,0,0,0,0,,0,0,Matches,fe6c1add
419,Georges Mikautadze,ge GEO,FW,Metz,20,2000,0,0,2,0,0,180,0,0,,21.2,0,0,0,0.2,0.2,0.12,-0.2,-0.2,Matches,4788cb6b
420,William Mikelbrencis,fr FRA,DF,Metz,17,2004,6.8,0,6,1,16.7,0.89,0.15,0,0,25.9,0,0,0,0.2,0.2,0.03,-0.2,-0.2,Matches,14df1d7f
421,Arkadiusz Milik,pl POL,FW,Marseille,27,1994,15.7,7,53,19,35.8,3.37,1.21,0.11,0.32,13.8,2,1,1,8.2,7.4,0.14,-1.2,-1.4,Matches,85613cf0
422,Terem Moffi,ng NGA,FW,Lorient,22,1999,30.1,8,58,20,34.5,1.93,0.66,0.1,0.3,16,0,2,2,11.1,9.5,0.16,-3.1,-3.5,Matches,065dc209
423,Dion Moise Sahi,ci CIV,FWMF,Strasbourg,19,2001,1.4,0,5,2,40,3.52,1.41,0,0,11.5,0,0,0,0.6,0.6,0.12,-0.6,-0.6,Matches,cdc4458b
424,Florent Mollet,fr FRA,FWMF,Montpellier,29,1991,29.2,6,55,17,30.9,1.88,0.58,0.11,0.35,21.5,12,0,0,4.3,4.3,0.08,1.7,1.7,Matches,7e82a78f
425,Thomas Monconduit,fr FRA,MF,Lorient,30,1991,25,3,36,12,33.3,1.44,0.48,0.08,0.25,25.6,0,0,0,1.5,1.5,0.04,1.5,1.5,Matches,84d94b91
426,Jérémy Morel,mg MAD,DF,Lorient,37,1984,6.7,0,1,0,0,0.15,0,0,,11.1,0,0,0,0,0,0.03,0,0,Matches,e97150c0
427,Lebo Mothiba,za RSA,FWMF,Troyes,25,1996,5.8,2,5,2,40,0.86,0.34,0.2,0.5,15.4,0,1,1,2.1,1.3,0.25,-0.1,-0.3,Matches,3eaf8817
428,Lebo Mothiba,za RSA,FW,Strasbourg,25,1996,0,0,0,0,,0,0,,,,0,0,0,0,0,,0,0,Matches,3eaf8817
429,Baptiste Mouazan,fr FRA,MF,Lorient,19,2001,1.1,0,1,0,0,0.94,0,0,,23.8,0,0,0,0.1,0.1,0.06,-0.1,-0.1,Matches,81ac108d
430,Aimen Moueffek,fr FRA,MF,Saint-Étienne,20,2001,4.8,0,4,1,25,0.83,0.21,0,0,27.7,0,0,0,0.1,0.1,0.02,-0.1,-0.1,Matches,2591b066
431,Harold Moukoudi,cm CMR,DF,Saint-Étienne,23,1997,18.5,0,7,0,0,0.38,0,0,,9,0,0,0,0.9,0.9,0.12,-0.9,-0.9,Matches,5f26e0c5
432,Jessy Moulin,fr FRA,GK,Troyes,35,1986,7,0,0,0,,0,0,,,,0,0,0,0,0,,0,0,Matches,28a65a2c
433,Steve Mounié,bj BEN,FW,Brest,26,1994,25.7,9,72,23,31.9,2.8,0.9,0.1,0.3,12.8,0,2,2,11.8,10.2,0.15,-2.8,-3.2,Matches,19ba6c6d
434,Samuel Moutoussamy,cd COD,MF,Nantes,24,1996,16.8,0,14,6,42.9,0.83,0.36,0,0,16.9,0,0,0,1.8,1.8,0.13,-1.8,-1.8,Matches,af0c835b
435,Marshall Munetsi,zw ZIM,MFDF,Reims,25,1996,20.9,5,32,13,40.6,1.53,0.62,0.16,0.38,17,0,0,0,4,4,0.13,1,1,Matches,2acf0cd7
436,Junior Mwanga,fr FRA,DF,Bordeaux,18,2003,1,0,0,0,,0,0,,,,0,0,0,0,0,,0,0,Matches,ee158be5
437,Kévin N'Doram,fr FRA,MF,Metz,25,1996,13.7,0,7,1,14.3,0.51,0.07,0,0,16.6,0,0,0,1.1,1.1,0.15,-1.1,-1.1,Matches,e50623a0
438,Eric N'Jo,fr FRA,DF,Troyes,17,2004,1.1,0,0,0,,0,0,,,,0,0,0,0,0,,0,0,Matches,b85e57bb
439,Vital N'Simba,cd COD,DF,Clermont Foot,28,1993,31,1,19,5,26.3,0.61,0.16,0.05,0.2,26.3,0,0,0,0.7,0.7,0.03,0.3,0.3,Matches,249ac66d
440,Mickael Nade,fr FRA,DF,Saint-Étienne,22,1999,28.5,1,7,1,14.3,0.25,0.04,0.14,1,10.1,0,0,0,1.5,1.5,0.21,-0.5,-0.5,Matches,a6b6fa6e
441,Paul Nardi,fr FRA,GK,Lorient,27,1994,22,0,0,0,,0,0,,,,0,0,0,0,0,,0,0,Matches,2d70dbe5
442,Keylor Navas,cr CRC,GK,Paris S-G,34,1986,20.6,0,0,0,,0,0,,,,0,0,0,0,0,,0,0,Matches,ecada4fc
443,Papa Ndiaga Yade,sn SEN,DFFW,Metz,21,2000,7.7,0,8,0,0,1.03,0,0,,27.4,0,0,0,0.2,0.2,0.03,-0.2,-0.2,Matches,87e9c7cd
444,Tanguy Ndombele,fr FRA,MF,Lyon,24,1996,7.8,0,5,0,0,0.64,0,0,,24.7,0,0,0,0.2,0.2,0.05,-0.2,-0.2,Matches,5cdddffa
445,Dan Ndoye,ch SUI,FWMF,Nice,20,2000,2.3,0,3,0,0,1.32,0,0,,13.7,0,0,0,0.1,0.1,0.04,-0.1,-0.1,Matches,8e697a8f
446,Neymar,br BRA,FWMF,Paris S-G,29,1992,20.6,13,50,25,50,2.43,1.22,0.2,0.4,19.2,8,3,4,10.8,7.7,0.15,2.2,2.3,Matches,69384e5d
447,Yvan Neyou,cm CMR,MF,Saint-Étienne,24,1997,10.4,0,6,2,33.3,0.58,0.19,0,0,30.7,1,0,0,0.1,0.1,0.02,-0.1,-0.1,Matches,0ad37003
448,Opa Nguette,sn SEN,FWMF,Metz,27,1994,11.6,2,23,7,30.4,1.98,0.6,0.09,0.29,16.7,0,0,0,2.2,2.2,0.09,-0.2,-0.2,Matches,75a63397
449,Sikou Niakaté,fr FRA,DF,Metz,22,1999,7.3,0,4,1,25,0.54,0.14,0,0,17.1,0,0,0,0.1,0.1,0.03,-0.1,-0.1,Matches,8eef18aa
450,Ibrahima Niane,sn SEN,FW,Metz,22,1999,17.6,3,42,9,21.4,2.39,0.51,0.05,0.22,17.9,1,1,1,3.7,2.9,0.07,-0.7,-0.9,Matches,46faabfa
451,M'Baye Niang,sn SEN,FW,Bordeaux,26,1994,8.6,3,26,11,42.3,3.01,1.27,0.12,0.27,15.9,1,0,0,3.3,3.3,0.13,-0.3,-0.3,Matches,2054d037
452,Cheikh Niasse,sn SEN,FWMF,Lille,21,2000,0.5,0,0,0,,0,0,,,,0,0,0,0,0,,0,0,Matches,ff20acfe
453,Casimir Ninga,td CHA,FW,Angers,28,1993,4.5,0,9,2,22.2,1.98,0.44,0,0,12.3,0,0,0,0.8,0.8,0.09,-0.8,-0.8,Matches,91f2da4c
454,Arnaud Nordin,fr FRA,FWMF,Saint-Étienne,23,1998,20.8,4,45,20,44.4,2.16,0.96,0.09,0.2,17.2,0,0,0,3.5,3.5,0.08,0.5,0.5,Matches,7b9a9e25
455,Alexander Nübel,de GER,GK,Monaco,24,1996,38,0,0,0,,0,0,,,,0,0,0,0,0,,0,0,Matches,afb0c500
456,Gerzino Nyamsi,fr FRA,DF,Strasbourg,24,1997,33.2,0,28,6,21.4,0.84,0.18,0,0,10.7,0,0,0,2.1,2.1,0.08,-2.1,-2.1,Matches,6043997c
457,Florent Ogier,fr FRA,DF,Clermont Foot,32,1989,27,1,7,3,42.9,0.26,0.11,0.14,0.33,11.6,0,0,0,0.7,0.7,0.1,0.3,0.3,Matches,6993927b
458,Warmed Omari,fr FRA,DF,Rennes,21,2000,31.1,0,5,0,0,0.16,0,0,,11.7,0,0,0,0.4,0.4,0.08,-0.4,-0.4,Matches,4534a352
459,Jonas Omlin,ch SUI,GK,Montpellier,27,1994,28.7,0,0,0,,0,0,,,,0,0,0,0,0,,0,0,Matches,c631f952
460,Amadou Onana,be BEL,MF,Lille,19,2001,15.1,1,15,6,40,0.99,0.4,0.07,0.17,14.5,0,0,0,2.6,2.6,0.17,-1.6,-1.6,Matches,828657ff
461,Jean Onana,cm CMR,MF,Bordeaux,21,2000,20.4,3,21,4,19,1.03,0.2,0.14,0.75,23.4,0,0,0,1.4,1.4,0.07,1.6,1.6,Matches,b5bb8188
462,Otávio,br BRA,MF,Bordeaux,27,1994,12.7,0,12,3,25,0.94,0.24,0,0,30.2,0,0,0,0.4,0.4,0.03,-0.4,-0.4,Matches,243f4a0b
463,Dango Ouattara,bf BFA,MFFW,Lorient,19,2002,9,1,24,8,33.3,2.66,0.89,0.04,0.13,17.5,0,0,0,2.1,2.1,0.09,-1.1,-1.1,Matches,2f9e4435
464,Remi Oudin,fr FRA,MFFW,Bordeaux,24,1996,19.3,4,57,16,28.1,2.95,0.83,0.07,0.25,21.6,2,0,0,3,3,0.05,1,1,Matches,ea02beaf
465,Alexandre Oukidja,dz ALG,GK,Metz,33,1988,20.8,0,0,0,,0,0,,,,0,0,0,0,0,,0,0,Matches,ae7d0ecd
466,Azzedine Ounahi,ma MAR,MF,Angers,21,2000,18.1,2,26,4,15.4,1.43,0.22,0.08,0.5,23.3,0,0,0,2,2,0.08,0,0,Matches,83299cc0
467,Ambroise Oyongo,cm CMR,DF,Montpellier,30,1991,7.3,1,6,3,50,0.82,0.41,0.17,0.33,22.8,1,0,0,0.3,0.3,0.04,0.7,0.7,Matches,e3e05edf
468,Vincent Pajot,fr FRA,MF,Metz,30,1990,25.7,1,14,2,14.3,0.55,0.08,0.07,0.5,20,0,0,0,0.9,0.9,0.07,0.1,0.1,Matches,f86ca403
469,Nicolas Pallois,fr FRA,DF,Nantes,33,1987,27.2,1,8,2,25,0.29,0.07,0.13,0.5,12.5,0,0,0,0.4,0.4,0.05,0.6,0.6,Matches,779847d6
470,Erik Palmer-Brown,us USA,DF,Troyes,24,1997,19.3,0,4,0,0,0.21,0,0,,7.6,0,0,0,0.9,0.9,0.22,-0.9,-0.9,Matches,e5c1e0ca
471,Emerson Palmieri,it ITA,DF,Lyon,26,1994,25.2,1,16,5,31.3,0.64,0.2,0.06,0.2,22.7,6,0,0,0.9,0.9,0.06,0.1,0.1,Matches,e0bc6fdc
472,Lucas Paquetá,br BRA,MFFW,Lyon,23,1997,30,9,86,33,38.4,2.87,1.1,0.09,0.24,19.4,3,1,1,9.8,9,0.11,-0.8,-1,Matches,9b6f7fd5
473,Rubén Pardo,es ESP,MF,Bordeaux,28,1992,0.1,0,0,0,,0,0,,,,0,0,0,0,0,,0,0,Matches,2306bfde
474,Leandro Paredes,ar ARG,MF,Paris S-G,27,1994,9.3,1,8,2,25,0.86,0.21,0.13,0.5,27.3,0,0,0,0.4,0.4,0.05,0.6,0.6,Matches,dff153a4
475,Strahinja Pavlović,rs SRB,DF,Monaco,20,2001,5,0,5,1,20,1,0.2,0,0,9.9,0,0,0,0.5,0.5,0.11,-0.5,-0.5,Matches,25146df0
476,Dimitri Payet,fr FRA,FWMF,Marseille,34,1987,28.8,12,61,18,29.5,2.12,0.62,0.08,0.28,24.4,24,7,7,10.6,5.1,0.08,1.4,-0.1,Matches,58ae47b2
477,Timothee Pembele,fr FRA,DF,Bordeaux,18,2002,15.7,1,18,4,22.2,1.15,0.25,0.06,0.25,15.9,0,0,0,0.9,0.9,0.05,0.1,0.1,Matches,f8ce97ca
478,Brayann Pereira,fr FRA,DFMF,Lens,18,2003,0.2,0,0,0,,0,0,,,,0,0,0,0,0,,0,0,Matches,5c42e7ce
479,Danilo Pereira,pt POR,MF,Paris S-G,29,1991,22.6,5,19,8,42.1,0.84,0.35,0.26,0.63,10.7,0,0,0,3.2,3.2,0.17,1.8,1.8,Matches,8fd9996f
480,Mathias Pereira Lage,pt POR,DF,Angers,24,1996,11.6,4,19,6,31.6,1.64,0.52,0.21,0.67,19.8,2,0,0,2.6,2.6,0.14,1.4,1.4,Matches,8846a40f
481,Luan Peres Petroni,br BRA,DF,Marseille,27,1994,29.8,0,3,0,0,0.1,0,0,,24.6,0,0,0,0.1,0.1,0.04,-0.1,-0.1,Matches,a5549ec1
482,Lucas Perrin,fr FRA,DF,Strasbourg,22,1998,27.8,1,9,3,33.3,0.32,0.11,0.11,0.33,15.2,0,0,0,0.4,0.4,0.04,0.6,0.6,Matches,49070d66
483,Danijel Petković,me MNE,GK,Angers,28,1993,15,0,0,0,,0,0,,,,0,0,0,0,0,,0,0,Matches,b98cea65
484,Léo Pétrot,fr FRA,DF,Lorient,24,1997,20.2,1,5,3,60,0.25,0.15,0.2,0.33,9.8,0,0,0,0.5,0.5,0.11,0.5,0.5,Matches,638016
485,Romain Philippoteaux,fr FRA,MF,Brest,33,1988,0.3,0,0,0,,0,0,,,,0,0,0,0,0,,0,0,Matches,f98b15f0
486,Jérôme Phojo,fr FRA,DF,Clermont Foot,28,1993,0.1,0,0,0,,0,0,,,,0,0,0,0,0,,0,0,Matches,ff44d058
487,Jérémy Pied,fr FRA,DFFW,Lille,32,1989,0.1,0,0,0,,0,0,,,,0,0,0,0,0,,0,0,Matches,a634b9d2
488,Ronaël Pierre-Gabriel,fr FRA,DF,Brest,23,1998,28.3,0,5,2,40,0.18,0.07,0,0,17.7,0,0,0,0.6,0.6,0.11,-0.6,-0.6,Matches,64ba07c0
489,Julian Pollersbeck,de GER,GK,Lyon,26,1994,4.8,0,0,0,,0,0,,,,0,0,0,0,0,,0,0,Matches,d6f6ce93
490,Gaëtan Poussin,fr FRA,GK,Bordeaux,22,1999,13,0,0,0,,0,0,,,,0,0,0,0,0,,0,0,Matches,c252c705
491,Sanjin Prcić,ba BIH,MF,Strasbourg,27,1993,24.3,1,46,11,23.9,1.89,0.45,0.02,0.09,25.5,1,0,0,1.5,1.5,0.03,-0.5,-0.5,Matches,51c30111
492,Nicolas de Préville,fr FRA,FWMF,Metz,30,1991,21.9,5,41,10,24.4,1.87,0.46,0.12,0.5,20.9,4,0,0,2.8,2.8,0.07,2.2,2.2,Matches,b0547a87
493,Nemanja Radonjić,rs SRB,FW,Marseille,25,1996,0.2,0,0,0,,0,0,,,,0,0,0,0,0,,0,0,Matches,0630eb63
494,Rafinha,br BRA,FWMF,Paris S-G,28,1993,2.4,0,5,0,0,2.05,0,0,,18.4,1,0,0,0.2,0.2,0.05,-0.2,-0.2,Matches,0c2ac3cb
495,Predrag Rajković,rs SRB,GK,Reims,25,1995,38,0,0,0,,0,0,,,,0,0,0,0,0,,0,0,Matches,58ad9383
496,Adil Rami,fr FRA,DF,Troyes,35,1985,13,3,5,3,60,0.38,0.23,0.6,1,6.8,0,0,0,0.8,0.8,0.15,2.2,2.2,Matches,8dbff17c
497,Sergio Ramos,es ESP,DF,Paris S-G,35,1986,8.9,2,12,4,33.3,1.35,0.45,0.17,0.5,14.8,0,0,0,1.8,1.8,0.16,0.2,0.2,Matches,08511d65
498,Elba Rashani,xk KVX,FWMF,Clermont Foot,28,1993,19.5,8,30,12,40,1.53,0.61,0.27,0.67,13.7,0,0,0,5.2,5.2,0.17,2.8,2.8,Matches,25749008
499,Jeff Reine-Adélaïde,fr FRA,MFDF,Lyon,23,1998,2.2,0,3,1,33.3,1.36,0.45,0,0,22.5,0,0,0,0.2,0.2,0.06,-0.2,-0.2,Matches,d504b3e1
500,Tiago Ribeiro,pt POR,FW,Monaco,19,2002,0,0,0,0,,0,0,,,,0,0,0,0,0,,0,0,Matches,507d7569
501,Sergio Rico,es ESP,GK,Paris S-G,27,1993,0.3,0,0,0,,0,0,,,,0,0,0,0,0,,0,0,Matches,5f0241b2
502,Renaud Ripart,fr FRA,MFFW,Troyes,28,1993,21,2,41,13,31.7,1.95,0.62,0.05,0.15,16.1,0,0,0,3.1,3.1,0.07,-1.1,-1.1,Matches,beae3a73
503,Mihailo Ristić,rs SRB,DF,Montpellier,25,1995,20,1,18,5,27.8,0.9,0.25,0.06,0.2,29,1,0,0,0.5,0.5,0.03,0.5,0.5,Matches,ea0aa7e0
504,Maxence Rivera,fr FRA,FW,Saint-Étienne,19,2002,0.1,0,0,0,,0,0,,,,0,0,0,0,0,,0,0,Matches,46a7b605
505,Patrick Roberts,eng ENG,MF,Troyes,24,1997,0.2,0,1,0,0,6.43,0,0,,8.2,0,0,0,0.4,0.4,0.43,-0.4,-0.4,Matches,59d93937
506,Stian Rode Gregersen,no NOR,DF,Bordeaux,26,1995,21.7,1,6,1,16.7,0.28,0.05,0.17,1,8.9,0,0,0,1.2,1.2,0.2,-0.2,-0.2,Matches,5f011e05
507,Gerson Rodrigues,lu LUX,FWMF,Troyes,26,1995,9.4,1,23,7,30.4,2.44,0.74,0.04,0.14,19.9,0,0,0,3,3,0.13,-2,-2,Matches,3814b753
508,Valentin Rongier,fr FRA,MFDF,Marseille,26,1994,24.4,0,28,9,32.1,1.15,0.37,0,0,21.5,0,0,0,2.4,2.4,0.09,-2.4,-2.4,Matches,ed45c4a5
509,Pablo Rosario,nl NED,MF,Nice,24,1997,30.3,0,19,3,15.8,0.63,0.1,0,0,19.7,0,0,0,1.2,1.2,0.06,-1.2,-1.2,Matches,1a6b7ea4
510,Roli Pereira de Sa,fr FRA,MF,Nantes,24,1996,6.4,0,5,1,20,0.79,0.16,0,0,16.1,0,0,0,0.6,0.6,0.12,-0.6,-0.6,Matches,60f58477
511,Mathys Saban,fr FRA,FWMF,Saint-Étienne,19,2002,0.8,0,0,0,,0,0,,,,0,0,0,0,0,,0,0,Matches,7d9f3d69
512,Falaye Sacko,ml MLI,DF,Saint-Étienne,26,1995,7.4,0,1,0,0,0.13,0,0,,17.1,0,0,0,0.1,0.1,0.07,-0.1,-0.1,Matches,6388e356
513,Rafiki Said Ahamada,fr FRA,MFFW,Brest,21,2000,1.4,0,6,2,33.3,4.43,1.48,0,0,17.4,0,0,0,0.3,0.3,0.05,-0.3,-0.3,Matches,c2e5f306
514,Wesley Saïd,fr FRA,FWMF,Lens,26,1995,7.3,5,26,10,38.5,3.58,1.38,0.19,0.5,14,0,0,0,4.3,4.3,0.17,0.7,0.7,Matches,90fcf472
515,Mamadou Sakho,fr FRA,DF,Montpellier,31,1990,28.6,0,1,0,0,0.03,0,0,,6.4,0,0,0,0,0,0.03,0,0,Matches,87935cf3
516,Bakary Sako,ml MLI,FWMF,Saint-Étienne,33,1988,1.7,0,6,0,0,3.46,0,0,,23,1,0,0,0.3,0.3,0.05,-0.3,-0.3,Matches,381d7d54
517,William Saliba,fr FRA,DF,Marseille,20,2001,36,0,17,4,23.5,0.47,0.11,0,0,10,0,0,0,1.7,1.7,0.1,-1.7,-1.7,Matches,972aeb2a
518,Romain Salin,fr FRA,GK,Rennes,37,1984,1,0,0,0,,0,0,,,,0,0,0,0,0,,0,0,Matches,74733221
519,Yoann Salmier,gf GUF,DF,Troyes,28,1992,29.6,0,10,1,10,0.34,0.03,0,0,16.1,0,0,0,0.9,0.9,0.09,-0.9,-0.9,Matches,c3725db2
520,Mama Samba Baldé,gw GNB,MFFW,Troyes,25,1995,19.1,3,47,17,36.2,2.46,0.89,0.06,0.18,16.4,0,0,1,6.5,5.8,0.12,-3.5,-2.8,Matches,fb14aa28
521,Junior Sambia,fr FRA,DFFW,Montpellier,24,1996,17,1,20,6,30,1.17,0.35,0.05,0.17,23.4,2,0,0,1.6,1.6,0.08,-0.6,-0.6,Matches,24eb7ed6
522,Renato Sanches,pt POR,MFFW,Lille,23,1997,18.3,2,22,4,18.2,1.2,0.22,0.09,0.5,25,3,0,0,0.9,0.9,0.04,1.1,1.1,Matches,032f894e
523,Philippe Sandler,nl NED,DF,Troyes,24,1997,0.8,0,0,0,,0,0,,,,0,0,0,0,0,,0,0,Matches,6.07E+74
524,Baptiste Santamaria,fr FRA,MFDF,Rennes,26,1995,28,2,34,7,20.6,1.22,0.25,0.06,0.29,18,0,0,0,1.9,1.9,0.05,0.1,0.1,Matches,5e22e2a4
525,Pablo Sarabia,es ESP,FW,Paris S-G,29,1992,0.2,1,1,1,100,4.09,4.09,1,1,3.6,0,0,0,1,1,0.97,0,0,Matches,9744ff80
526,Martin Satriano,uy URU,FW,Brest,20,2001,10.4,4,24,10,41.7,2.32,0.97,0.17,0.4,15.7,0,0,0,3.4,3.4,0.14,0.6,0.6,Matches,86383d0e
527,Téji Savanier,fr FRA,MF,Montpellier,29,1991,26.8,8,77,34,44.2,2.87,1.27,0.06,0.15,25.1,22,3,4,7.1,3.9,0.05,0.9,1.1,Matches,6bde367b
528,Morgan Schneiderlin,fr FRA,MF,Nice,31,1989,7.2,0,2,0,0,0.28,0,0,,12.2,0,0,0,0.3,0.3,0.16,-0.3,-0.3,Matches,51b41c5c
529,Alidu Seidu,gh GHA,DF,Clermont Foot,21,2000,15.7,0,9,1,11.1,0.57,0.06,0,0,22.5,0,0,0,0.5,0.5,0.06,-0.5,-0.5,Matches,cea59f02
530,Matz Sels,be BEL,GK,Strasbourg,29,1992,37,0,2,0,0,0.05,0,0,,14.5,0,0,0,0,0,0.02,0,0,Matches,834b5c4c
531,Xherdan Shaqiri,ch SUI,FWMF,Lyon,29,1991,7.5,2,13,5,38.5,1.72,0.66,0.15,0.4,20.3,3,0,0,0.6,0.6,0.05,1.4,1.4,Matches,6421ec64
532,Mahame Siby,ml MLI,DF,Strasbourg,25,1996,0.2,0,0,0,,0,0,,,,0,0,0,0,0,,0,0,Matches,6d075c67
533,Aboubakar Sidibé,fr FRA,DF,Clermont Foot,25,1996,0.1,0,0,0,,0,0,,,,0,0,0,0,0,,0,0,Matches,ae5b93a0
534,Djibril Sidibé,fr FRA,DF,Monaco,29,1992,10.5,0,4,1,25,0.38,0.09,0,0,23.9,1,0,0,0.2,0.2,0.04,-0.2,-0.2,Matches,4c5b714f
535,Kaj Sierhuis,nl NED,FW,Reims,23,1998,0.9,0,2,0,0,2.25,0,0,,20.8,0,0,0,0.1,0.1,0.03,-0.1,-0.1,Matches,9c2b1f11
536,Caio Henrique Oliveira Silva,br BRA,DF,Monaco,24,1997,29.6,2,19,6,31.6,0.64,0.2,0.11,0.33,21.8,4,0,0,1,1,0.05,1,1,Matches,30af8b93
537,Gabriel Silva,br BRA,DFMF,Saint-Étienne,30,1991,7.9,0,1,0,0,0.13,0,0,,16.3,0,0,0,0,0,0.04,0,0,Matches,4914ed4a
538,Moses Simon,ng NGA,FWMF,Nantes,26,1995,25.9,6,42,16,38.1,1.62,0.62,0.14,0.38,15.9,2,0,0,4.6,4.6,0.11,1.4,1.4,Matches,5f3eaaf5
539,Xavi Simons,nl NED,MFFW,Paris S-G,18,2003,1.5,0,2,0,0,1.36,0,0,,13.4,0,0,0,0.2,0.2,0.1,-0.2,-0.2,Matches,da4d670f
540,Issouf Sissokho,ml MLI,MF,Bordeaux,19,2002,4.8,0,3,2,66.7,0.62,0.41,0,0,24.3,0,0,0,0.2,0.2,0.07,-0.2,-0.2,Matches,792a9d41
541,Ibrahima Sissoko,fr FRA,MFDF,Strasbourg,23,1997,25.6,2,26,6,23.1,1.02,0.23,0.08,0.33,15,0,0,0,2.6,2.6,0.1,-0.6,-0.6,Matches,0f8418aa
542,Nelson Sissoko,fr FRA,DF,Saint-Étienne,24,1997,0.5,0,0,0,,0,0,,,,0,0,0,0,0,,0,0,Matches,12bd0579
543,Sambou Sissoko,fr FRA,MFDF,Reims,22,1999,2,0,3,0,0,1.53,0,0,,22.4,0,0,0,0.1,0.1,0.05,-0.1,-0.1,Matches,e4bb1f08
544,Islam Slimani,dz ALG,FW,Lyon,33,1988,6.4,1,12,4,33.3,1.88,0.63,0.08,0.25,11.5,0,0,0,1.9,1.9,0.15,-0.9,-0.9,Matches,ffec9769
545,Florian Sotoca,fr FRA,FWMF,Lens,30,1990,27.6,6,69,24,34.8,2.5,0.87,0.06,0.17,15.5,0,2,2,8.5,6.9,0.1,-2.5,-2.9,Matches,7a42d0df
546,Sambou Soumano,sn SEN,FWMF,Lorient,20,2001,5,3,18,4,22.2,3.62,0.81,0.17,0.75,11.1,0,0,0,3,3,0.17,0,0,Matches,7cc00776
547,Arnaud Souquet,fr FRA,DF,Montpellier,29,1992,25.9,1,18,4,22.2,0.69,0.15,0.06,0.25,24.4,0,0,0,0.5,0.5,0.03,0.5,0.5,Matches,4e0afc5d
548,Saidou Sow,gn GUI,DF,Saint-Étienne,19,2002,11,2,3,2,66.7,0.27,0.18,0.67,1,7,0,0,0,0.3,0.3,0.09,1.7,1.7,Matches,f6b94e8d
549,Calvin Stengs,nl NED,MF,Nice,22,1998,11.9,1,21,5,23.8,1.76,0.42,0.05,0.2,17.9,0,0,0,2.7,2.7,0.13,-1.7,-1.7,Matches,8f7e6783
550,Kamaldeen Sulemana,gh GHA,MFFW,Rennes,19,2002,11.3,4,26,8,30.8,2.31,0.71,0.15,0.5,20.5,0,0,0,2.3,2.3,0.09,1.7,1.7,Matches,a62f8bf1
551,Abdoulaye Sylla,gn GUI,DF,Nantes,21,2000,1.7,0,0,0,,0,0,,,,0,0,0,0,0,,0,0,Matches,2aeb43f1
552,Waniss Taibi,fr FRA,MFFW,Angers,19,2002,1.5,0,1,0,0,0.68,0,0,,14.1,0,0,0,0.1,0.1,0.09,-0.1,-0.1,Matches,95192fe4
553,Flavien Tait,fr FRA,MF,Rennes,28,1993,23.6,5,42,12,28.6,1.78,0.51,0.12,0.42,20.7,0,0,0,2.6,2.6,0.06,2.4,2.4,Matches,a0f9b535
554,Florian Tardieu,fr FRA,MF,Troyes,29,1992,29.2,4,20,5,25,0.68,0.17,0,0,31.2,4,4,4,3.8,0.7,0.03,0.2,-0.7,Matches,ed39121c
555,Oussama Targhalline,ma MAR,FW,Marseille,19,2002,0.1,0,0,0,,0,0,,,,0,0,0,0,0,,0,0,Matches,abd56820
556,Loum Tchaouna,fr FRA,FWMF,Rennes,17,2003,1,0,2,1,50,2.07,1.03,0,0,16.1,0,0,0,0.3,0.3,0.13,-0.3,-0.3,Matches,a3c8b4d3
557,Warren Tchimbembé,cg CGO,MF,Metz,23,1998,2.3,0,0,0,,0,0,,,,0,0,0,0,0,,0,0,Matches,93b8f9f4
558,Aurélien Tchouaméni,fr FRA,MF,Monaco,21,2000,32.5,3,55,10,18.2,1.69,0.31,0.05,0.3,22.5,0,0,0,2,2,0.04,1,1,Matches,4f255115
559,Mathys Tel,fr FRA,FWMF,Rennes,16,2005,0.6,0,3,1,33.3,4.82,1.61,0,0,17.5,1,0,0,0.2,0.2,0.08,-0.2,-0.2,Matches,829aa60c
560,Jordan Tell,fr FRA,FW,Clermont Foot,24,1997,3.2,1,8,3,37.5,2.48,0.93,0.13,0.33,12.1,0,0,0,0.7,0.7,0.09,0.3,0.3,Matches,4f093689
561,Martin Terrier,fr FRA,FWMF,Rennes,24,1997,30.9,21,86,44,51.2,2.79,1.42,0.22,0.43,14.9,0,2,2,13.9,12.3,0.14,7.1,6.7,Matches,5148dcc5
562,Tetê,br BRA,FWMF,Lyon,21,2000,6.5,2,17,7,41.2,2.62,1.08,0.12,0.29,16.1,0,0,0,2.3,2.3,0.13,-0.3,-0.3,Matches,7120a04d
563,Sada Thioub,sn SEN,FW,Angers,26,1995,0,0,0,0,,0,0,,,,0,0,0,0,0,,0,0,Matches,f4bc42b1
564,Sada Thioub,sn SEN,DFMF,Saint-Étienne,26,1995,10.6,0,5,0,0,0.47,0,0,,17.8,0,0,0,0.2,0.2,0.04,-0.2,-0.2,Matches,f4bc42b1
565,Romain Thomas,fr FRA,DF,Angers,33,1988,28.5,2,14,4,28.6,0.49,0.14,0.14,0.5,8.2,0,0,0,2,2,0.16,0,0,Matches,275e2c51
566,Adrien Thomasson,fr FRA,MF,Strasbourg,27,1993,26.5,8,48,19,39.6,1.81,0.72,0.17,0.42,16.3,0,0,0,6.2,6.2,0.13,1.8,1.8,Matches,c76b7567
567,Thuler,br BRA,DF,Montpellier,22,1999,9.5,0,1,0,0,0.11,0,0,,9.8,0,0,0,0.1,0.1,0.07,-0.1,-0.1,Matches,db23d9fc
568,Khéphren Thuram-Ulie,fr FRA,MF,Nice,20,2001,21.1,4,23,7,30.4,1.09,0.33,0.17,0.57,17,0,0,0,2.7,2.7,0.12,1.3,1.3,Matches,7d9397f8
569,Cheikh Tidiane Sabaly,sn SEN,FWMF,Metz,22,1999,1.7,0,2,1,50,1.2,0.6,0,0,19.5,0,0,0,0.1,0.1,0.05,-0.1,-0.1,Matches,9ddf7fae
570,Jean-Clair Todibo,fr FRA,DF,Nice,21,1999,34.6,1,19,6,31.6,0.55,0.17,0.05,0.17,9.9,0,0,0,2.6,2.6,0.15,-1.6,-1.6,Matches,88f130ed
571,Karl Toko Ekambi,cm CMR,FW,Lyon,28,1992,25.5,12,74,36,48.6,2.9,1.41,0.14,0.28,14.4,0,2,2,12.6,11,0.15,-0.6,-1,Matches,5ceba7fc
572,Yoann Touzghar,tn TUN,FW,Troyes,34,1986,16.2,4,28,12,42.9,1.73,0.74,0.14,0.33,13.2,0,0,0,4.9,4.9,0.18,-0.9,-0.9,Matches,4e47507a
573,Amadou Traore,fr FRA,FW,Bordeaux,19,2002,0.2,0,0,0,,0,0,,,,0,0,0,0,0,,0,0,Matches,4eb0686f
574,Boubacar Traoré,ml MLI,MF,Metz,19,2001,19.2,1,22,5,22.7,1.15,0.26,0.05,0.2,28.3,0,0,0,0.8,0.8,0.04,0.2,0.2,Matches,999ceb5f
575,Charles Traore,ml MLI,DF,Nantes,29,1992,8,0,0,0,,0,0,,,,0,0,0,0,0,,0,0,Matches,de488e56
576,Hamari Traoré,ml MLI,DF,Rennes,29,1992,32.1,3,31,9,29,0.97,0.28,0.1,0.33,17.2,0,0,0,1.5,1.5,0.05,1.5,1.5,Matches,a4b1028a
577,Ismaël Traoré,ci CIV,DF,Angers,34,1986,35.7,4,25,9,36,0.7,0.25,0.16,0.44,9.2,0,0,0,4,4,0.17,0,0,Matches,b666421b
578,Miguel Trauco,pe PER,DFMF,Saint-Étienne,28,1992,12.4,1,11,3,27.3,0.89,0.24,0.09,0.33,23.7,1,0,0,0.5,0.5,0.04,0.5,0.5,Matches,e4b72e34
579,Adrien Truffert,fr FRA,DF,Rennes,19,2001,18.2,3,19,5,26.3,1.04,0.27,0.16,0.6,20.1,0,0,0,1.8,1.8,0.09,1.2,1.2,Matches,5d0e0a1f
580,Matthieu Udol,fr FRA,DF,Metz,25,1996,11.2,1,5,2,40,0.45,0.18,0.2,0.5,18,0,0,0,0.5,0.5,0.1,0.5,0.5,Matches,cc41f558
581,Ike Ugbo,ca CAN,FW,Troyes,22,1998,9,5,15,6,40,1.66,0.66,0.27,0.67,14.7,0,1,1,3.7,3,0.2,1.3,1,Matches,8a53d24b
582,Chimuanya Ugochukwu,fr FRA,MF,Rennes,17,2004,4.5,1,4,1,25,0.89,0.22,0.25,1,17.1,0,0,0,0.3,0.3,0.08,0.7,0.7,Matches,1df4a109
583,Hwang Ui-jo,kr KOR,FW,Bordeaux,28,1992,27.9,11,55,22,40,1.97,0.79,0.2,0.5,16.4,0,0,0,8.9,8.9,0.16,2.1,2.1,Matches,a2d873dd
584,Cengiz Ünder,tr TUR,FWMF,Marseille,24,1997,24.4,10,57,19,33.3,2.33,0.78,0.16,0.47,19.2,1,1,1,6.4,5.6,0.1,3.6,3.4,Matches,1880614f
585,Jere Uronen,fi FIN,DF,Brest,27,1994,9.8,0,4,1,25,0.41,0.1,0,0,28.3,0,0,0,0.1,0.1,0.02,-0.1,-0.1,Matches,d75f3980
586,Vanderson,br BRA,FWDF,Monaco,20,2001,12.4,2,14,6,42.9,1.13,0.48,0.14,0.33,19.8,0,0,0,1.2,1.2,0.09,0.8,0.8,Matches,ee45fd85
587,Jonathan Varane,fr FRA,MF,Lens,19,2001,0,0,0,0,,0,0,,,,0,0,0,0,0,,0,0,Matches,4ade359f
588,Marco Verratti,it ITA,MF,Paris S-G,28,1992,21.5,2,7,2,28.6,0.33,0.09,0.29,1,16.4,0,0,0,0.6,0.6,0.09,1.4,1.4,Matches,1467af0d
589,Kevin Volland,de GER,MFFW,Monaco,29,1992,27.1,9,50,23,46,1.85,0.85,0.16,0.35,13.5,2,1,1,7.4,6.6,0.13,1.6,1.4,Matches,64f69877
590,Timothy Weah,us USA,MFFW,Lille,21,2000,18,3,34,9,26.5,1.89,0.5,0.09,0.33,18.2,0,0,0,3.7,3.7,0.12,-0.7,-0.7,Matches,8eec784d
591,Georginio Wijnaldum,nl NED,MF,Paris S-G,30,1990,18.4,1,22,2,9.1,1.2,0.11,0.05,0.5,15.3,0,0,0,2,2,0.09,-1,-1,Matches,eb58eef0
592,Christopher Wooh,cm CMR,DF,Lens,19,2001,11.7,0,8,2,25,0.69,0.17,0,0,18.6,0,0,0,1,1,0.13,-1,-1,Matches,b003239d
593,Xeka,pt POR,MF,Lille,26,1994,18,3,22,5,22.7,1.22,0.28,0.14,0.6,24,2,0,0,1.5,1.5,0.07,1.5,1.5,Matches,f3600c02
594,Sekou Yansané,gn GUI,FW,Paris S-G,18,2003,0.2,0,0,0,,0,0,,,,0,0,0,0,0,,0,0,Matches,bce37ac0
595,Yusuf Yazıcı,tr TUR,MFFW,Lille,24,1997,5.7,1,10,6,60,1.77,1.06,0.1,0.17,22.1,0,0,0,0.6,0.6,0.06,0.4,0.4,Matches,f5c8b425
596,Burak Yılmaz,tr TUR,FW,Lille,36,1985,24.6,4,68,25,36.8,2.77,1.02,0.03,0.08,17,5,2,2,9.6,8,0.12,-5.6,-6,Matches,165a2e40
597,Leny Yoro,fr FRA,MF,Lille,15,2005,0.1,0,0,0,,0,0,,,,0,0,0,0,0,,0,0,Matches,6763f716
598,Zaydou Youssouf,fr FRA,MF,Saint-Étienne,22,1999,17.3,1,20,6,30,1.16,0.35,0.05,0.17,27.5,0,0,0,0.8,0.8,0.04,0.2,0.2,Matches,e2f9bb5f
599,Akim Zedadka,dz ALG,DF,Clermont Foot,26,1995,37.1,0,31,6,19.4,0.84,0.16,0,0,21.7,0,0,0,1.6,1.6,0.05,-1.6,-1.6,Matches,0ff630d0
600,Arber Zeneli,xk KVX,FW,Reims,26,1995,4.5,2,11,3,27.3,2.42,0.66,0.18,0.67,16.8,0,0,0,1.3,1.3,0.12,0.7,0.7,Matches,095e4199
601,Mehdi Zerkane,dz ALG,MFDF,Bordeaux,22,1999,0.9,0,1,0,0,1.08,0,0,,22.5,0,0,0,0,0,0.02,0,0,Matches,53f6306f
602,Edon Zhegrova,xk KVX,MFFW,Lille,22,1999,5.3,2,15,7,46.7,2.81,1.31,0.13,0.29,20.3,0,0,0,0.5,0.5,0.04,1.5,1.5,Matches,34a88e3e
603,Banhie Zoukrou,fr FRA,DF,Troyes,18,2003,0.9,0,1,1,100,1.17,1.17,0,0,12.4,0,0,0,0.1,0.1,0.06,-0.1,-0.1,Matches,aefa3050