﻿,,,,,,,,Touches,Touches,Touches,Touches,Touches,Touches,Touches,Take-Ons,Take-Ons,Take-Ons,Take-Ons,Take-Ons,Carries,Carries,Carries,Carries,Carries,Carries,Carries,Carries,Receiving,Receiving,,#NAME?
Rk,Player,Nation,Pos,Squad,Age,Born,90s,Touches,Def Pen,Def 3rd,Mid 3rd,Att 3rd,Att Pen,Live,Att,Succ,Succ%,Tkld,Tkld%,Carries,TotDist,PrgDist,PrgC,3-Jan,CPA,Mis,Dis,Rec,PrgR,Matches,-9999
,,,,,,,,,,,,,,,,,,,,,,,,,,,,,,,-9999
1,Yunis Abdelhamid,ma MAR,DF,Reims,33,1987,33.1,1919,212,1017,843,84,24,1919,18,14,77.8,4,22.2,1194,6451,3558,23,19,0,28,13,1202,14,Matches,32c2d95f
2,Salis Abdul Samed,gh GHA,MF,Clermont Foot,21,2000,27.4,1948,39,557,1146,261,16,1948,41,26,63.4,15,36.6,1386,6570,2687,24,23,3,42,30,1481,47,Matches,82464ce3
3,Laurent Abergel,fr FRA,MF,Lorient,28,1993,32.8,2032,24,404,1298,357,13,2032,61,39,63.9,22,36.1,1311,5629,2353,30,39,3,52,40,1410,73,Matches,31626657
4,Charles Abi,fr FRA,FW,Saint-Étienne,21,2000,0.5,12,0,0,5,8,1,12,0,0,,0,,7,11,1,0,0,0,3,0,9,4,Matches,469d3d84
5,Matthis Abline,fr FRA,FW,Rennes,18,2003,1.1,20,1,1,6,13,3,20,6,3,50,3,50,11,55,17,1,1,0,1,3,12,6,Matches,0e46fa2f
6,Mohamed Achi,fr FRA,MF,Nantes,19,2002,0.1,9,0,2,5,2,0,9,0,0,,0,,9,34,12,0,0,0,0,0,8,0,Matches,1e93fc5d
7,Martin Adeline,fr FRA,MFFW,Reims,17,2003,3.9,193,8,42,91,64,7,193,9,6,66.7,3,33.3,108,528,247,5,5,1,8,6,101,13,Matches,7587446d
8,Yacine Adli,fr FRA,MFFW,Bordeaux,21,2000,25.1,1531,16,266,793,491,45,1531,80,46,57.5,34,42.5,996,5781,2665,66,50,17,59,47,1050,99,Matches,26777636
9,Lucien Agoume,fr FRA,MF,Brest,19,2002,20.8,1210,55,354,666,206,30,1210,32,22,68.8,10,31.3,705,3509,1564,16,19,6,19,17,741,28,Matches,8bc8829a
10,Nayef Aguerd,ma MAR,DF,Rennes,25,1996,30.4,2469,221,1143,1274,59,34,2469,6,5,83.3,1,16.7,1611,7937,4516,11,7,0,7,4,1849,1,Matches,288e1e13
11,Ruben Aguilar,fr FRA,DF,Monaco,28,1993,23.8,1995,76,507,1015,487,27,1995,11,5,45.5,6,54.5,1133,5438,2920,61,54,4,31,5,1187,101,Matches,3dd738a1
12,Anel Ahmedhodzic,ba BIH,DF,Bordeaux,22,1999,15,1005,94,459,495,60,13,1005,4,1,25,3,75,715,4227,2449,18,14,3,8,5,669,12,Matches,eab957a3
13,Jean-Eudes Aholou,ci CIV,MF,Strasbourg,27,1994,11.2,541,12,84,319,146,17,541,23,11,47.8,12,52.2,322,1663,769,16,11,2,21,10,341,39,Matches,48b28bfd
14,Ludovic Ajorque,fr FRA,FW,Strasbourg,27,1994,30.4,1232,37,103,649,494,138,1229,27,14,51.9,13,48.1,651,2517,751,21,22,9,70,36,944,217,Matches,462475ed
15,Maghnes Akliouche,fr FRA,MFFW,Monaco,19,2002,0.6,34,0,3,12,19,3,34,1,0,0,1,100,27,154,66,2,1,1,5,1,29,7,Matches,b625b241
16,Sofiane Alakouch,ma MAR,DFMF,Metz,23,1998,1.8,131,6,32,69,30,0,131,4,2,50,2,50,72,244,142,3,5,0,6,2,85,10,Matches,5.31E+70
17,Josué Albert,gf GUF,DF,Clermont Foot,29,1992,0.2,10,2,5,4,1,1,10,0,0,,0,,6,21,11,0,0,0,0,0,6,2,Matches,3d738df0
18,Doğan Alemdar,tr TUR,GK,Rennes,18,2002,12,419,334,415,4,0,0,419,0,0,,0,,272,1272,648,0,0,0,0,0,209,0,Matches,9e17ccff
19,Mohamed Ali Cho,fr FRA,FW,Angers,17,2004,20.4,570,2,42,227,313,70,570,58,25,43.1,33,56.9,388,2889,1418,60,31,20,91,32,410,150,Matches,f8405304
20,Jim Allevinah,ga GAB,FW,Clermont Foot,26,1995,16.5,747,8,105,339,319,64,747,68,32,47.1,36,52.9,565,4604,2177,77,48,17,42,40,595,118,Matches,1956b948
21,Ibrahim Amadou,fr FRA,DFMF,Metz,28,1993,9,517,44,251,255,16,4,517,7,6,85.7,1,14.3,339,1743,917,6,4,0,9,5,363,1,Matches,9260926b
22,Jordan Amavi,fr FRA,DF,Nice,27,1994,4.6,380,11,86,235,65,0,380,9,5,55.6,4,44.4,245,1329,615,13,11,0,6,4,232,21,Matches,22721b88
23,Jordan Amavi,fr FRA,DFFW,Marseille,27,1994,1.4,104,2,24,63,18,1,104,2,0,0,2,100,59,276,127,3,3,0,2,3,70,6,Matches,22721b88
24,Benjamin André,fr FRA,MF,Lille,30,1990,30.6,2175,101,546,1315,341,36,2175,25,20,80,5,20,1251,6220,2882,38,34,2,54,26,1372,59,Matches,ef9c1c95
25,Houssem Aouar,fr FRA,MFFW,Lyon,23,1998,27.8,1816,14,178,1000,673,108,1816,129,70,54.3,59,45.7,1298,6627,3274,88,79,26,72,52,1402,169,Matches,a5db0bec
26,Adil Aouchiche,fr FRA,MFFW,Saint-Étienne,19,2002,12,776,4,101,425,268,22,776,40,15,37.5,25,62.5,478,3071,1562,43,30,9,31,17,534,61,Matches,b94b8be1
27,Dennis Appiah,fr FRA,DF,Nantes,29,1992,23.3,1243,102,466,576,215,7,1243,30,14,46.7,16,53.3,663,3658,1733,25,20,3,23,5,678,58,Matches,feb5d3ab
28,Lorenz Assignon,tg TOG,DF,Rennes,21,2000,6.8,462,26,117,188,162,18,462,10,5,50,5,50,238,1297,670,19,13,3,10,6,252,45,Matches,b026bbf6
29,Youcef Atal,dz ALG,DF,Nice,25,1996,12.7,905,27,219,408,290,29,905,39,18,46.2,21,53.8,527,3561,1858,63,42,12,19,19,537,106,Matches,6a827d8e
30,Jean-Kévin Augustin,fr FRA,FWMF,Nantes,24,1997,0.9,26,0,1,16,9,3,26,0,0,,0,,14,70,14,1,0,1,7,3,19,7,Matches,97bfa797
31,Karim Azamoum,fr FRA,DF,Troyes,31,1990,4.3,182,14,109,60,15,1,182,3,1,33.3,2,66.7,106,507,283,4,3,0,3,2,113,4,Matches,eaf71a5e
32,Loïc Bade,fr FRA,DF,Rennes,21,2000,10.9,830,84,424,391,19,7,830,5,4,80,1,20,557,3420,2025,8,6,0,4,1,611,3,Matches,114bbdee
33,Benoît Badiashile,fr FRA,DF,Monaco,20,2001,20.4,1570,149,642,903,30,19,1570,4,2,50,2,50,984,4272,2403,16,4,0,7,5,1057,5,Matches,06df8256
34,Youssouph Badji,sn SEN,FWMF,Brest,19,2001,1.5,45,0,0,16,29,7,45,0,0,,0,,25,103,23,0,0,1,4,1,34,11,Matches,6a2b9aee
35,Stéphane Bahoken,cm CMR,FW,Angers,29,1992,12.2,351,6,23,183,151,33,351,14,7,50,7,50,222,1084,327,9,8,4,40,17,253,78,Matches,5046b7d4
36,Dénys Bain,fr FRA,DF,Brest,28,1993,2,97,16,46,51,1,1,97,0,0,,0,,71,390,204,0,0,0,0,0,65,0,Matches,5065d67d
37,Stefan Bajic,fr FRA,GK,Saint-Étienne,19,2001,5.7,204,167,202,2,0,0,204,0,0,,0,,103,468,283,0,0,0,0,0,69,0,Matches,be13e5a8
38,Cédric Bakambu,cd COD,FW,Marseille,30,1991,4,113,2,8,34,71,28,113,2,1,50,1,50,75,405,148,7,3,4,10,1,85,28,Matches,0af4dcf0
39,Abdoulaye Bakayoko,fr FRA,DF,Saint-Étienne,18,2002,3.4,195,15,108,88,1,1,195,5,4,80,1,20,95,564,292,1,1,0,6,2,91,1,Matches,ee95585f
40,Dilane Bakwa,fr FRA,FWMF,Bordeaux,18,2002,0.5,23,1,2,12,9,2,23,3,1,33.3,2,66.7,13,83,22,1,0,1,1,1,14,1,Matches,2b5a35e5
41,Ibrahima Baldé,fr FRA,FWMF,Lens,18,2003,0.6,16,0,1,7,8,1,16,2,0,0,2,100,7,30,8,0,0,0,3,0,11,5,Matches,a30cb0d4
42,Leonardo Balerdi,ar ARG,DF,Marseille,22,1999,10.6,919,79,404,506,11,4,919,13,11,84.6,2,15.4,621,3062,1682,6,1,0,8,6,678,2,Matches,7c3ed041
43,Abdoulaye Bamba,ci CIV,DFFW,Angers,31,1990,5.1,240,18,81,90,69,7,240,1,0,0,1,100,122,587,264,7,5,0,10,1,112,21,Matches,7fecbcdb
44,Jonathan Bamba,fr FRA,MFFW,Lille,25,1996,27,1504,16,182,689,661,80,1504,103,34,33,69,67,1018,6405,3121,101,63,36,76,57,1064,200,Matches,b2bd0f6c
45,Simon Banza,fr FRA,FW,Lens,24,1996,1.4,49,2,3,16,32,5,49,6,4,66.7,2,33.3,28,159,74,2,2,0,2,3,36,8,Matches,be47b750
46,Danilo Barbosa,br BRA,DF,Nice,25,1996,1,60,12,32,28,0,0,60,0,0,,0,,31,100,51,1,0,0,4,0,35,0,Matches,0557ff4f
47,Bradley Barcola,fr FRA,FWMF,Lyon,18,2002,2.9,122,4,22,45,60,17,122,8,2,25,6,75,76,601,317,9,6,5,6,3,70,27,Matches,a0d55a09
48,Melvin Bard,fr FRA,DF,Nice,20,2000,28.8,2175,87,593,1222,393,14,2175,37,22,59.5,15,40.5,1290,6636,3629,65,54,5,41,17,1292,129,Matches,1ddbc7ca
49,Toma Bašić,hr CRO,MF,Bordeaux,24,1996,2.3,118,1,17,62,39,5,118,4,1,25,3,75,77,403,179,6,3,0,4,0,85,10,Matches,80556f08
50,Amine Bassi,fr FRA,MFFW,Metz,23,1997,2,146,1,23,77,48,2,146,4,3,75,1,25,90,445,158,5,3,0,5,3,97,11,Matches,ced1d98f
51,Paul Baysse,fr FRA,MFDF,Bordeaux,33,1988,0.1,6,3,4,3,0,0,6,0,0,,0,,2,11,5,0,0,0,0,0,1,0,Matches,2515040a
52,Youcef Belaïli,dz ALG,MFFW,Brest,29,1992,9.2,492,4,44,230,233,31,491,49,24,49,25,51,359,2909,1248,36,29,15,21,16,355,56,Matches,1a248246
53,Haris Belkebla,dz ALG,MF,Brest,27,1994,25.7,1211,59,296,754,180,9,1211,41,30,73.2,11,26.8,765,4000,1697,15,16,3,33,18,741,27,Matches,2b1bed19
54,Jean-Ricner Bellegarde,fr FRA,MF,Strasbourg,23,1998,25.9,1394,43,267,766,388,42,1394,63,38,60.3,25,39.7,881,5779,2997,75,53,14,60,33,900,90,Matches,10f0fdd3
55,Jeanöel Belocian,fr FRA,DF,Rennes,16,2005,0.1,10,1,8,2,0,0,10,0,0,,0,,10,53,36,0,0,0,0,0,9,0,Matches,c678ddd7
56,Hatem Ben Arfa,fr FRA,FWMF,Lille,34,1987,3.5,190,1,18,87,93,12,190,15,7,46.7,8,53.3,130,943,381,12,13,6,12,10,147,18,Matches,74dc806c
57,Salim Ben Seghir,fr FRA,MF,Marseille,18,2003,0,0,0,0,0,0,0,0,0,0,,0,,0,0,0,0,0,0,0,0,0,0,Matches,1f6298f2
58,Wissam Ben Yedder,fr FRA,FW,Monaco,30,1990,28.1,939,3,31,334,581,191,931,57,25,43.9,32,56.1,583,3127,1259,59,23,45,62,45,712,238,Matches,942b4f90
59,Darío Benedetto,ar ARG,FWMF,Marseille,31,1990,0.6,19,0,0,10,10,4,19,2,0,0,2,100,12,54,6,1,1,0,1,0,13,2,Matches,bef0a7ac
60,Walter Benítez,ar ARG,GK,Nice,28,1993,37,1103,920,1100,3,0,0,1103,0,0,,0,,651,3509,2435,0,0,0,0,0,427,0,Matches,8a2248b4
61,Loris Benito,ch SUI,DF,Bordeaux,29,1992,0.7,61,4,27,30,4,0,61,0,0,,0,,39,163,43,0,1,0,1,1,35,0,Matches,f5b6fb78
62,Nabil Bentaleb,dz ALG,MF,Angers,26,1994,16.8,1093,32,286,688,133,10,1093,31,20,64.5,11,35.5,752,3463,1318,12,14,0,33,9,742,16,Matches,3189f61a
63,Patrick Berg,no NOR,MF,Lens,23,1997,3.4,249,13,61,164,28,1,249,1,0,0,1,100,151,756,335,4,5,0,2,0,157,1,Matches,e4114f5d
64,Mitchell van Bergen,nl NED,FWMF,Reims,21,1999,10.9,327,7,47,108,179,27,327,23,14,60.9,9,39.1,203,1404,548,24,14,11,35,7,193,54,Matches,0b2c9aec
65,Valon Berisha,xk KVX,MFFW,Reims,28,1993,5.1,236,4,40,111,86,11,236,5,3,60,2,40,107,407,178,4,4,1,11,7,131,15,Matches,d5575935
66,Paul Bernardoni,fr FRA,GK,Angers,24,1997,13,368,323,367,1,0,0,368,0,0,,0,,187,996,663,0,0,0,1,0,107,0,Matches,28dabd43
67,Paul Bernardoni,fr FRA,GK,Saint-Étienne,24,1997,19,639,523,636,3,0,0,639,0,0,,0,,339,1800,1048,0,0,0,0,0,188,0,Matches,28dabd43
68,Juan Bernat,es ESP,DFMF,Paris S-G,28,1993,10.6,771,33,196,384,198,21,771,23,14,60.9,9,39.1,492,2295,1156,20,11,6,7,5,577,85,Matches,433dc9a2
69,Dimitry Bertaud,fr FRA,GK,Montpellier,23,1998,9.3,335,302,335,0,0,0,335,0,0,,0,,211,1037,593,0,0,0,0,0,129,0,Matches,380a15e2
70,Jason Berthomier,fr FRA,MF,Clermont Foot,31,1990,19.2,1558,22,260,863,450,34,1558,31,22,71,9,29,951,3487,1618,26,25,7,38,18,1186,91,Matches,03e91055
71,Giulian Biancone,fr FRA,DFMF,Troyes,21,2000,25.5,1600,108,633,659,326,39,1600,27,12,44.4,15,55.6,909,5256,2770,58,32,7,30,10,912,100,Matches,de40e38c
72,El Bilal Touré,ml MLI,FW,Reims,19,2001,13.3,489,20,71,228,193,47,488,19,8,42.1,11,57.9,249,1375,600,22,11,6,31,13,339,78,Matches,47c609d5
73,Jean-Claude Billong,cm CMR,DF,Clermont Foot,27,1993,10.9,579,61,319,241,19,10,579,3,2,66.7,1,33.3,380,1825,865,4,1,1,4,1,379,2,Matches,a3e1d20d
74,Nathan Bitu Mazala,fr FRA,DF,Paris S-G,18,2002,0.1,12,0,3,5,4,0,12,1,0,0,1,100,7,30,4,0,0,0,0,0,8,3,Matches,0f697e02
75,Marco Bizot,nl NED,GK,Brest,30,1991,38,1317,1161,1312,4,1,1,1317,0,0,,0,,698,3730,1796,0,0,0,0,0,450,0,Matches,3d214e5f
76,Ludovic Blas,fr FRA,MFFW,Nantes,23,1997,32.9,1524,16,168,789,598,89,1519,148,60,40.5,88,59.5,1047,6707,2652,69,65,17,96,79,1092,190,Matches,6191093d
77,Myron Boadu,nl NED,FW,Monaco,20,2001,10.7,278,2,17,109,154,63,278,16,8,50,8,50,170,739,214,7,6,7,46,12,210,68,Matches,5b479568
78,Jérôme Boateng,de GER,DF,Lyon,32,1988,18,1282,137,604,649,36,7,1282,4,2,50,2,50,839,3761,1853,4,1,0,4,0,907,4,Matches,2db2fd7b
79,Antonin Bobichon,fr FRA,MFFW,Angers,25,1995,0.4,20,0,2,14,4,0,20,1,0,0,1,100,11,36,13,0,0,0,0,1,13,2,Matches,7d937aa1
80,Quentin Boisgard,fr FRA,MFFW,Lorient,24,1997,10.6,530,9,92,235,212,13,530,23,11,47.8,12,52.2,310,1610,673,18,14,2,33,20,322,57,Matches,f6496133
81,Charles Boli,fr FRA,MFDF,Lens,22,1998,0.4,22,0,2,14,6,1,22,0,0,,0,,15,66,33,1,0,0,0,0,16,2,Matches,bbdd999a
82,Sven Botman,nl NED,DF,Lille,21,2000,25,1762,218,903,832,39,22,1762,5,5,100,0,0,1065,5127,2719,12,4,0,9,2,1212,0,Matches,ccce7025
83,Denis Bouanga,ga GAB,FWMF,Saint-Étienne,26,1994,27.1,1270,52,179,540,578,134,1270,121,56,46.3,65,53.7,772,5441,2506,79,46,43,114,64,856,244,Matches,0b0cbe5b
84,Hicham Boudaoui,dz ALG,MF,Nice,21,1999,18,885,27,156,441,300,39,885,42,22,52.4,20,47.6,596,3209,1262,38,24,10,41,23,600,101,Matches,f9d5908e
85,Ryad Boudebouz,dz ALG,MFFW,Saint-Étienne,31,1990,25,1798,31,271,1002,551,32,1797,80,55,68.8,25,31.3,1156,6871,3447,85,77,6,50,44,1335,138,Matches,1001ae82
86,Sofiane Boufal,ma MAR,FWMF,Angers,27,1993,25.9,1456,8,82,714,682,107,1453,198,91,46,107,54,1006,6944,3369,127,76,49,110,75,1108,207,Matches,b0c71810
87,Farid Boulaya,dz ALG,MFFW,Metz,28,1993,17,904,10,119,498,302,18,904,32,19,59.4,13,40.6,579,4042,1660,50,40,6,25,24,617,73,Matches,a0791826
88,Ismaëlben Boura,fr FRA,DF,Lens,20,2000,1.1,83,7,28,37,18,0,83,0,0,,0,,26,183,120,2,1,0,0,0,55,2,Matches,62e02107
89,Benjamin Bourigeaud,fr FRA,FWMF,Rennes,27,1994,35.5,2263,60,266,1001,1009,91,2263,21,9,42.9,12,57.1,1294,6002,2613,47,50,14,41,20,1530,322,Matches,20e73fac
90,Redwan Bourles,fr FRA,MFFW,Lorient,18,2003,0.2,8,0,1,1,6,0,8,0,0,,0,,5,35,7,0,0,0,1,1,6,2,Matches,5c7895a0
91,Domagoj Bradarić,hr CRO,DF,Lille,21,1999,4.6,342,13,96,153,95,2,342,5,2,40,3,60,206,1180,639,11,11,1,5,4,196,21,Matches,8bbe2df5
92,Bilal Brahimi,dz ALG,MF,Nice,21,2000,4.2,216,1,20,82,120,15,216,10,3,30,7,70,164,1417,628,25,18,4,11,10,155,39,Matches,02bcaf8e
93,Bilal Brahimi,dz ALG,FW,Angers,21,2000,3.8,139,0,16,51,73,13,139,20,11,55,9,45,115,965,456,19,10,10,16,12,114,32,Matches,02bcaf8e
94,Lilian Brassier,fr FRA,DF,Brest,21,1999,25.1,1525,167,759,678,98,22,1525,16,5,31.3,11,68.8,957,5585,3183,31,12,5,20,4,933,22,Matches,5b146df3
95,Jimmy Briand,fr FRA,FWMF,Bordeaux,35,1985,2.5,107,3,16,45,46,14,105,4,1,25,3,75,62,211,78,2,4,0,9,2,70,23,Matches,f83c8d6c
96,Dylan Bronn,tn TUN,DF,Metz,26,1995,28.3,1419,131,725,652,55,14,1419,8,6,75,2,25,859,4225,2558,14,11,0,9,5,856,3,Matches,edd81e2a
97,Osman Bukari,gh GHA,FWMF,Nantes,22,1998,11.2,438,7,59,146,247,44,438,46,21,45.7,25,54.3,288,2207,1102,46,28,17,32,21,280,91,Matches,eab85789
98,Maxime Busi,be BEL,DF,Reims,21,1999,14.4,857,54,303,335,228,18,857,24,15,62.5,9,37.5,513,3236,1987,40,23,4,30,9,489,64,Matches,7b082ec2
99,Oriol Busquets,es ESP,MF,Clermont Foot,22,1999,2.2,144,6,40,85,22,1,144,3,2,66.7,1,33.3,106,449,201,0,2,0,3,3,107,0,Matches,49712367
100,Marcin Bułka,pl POL,GK,Nice,21,1999,1,24,23,24,0,0,0,24,0,0,,0,,15,100,61,0,0,0,0,0,9,0,Matches,db87a2c4
101,Rémy Cabella,fr FRA,MFFW,Montpellier,31,1990,3.5,255,4,34,123,104,14,255,11,7,63.6,4,36.4,203,1154,580,18,12,3,3,9,192,41,Matches,148e136f
102,Jimmy Cabot,fr FRA,DF,Angers,27,1994,22.3,1712,47,490,777,474,29,1712,107,45,42.1,62,57.9,1040,7057,3914,92,63,13,60,21,1043,150,Matches,46359159
103,Anthony Caci,fr FRA,DF,Strasbourg,24,1997,26.6,1898,79,505,956,453,32,1898,41,23,56.1,18,43.9,1062,5542,2885,65,43,12,32,17,1153,113,Matches,0118c54c
104,Mathieu Cafaro,fr FRA,MFFW,Reims,24,1997,2.1,113,1,20,42,51,6,113,3,0,0,3,100,48,200,107,4,4,0,4,1,61,13,Matches,2a657da0
105,Yannick Cahuzac,fr FRA,MF,Lens,36,1985,6.9,299,13,55,209,37,7,299,2,1,50,1,50,155,629,319,5,5,1,2,1,192,15,Matches,677ee102
106,Marc-Aurèle Caillard,fr FRA,GK,Metz,27,1994,17.1,508,463,506,2,0,0,508,0,0,,0,,232,1397,845,0,0,0,0,0,110,0,Matches,5ee6e943
107,Jens Cajuste,se SWE,MFFW,Reims,21,1999,4,169,7,38,88,45,14,168,18,9,50,9,50,108,676,382,10,8,3,6,6,106,14,Matches,928a4a61
108,Duje Ćaleta-Car,hr CRO,DF,Marseille,24,1996,22.9,1962,159,777,1132,58,17,1962,1,1,100,0,0,1517,7106,3903,14,16,0,8,1,1579,2,Matches,94f8d10c
109,Lucas Calodat,fr FRA,DF,Saint-Étienne,19,2002,0,2,0,1,1,0,0,2,0,0,,0,,1,3,3,0,0,0,0,0,2,0,Matches,7a72e960
110,Mahdi Camara,fr FRA,MFDF,Saint-Étienne,23,1998,34.1,1906,47,445,1074,406,34,1906,56,35,62.5,21,37.5,1089,5648,2896,43,63,2,53,33,1193,89,Matches,8577e60a
111,Mamadou Camara,fr FRA,FW,Troyes,20,2001,0.4,16,0,2,6,8,1,16,0,0,,0,,13,62,21,0,1,0,1,1,15,2,Matches,316e70c7
112,Eduardo Camavinga,fr FRA,MF,Rennes,18,2002,1.6,89,3,14,59,17,1,89,2,0,0,2,100,59,295,153,3,4,0,3,1,65,6,Matches,7b9c2d84
113,Fali Candé,gw GNB,DF,Metz,23,1998,10.8,619,33,208,272,142,4,619,22,7,31.8,15,68.2,315,1548,726,13,10,2,18,9,327,41,Matches,3cc4bb19
114,Pierrick Capelle,fr FRA,MFDF,Angers,34,1987,13.3,748,34,194,382,181,22,748,30,16,53.3,14,46.7,432,2384,969,23,13,7,31,18,432,42,Matches,79b2399c
115,Maxence Caqueret,fr FRA,MF,Lyon,21,2000,25.9,1844,58,378,1195,297,16,1844,58,37,63.8,21,36.2,1137,4975,2204,25,37,2,50,26,1274,29,Matches,f81ef10d
116,Irvin Cardona,fr FRA,FWMF,Brest,23,1997,14.8,495,21,76,207,220,61,495,33,12,36.4,21,63.6,302,1808,772,28,23,11,44,19,340,97,Matches,5e080f73
117,Igor Carioca,br BRA,DF,Lorient,24,1996,17.5,951,45,231,409,323,18,951,25,13,52,12,48,472,2676,1390,41,21,4,30,11,515,104,Matches,e3e32fbb
118,Moreto Cassamã,gw GNB,MF,Reims,23,1998,8.9,534,18,142,300,98,5,534,23,10,43.5,13,56.5,307,1454,655,11,8,1,18,9,369,8,Matches,f54d2149
119,Jean-Charles Castelletto,cm CMR,DF,Nantes,26,1995,27.9,1433,123,588,786,66,20,1433,8,7,87.5,1,12.5,834,3804,1947,9,10,3,6,5,842,5,Matches,e0f3a1f6
120,Zeki Çelik,tr TUR,DF,Lille,24,1997,30,2076,94,547,1044,500,54,2076,38,19,50,19,50,1172,6540,3798,72,55,8,31,11,1248,129,Matches,31a62dc7
121,Fabien Centonze,fr FRA,DF,Metz,25,1996,17.6,1038,69,347,458,245,16,1038,56,29,51.8,27,48.2,595,3724,1842,46,28,5,36,14,571,67,Matches,3c6bbbab
122,Leonardo César Jardim,br BRA,GK,Lille,26,1995,17,,,,,,,,,,,,,,,,,,,,,,,Matches,f5dfc256
123,El Chadaille Bitshiabu,fr FRA,DF,Paris S-G,16,2005,0.1,8,3,4,4,0,0,8,0,0,,0,,6,13,4,0,0,0,0,0,6,0,Matches,2180c761
124,Nassim Chadli,fr FRA,MFDF,Troyes,20,2001,1.1,71,2,16,21,34,3,71,8,4,50,4,50,41,300,164,6,3,2,11,2,43,15,Matches,5c61496e
125,Mehdi Chahiri,ma MAR,DF,Strasbourg,25,1996,0.2,10,0,2,2,6,3,10,0,0,,0,,5,36,20,1,1,1,0,2,4,1,Matches,1787195f
126,Dylan Chambost,fr FRA,MFFW,Troyes,23,1997,8.4,554,9,117,325,117,9,554,3,2,66.7,1,33.3,339,1323,657,7,8,0,9,4,385,20,Matches,dbde4959
127,Brendan Chardonnet,fr FRA,DF,Brest,26,1994,29.8,1596,252,900,654,54,17,1596,4,1,25,3,75,935,4651,2583,9,15,2,5,1,934,5,Matches,16aa7d4c
128,Xavier Chavalerin,fr FRA,MF,Troyes,30,1991,30.2,1325,52,343,643,349,39,1325,26,14,53.8,12,46.2,826,3447,1203,19,25,3,37,14,870,85,Matches,279ddf6a
129,Xavier Chavalerin,fr FRA,MF,Reims,30,1991,2.4,118,7,35,56,28,5,118,2,2,100,0,0,51,240,92,4,3,0,1,1,65,5,Matches,279ddf6a
130,Rayan Cherki,fr FRA,FWMF,Lyon,17,2003,4.9,334,1,14,148,175,26,334,37,17,45.9,20,54.1,224,1467,766,30,14,12,16,11,250,51,Matches,b34c63a5
131,Pedro Chirivella,es ESP,MF,Nantes,24,1997,29.3,1925,21,283,1302,348,21,1925,16,8,50,8,50,1147,4680,1922,13,22,2,14,9,1386,34,Matches,68a26d51
132,Joris Chotard,fr FRA,MF,Montpellier,19,2001,32.6,1556,134,590,831,145,15,1556,21,8,38.1,13,61.9,909,3758,1537,5,7,2,30,5,943,20,Matches,7909ffa4
133,Alexis Claude-Maurice,fr FRA,MF,Nice,23,1998,2.3,144,1,12,58,74,11,144,8,3,37.5,5,62.5,90,427,151,5,6,1,5,5,96,13,Matches,741418c3
134,Jonathan Clauss,fr FRA,DF,Lens,28,1992,33.8,2243,66,432,823,1021,63,2243,60,29,48.3,31,51.7,1109,6466,3667,110,77,22,47,13,1155,303,Matches,5219ab4a
135,Marcus Coco,fr FRA,MFFW,Nantes,25,1996,10.3,484,20,116,199,178,19,484,26,14,53.8,12,46.2,284,1808,950,28,20,7,26,23,299,62,Matches,3010aefb
136,Abdu Conté,pt POR,DF,Troyes,23,1998,15,733,24,265,282,195,14,733,19,11,57.9,8,42.1,433,2537,1346,31,32,8,21,8,428,71,Matches,cfa49cc1
137,Sébastien Corchia,fr FRA,DF,Nantes,30,1990,14.7,746,40,183,272,294,11,746,28,9,32.1,19,67.9,319,1852,926,29,22,3,21,8,328,72,Matches,0e7ccfc4
138,Maxwel Cornet,ci CIV,DF,Lyon,24,1996,0.7,44,2,9,23,12,0,44,1,1,100,0,0,28,142,77,4,1,0,0,1,32,1,Matches,beb391dd
139,David Pereira da Costa,pt POR,MFFW,Lens,20,2001,16.3,941,7,105,462,384,56,941,37,24,64.9,13,35.1,697,3895,2011,56,34,20,29,24,749,99,Matches,59948ef7
140,Benoît Costil,fr FRA,GK,Bordeaux,34,1987,25,962,773,947,15,0,0,962,0,0,,0,,493,2454,1337,0,0,0,1,1,396,0,Matches,2434f24a
141,Kalifa Coulibaly,ml MLI,FW,Nantes,29,1991,9.4,294,16,21,135,139,47,294,10,6,60,4,40,132,588,179,5,4,3,29,9,221,29,Matches,9980269a
142,Nicolas Cozza,fr FRA,DF,Montpellier,22,1999,30.8,1719,163,828,707,205,29,1719,33,18,54.5,15,45.5,1002,5989,2915,47,31,6,48,14,1020,38,Matches,8f325097
143,Enzo Crivelli,fr FRA,FWMF,Saint-Étienne,26,1995,1.1,35,1,3,16,16,4,35,4,2,50,2,50,19,91,15,1,0,1,3,1,24,9,Matches,06f33dc8
144,Wylan Cyprien,fr FRA,MF,Nantes,26,1995,16.6,1075,23,197,649,245,12,1075,21,15,71.4,6,28.6,684,2882,1279,8,14,0,15,17,710,32,Matches,3e092724
145,Lucas Da Cunha,fr FRA,MF,Nice,20,2001,4.4,215,4,19,98,103,14,215,15,9,60,6,40,131,937,443,15,9,4,15,5,135,18,Matches,007faf7a
146,Lucas Da Cunha,fr FRA,FWMF,Clermont Foot,20,2001,9.3,436,6,61,203,177,26,436,40,19,47.5,21,52.5,305,1975,772,25,17,9,17,24,309,58,Matches,007faf7a
147,Damien Da Silva,fr FRA,DF,Lyon,33,1988,12.5,1026,107,475,516,37,17,1026,2,1,50,1,50,728,3786,1946,12,6,0,6,0,761,2,Matches,1ec7e1c5
148,Colin Dagba,fr FRA,DF,Paris S-G,22,1998,1.8,155,4,16,77,62,5,155,4,2,50,2,50,99,460,281,7,4,1,1,3,125,24,Matches,29c02c9f
149,Flavius Daniliuc,at AUT,DF,Nice,20,2001,14.4,1019,74,428,516,85,10,1019,10,6,60,4,40,657,3412,1746,6,7,1,13,2,615,25,Matches,7ef972c3
150,Kevin Danso,at AUT,DF,Lens,22,1998,31,2172,228,1013,1134,41,17,2172,10,8,80,2,20,1471,9793,5226,9,8,0,15,4,1436,1,Matches,6e33125f
151,Dante,br BRA,DF,Nice,37,1983,31.9,2689,250,1168,1477,53,24,2689,7,6,85.7,1,14.3,1928,8775,4629,13,10,1,13,1,2019,1,Matches,fd2bc67d
152,Jonathan David,ca CAN,FW,Lille,21,2000,31.2,971,21,91,435,454,141,968,54,26,48.1,28,51.9,619,3065,1446,43,28,25,95,36,703,182,Matches,ce50fd99
153,Konrad De La Fuente,us USA,FWMF,Marseille,20,2001,8.7,326,3,38,68,230,46,326,37,21,56.8,16,43.2,245,1862,1071,37,20,21,17,21,246,110,Matches,4b77bb89
154,Romain Del Castillo,fr FRA,MFFW,Rennes,25,1996,0.3,21,0,1,14,8,1,21,3,2,66.7,1,33.3,15,98,68,0,2,0,1,1,14,3,Matches,0be95d34
155,Romain Del Castillo,fr FRA,MFFW,Brest,25,1996,10.8,601,3,62,282,264,24,601,43,20,46.5,23,53.5,412,2348,797,20,20,9,48,23,406,85,Matches,0be95d34
156,Thomas Delaine,fr FRA,DF,Metz,29,1992,25.7,1434,53,385,645,428,26,1434,51,23,45.1,28,54.9,841,6117,3307,110,74,12,58,17,842,154,Matches,8332db56
157,Sacha Delaye,fr FRA,MFFW,Montpellier,19,2002,2.9,110,2,21,48,41,7,110,3,3,100,0,0,69,327,171,2,2,1,7,3,63,13,Matches,e4448c8c
158,Andy Delort,dz ALG,FW,Nice,29,1991,27.2,980,18,56,380,556,134,977,46,18,39.1,27,58.7,599,2594,763,24,25,11,67,24,747,188,Matches,d33c706e
159,Andy Delort,dz ALG,FW,Montpellier,29,1991,3,138,4,9,58,71,18,138,1,1,100,0,0,81,237,73,0,0,0,10,2,101,17,Matches,d33c706e
160,Moussa Dembélé,fr FRA,FW,Lyon,25,1996,24.5,757,35,64,292,404,149,752,42,25,59.5,17,40.5,436,2014,724,25,18,18,94,44,532,157,Matches,e7986081
161,Jason Denayer,be BEL,DF,Lyon,26,1995,11.1,843,104,452,384,9,6,843,2,2,100,0,0,552,2116,1074,3,0,0,3,1,630,0,Matches,47af88b8
162,Arthur Desmas,fr FRA,GK,Clermont Foot,27,1994,14.5,440,382,439,1,0,0,440,0,0,,0,,229,1084,644,0,0,0,0,0,181,0,Matches,e8c5dd4d
163,Ángel Di María,ar ARG,FW,Paris S-G,33,1988,18.3,1400,11,103,546,769,83,1400,61,31,50.8,30,49.2,997,6044,3000,74,67,27,46,16,1127,235,Matches,19cda00b
164,Yadaly Diaby,fr FRA,FWMF,Clermont Foot,20,2000,0.7,31,1,4,15,13,5,31,3,1,33.3,2,66.7,18,98,51,1,0,1,2,1,20,2,Matches,5630a6e0
165,Ibrahim Diakité,gn GUI,MF,Reims,17,2003,0,3,0,2,1,0,0,3,0,0,,0,,1,0,0,0,0,0,0,0,1,0,Matches,d8c19a60
166,Abdou Diallo,sn SEN,DF,Paris S-G,25,1996,9.7,798,51,239,417,150,7,798,26,19,73.1,7,26.9,528,2767,1403,16,25,3,13,6,582,39,Matches,fc62f087
167,Habib Diallo,sn SEN,FW,Strasbourg,26,1995,17.1,575,24,50,245,285,88,573,33,17,51.5,16,48.5,319,1539,572,19,13,16,69,24,443,132,Matches,6605d143
168,Mouhamadou Diarra,sn SEN,MF,Strasbourg,17,2004,1.2,69,0,2,56,11,0,69,1,1,100,0,0,52,247,94,0,1,0,0,2,48,0,Matches,6d0fe035
169,Stéphane Diarra,fr FRA,MFFW,Lorient,22,1998,5.8,277,1,27,125,136,24,277,31,15,48.4,16,51.6,175,1329,760,33,16,6,12,11,188,53,Matches,29939a1d
170,Krépin Diatta,sn SEN,MFDF,Monaco,22,1999,3.2,140,1,12,63,67,13,140,7,6,85.7,1,14.3,78,452,203,8,2,7,9,3,99,27,Matches,8104e41e
171,Bamba Dieng,sn SEN,FW,Marseille,21,2000,10.8,317,7,32,113,175,68,316,17,5,29.4,12,70.6,202,1281,659,24,10,17,25,13,233,82,Matches,40774c6b
172,Elhadji Dieye,sn SEN,FWMF,Saint-Étienne,19,2002,0.4,23,0,4,10,9,4,23,3,1,33.3,2,66.7,10,48,24,1,1,0,3,1,12,3,Matches,6a04bb7c
173,Javairô Dilrosun,nl NED,MFFW,Bordeaux,23,1998,19.2,799,6,63,373,375,43,799,71,46,64.8,25,35.2,549,4359,2101,72,44,20,38,24,560,107,Matches,34a0f5ff
174,Junior Dina Ebimbe,fr FRA,MF,Paris S-G,20,2000,3.5,254,3,46,169,41,3,254,10,6,60,4,40,186,745,292,7,7,0,7,6,212,12,Matches,95bb6ddc
175,Tristan Dingomé,cm CMR,MFFW,Troyes,30,1991,12,639,8,85,326,235,24,639,14,11,78.6,3,21.4,393,1329,547,5,11,0,15,16,452,74,Matches,92b56413
176,Sinaly Diomande,ci CIV,DF,Lyon,20,2001,6.4,538,55,251,275,13,5,538,2,1,50,1,50,354,1518,762,0,1,0,5,0,417,0,Matches,6de23ab0
177,Sofiane Diop,fr FRA,MFFW,Monaco,21,2000,21.6,1246,8,116,531,617,85,1246,83,46,55.4,37,44.6,766,4747,2114,75,54,26,71,34,890,202,Matches,1.91E+35
178,Andy Diouf,fr FRA,MF,Rennes,18,2003,0.2,14,0,7,6,2,1,14,0,0,,0,,7,61,28,0,0,0,1,1,7,2,Matches,9b5237b1
179,Assane Dioussé,sn SEN,MF,Saint-Étienne,23,1997,0.3,35,0,11,24,1,0,35,0,0,,0,,17,128,78,1,1,0,1,0,26,1,Matches,7f622eef
180,Axel Disasi,fr FRA,DF,Monaco,23,1998,30.2,2008,202,855,1111,56,32,2008,10,9,90,1,10,1316,7236,4448,27,13,0,8,5,1373,4,Matches,ad82197c
181,Tiago Djaló,pt POR,DF,Lille,21,2000,25.9,1769,146,755,874,162,23,1769,20,14,70,6,30,1117,6023,3079,32,20,4,28,9,1121,24,Matches,b2336681
182,Alexander Djiku,gh GHA,DF,Strasbourg,26,1994,29.9,1945,175,783,1044,136,25,1945,16,7,43.8,9,56.3,1188,6184,3325,15,25,0,17,7,1247,3,Matches,43e7a164
183,Bryan Djile Nokoué,cm CMR,DFMF,Saint-Étienne,19,2002,0.6,40,2,16,16,8,0,40,0,0,,0,,19,82,46,1,0,0,1,1,19,2,Matches,75186a6a
184,Ouparine Djoco,sn SEN,GK,Clermont Foot,23,1998,23.5,788,650,785,3,0,0,788,0,0,,0,,476,2740,1588,0,0,0,1,0,310,0,Matches,62124972
185,Jeremy Doku,be BEL,FWMF,Rennes,19,2002,5.2,252,2,28,98,138,21,252,52,36,69.2,16,30.8,195,1821,1079,32,21,11,28,19,193,43,Matches,fffea3e5
186,Kasper Dolberg,dk DEN,FW,Nice,23,1997,16.6,426,19,40,185,207,58,424,21,11,52.4,10,47.6,253,1161,415,15,12,8,53,18,312,90,Matches,cc83b74d
187,Brandon Domingues,fr FRA,MFFW,Troyes,21,2000,2.6,121,0,17,43,62,10,121,6,2,33.3,4,66.7,86,670,282,7,7,0,5,2,87,24,Matches,2a00c6c0
188,Anastasios Donis,gr GRE,FWMF,Reims,24,1996,4.1,154,2,16,52,87,17,154,18,7,38.9,11,61.1,98,1136,577,27,11,9,10,7,114,46,Matches,0f26fd24
189,Gianluigi Donnarumma,it ITA,GK,Paris S-G,22,1999,17,498,427,497,1,0,0,498,1,1,100,0,0,319,1480,988,0,0,0,0,0,224,0,Matches,08f5afaa
190,Jodel Dossou,bj BEN,FW,Clermont Foot,29,1992,22.3,857,13,111,325,436,89,857,74,39,52.7,35,47.3,626,4494,2338,104,49,36,70,41,634,191,Matches,a1dbfcb1
191,Lohann Doucet,fr FRA,MFDF,Nantes,18,2002,0.1,11,0,1,10,0,0,11,0,0,,0,,7,24,11,0,0,0,0,0,6,0,Matches,dff0c299
192,Cheick Doucouré,ml MLI,MF,Lens,21,2000,32.7,2193,46,389,1484,344,17,2193,32,23,71.9,9,28.1,1465,8072,4383,54,52,2,36,29,1589,32,Matches,ce4f40c7
193,Fodé Doucouré,ml MLI,DFFW,Reims,20,2001,1.7,105,9,44,43,19,0,105,2,2,100,0,0,35,212,120,1,1,0,0,0,44,1,Matches,1bfe34dc
194,Ismaël Doukouré,fr FRA,DF,Strasbourg,18,2003,0.2,4,1,2,2,0,0,4,0,0,,0,,2,15,14,0,0,0,0,0,2,0,Matches,0512a60a
195,Kamory Doumbia,ml MLI,MFFW,Reims,18,2003,3.9,228,10,57,112,64,10,228,10,6,60,4,40,163,899,469,6,7,4,18,8,153,16,Matches,9226aa22
196,Moussa Doumbia,ml MLI,FW,Reims,26,1994,1,49,0,3,16,30,7,48,3,1,33.3,2,66.7,43,249,71,4,0,4,5,0,42,16,Matches,6481421d
197,Souleyman Doumbia,ci CIV,DFFW,Angers,24,1996,24.7,1396,70,400,635,383,29,1396,86,45,52.3,41,47.7,869,5425,2654,66,47,12,53,24,857,147,Matches,9daeac61
198,Julian Draxler,de GER,FWMF,Paris S-G,27,1993,6.1,346,5,30,182,138,19,346,16,10,62.5,6,37.5,247,1201,514,14,20,2,6,7,293,48,Matches,1a992676
199,Matthieu Dreyer,fr FRA,GK,Lorient,32,1989,16,452,391,449,3,0,0,452,0,0,,0,,224,1088,694,0,1,0,0,0,156,0,Matches,fbf83734
200,Leo Dubois,fr FRA,DF,Lyon,26,1994,19.4,1552,56,373,786,408,24,1552,24,12,50,12,50,946,4571,2336,44,36,5,21,11,1030,124,Matches,ff0ab48c
201,Jean-Kevin Duverne,fr FRA,DF,Brest,24,1997,33.4,2151,126,698,1036,429,31,2151,42,19,45.2,23,54.8,1174,6682,3680,76,49,6,46,21,1205,107,Matches,0cbc8baa
202,Enzo Ebosse,cm CMR,DF,Angers,22,1999,21,1246,86,536,638,84,6,1246,15,9,60,6,40,856,4677,2469,26,15,0,21,2,844,18,Matches,9ba7b4fa
203,Hugo Ekitike,fr FRA,FW,Reims,19,2002,14.1,603,20,73,269,273,66,601,47,23,48.9,24,51.1,365,2120,1006,35,28,19,66,22,439,87,Matches,5b92d896
204,Alberth Elis,hn HON,FWMF,Bordeaux,25,1996,15.7,517,11,63,189,271,76,516,45,16,35.6,29,64.4,338,2284,1101,42,23,18,54,31,373,118,Matches,104b4ad3
205,Sepe Elye Wahi,fr FRA,FW,Montpellier,18,2003,19.8,427,6,62,135,237,79,427,24,9,37.5,15,62.5,270,1336,609,24,12,14,53,15,295,100,Matches,0d7b6576
206,Renaud Emond,be BEL,FWMF,Nantes,29,1991,2.1,48,2,5,25,18,2,48,0,0,,0,,18,41,4,0,0,0,4,0,31,4,Matches,5c9ac7f0
207,Maxime Estève,fr FRA,DF,Montpellier,19,2002,20.6,1005,151,549,443,22,11,1005,3,2,66.7,1,33.3,632,3558,1906,12,4,0,12,2,605,2,Matches,1a066e69
208,Fábio,br BRA,DF,Nantes,31,1990,18.5,1071,48,318,505,259,17,1071,24,14,58.3,10,41.7,469,2497,1162,26,25,1,20,9,476,75,Matches,bc7b4580
209,Cesc Fàbregas,es ESP,MF,Monaco,34,1987,0.4,59,1,8,24,27,1,59,1,0,0,1,100,31,96,50,2,0,1,0,0,42,3,Matches,33508c78
210,Wout Faes,be BEL,DF,Reims,23,1998,37,1843,330,1110,682,66,32,1843,9,7,77.8,2,22.2,1100,6230,3604,13,13,1,21,4,1118,10,Matches,9c221d14
211,Romain Faivre,fr FRA,FWMF,Lyon,23,1998,9.9,705,6,61,329,324,36,705,41,22,53.7,19,46.3,521,3667,1947,63,40,15,24,11,532,72,Matches,745ca0a3
212,Romain Faivre,fr FRA,MF,Brest,23,1998,19.9,1131,19,149,474,531,61,1126,89,43,48.3,46,51.7,689,5443,2850,100,65,18,59,31,767,98,Matches,745ca0a3
213,Wuilker Faríñez,ve VEN,GK,Lens,23,1998,12.3,325,283,322,3,0,0,325,0,0,,0,,197,1047,584,0,0,0,1,0,115,0,Matches,2c127b6f
214,Noah Fatar,fr FRA,DFMF,Angers,19,2002,0.1,9,0,0,4,5,0,9,0,0,,0,,4,30,15,1,0,0,0,0,3,1,Matches,2693f6bc
215,Julien Faussurier,fr FRA,MFDF,Brest,34,1987,5.4,331,11,65,125,144,16,331,8,1,12.5,7,87.5,207,1190,497,18,15,3,9,2,199,60,Matches,7.67E+11
216,Jordan Ferri,fr FRA,MF,Montpellier,29,1992,32.3,2827,98,835,1676,341,6,2827,53,35,66,18,34,2056,10912,6091,78,48,3,37,47,2153,43,Matches,375622c5
217,Karol Fila,pl POL,DF,Strasbourg,23,1998,6.2,422,8,75,194,155,10,422,6,3,50,3,50,249,1014,434,10,7,1,6,3,275,51,Matches,50ac8941
218,Alexis Flips,fr FRA,MFDF,Reims,21,2000,11.7,687,25,164,289,252,23,686,28,13,46.4,15,53.6,348,1725,770,15,19,3,33,14,354,61,Matches,caef7840
219,Mamadou Fofana,ml MLI,DF,Metz,23,1998,0.4,12,5,10,2,0,0,12,0,0,,0,,2,4,0,0,0,0,0,0,1,0,Matches,4c4ffacc
220,Seko Fofana,ci CIV,MF,Lens,26,1995,37.3,2195,32,268,1280,687,105,2195,123,79,64.2,44,35.8,1616,10414,5140,131,95,29,86,50,1760,227,Matches,5313ed43
221,Youssouf Fofana,fr FRA,MF,Monaco,22,1999,24.3,1455,47,239,973,263,17,1455,62,40,64.5,22,35.5,918,4891,2497,44,41,5,38,33,1001,47,Matches,822d51d7
222,Thomas Foket,be BEL,DFFW,Reims,26,1994,24.8,1281,88,432,503,355,27,1281,26,13,50,13,50,769,3942,1776,34,26,0,34,18,770,115,Matches,90eb507d
223,Thomas Fontaine,mg MAD,DF,Lorient,30,1991,1.9,72,6,37,33,2,0,72,0,0,,0,,38,137,58,0,0,0,1,0,42,0,Matches,9f90c06b
224,José Fonte,pt POR,DF,Lille,37,1983,38,2437,300,1221,1110,116,48,2437,5,4,80,1,20,1525,7326,4048,14,10,1,18,2,1580,13,Matches,90f87966
225,Steven Fortes,cv CPV,DF,Lens,29,1992,1,39,5,22,18,0,0,39,2,1,50,1,50,17,120,55,0,0,0,1,1,23,0,Matches,574aa9ec
226,Przemysław Frankowski,pl POL,DF,Lens,26,1995,27.2,1740,67,416,748,592,63,1740,38,16,42.1,22,57.9,955,4654,2167,53,44,7,39,17,1067,223,Matches,00a8d210
227,Fransérgio,br BRA,MF,Bordeaux,30,1990,14,684,37,149,440,102,17,684,11,5,45.5,6,54.5,378,1777,778,10,10,1,20,10,413,23,Matches,deba6b05
228,Angelo Fulgini,fr FRA,MFFW,Angers,24,1996,32.5,1761,11,190,932,656,84,1761,125,49,39.2,76,60.8,1249,6756,3092,75,68,19,78,55,1374,189,Matches,4b96c347
229,Gauthier Gallon,fr FRA,GK,Troyes,28,1993,31,1143,1027,1139,4,0,0,1143,0,0,,0,,652,3120,1930,0,0,0,1,0,477,0,Matches,db3164e1
230,Kévin Gameiro,fr FRA,FW,Strasbourg,34,1987,26.5,1040,2,49,434,570,152,1037,38,17,44.7,21,55.3,697,3881,1657,69,43,31,61,38,794,225,Matches,42276181
231,Idrissa Gana Gueye,sn SEN,MF,Paris S-G,31,1989,18.2,1584,37,278,1020,298,16,1584,28,20,71.4,8,28.6,1093,5064,2281,28,30,0,19,16,1228,35,Matches,72c812f3
232,Ignatius Ganago,cm CMR,FW,Lens,22,1999,11.4,322,3,15,140,173,50,322,20,11,55,9,45,197,955,394,11,8,7,43,21,242,77,Matches,23c63b7f
233,Djeidi Gassama,fr FRA,FW,Paris S-G,17,2003,0,3,0,1,1,1,0,3,0,0,,0,,2,18,9,0,0,0,0,0,2,1,Matches,bbdb2789
234,Johan Gastien,fr FRA,MF,Clermont Foot,33,1988,30.5,2929,199,1025,1614,314,21,2929,21,13,61.9,8,38.1,1970,8552,4087,17,23,2,24,20,2094,32,Matches,868eaba0
235,Valère Germain,fr FRA,FW,Montpellier,31,1990,21.9,659,28,85,304,275,54,659,7,2,28.6,5,71.4,349,1338,443,9,12,1,29,19,453,95,Matches,ea0ff634
236,Gerson,br BRA,MFFW,Marseille,24,1997,28.3,1573,31,189,822,580,87,1573,47,30,63.8,17,36.2,1127,5803,2694,61,51,16,41,31,1227,172,Matches,8827bf46
237,Willem Geubbels,fr FRA,FWMF,Nantes,19,2001,6,213,7,28,100,86,24,213,13,2,15.4,11,84.6,136,811,411,15,5,7,13,6,160,36,Matches,9836e892
238,Ismaël Gharbi,es ESP,FW,Paris S-G,17,2004,0,5,0,0,2,3,0,5,0,0,,0,,4,14,9,0,0,0,0,0,4,0,Matches,5b3cfa12
239,Lamine Ghezali,fr FRA,DF,Saint-Étienne,22,1999,0,7,0,2,1,4,1,7,0,0,,0,,4,15,9,1,0,1,0,0,4,0,Matches,ce84946a
240,Nicholas Gioacchini,us USA,FWMF,Montpellier,21,2000,5.5,231,5,51,87,99,21,231,16,6,37.5,10,62.5,128,665,294,8,9,2,23,10,149,38,Matches,79ab7593
241,Jimmy Giraudon,fr FRA,DF,Troyes,29,1992,18,1035,199,675,356,14,0,1035,1,1,100,0,0,597,2388,1173,2,2,0,3,2,625,0,Matches,6ba71da5
242,Andrei Girotto,br BRA,DFMF,Nantes,29,1992,35,2147,217,915,1056,191,54,2147,11,6,54.5,5,45.5,1150,4961,2282,9,33,1,17,5,1230,15,Matches,3befc2b6
243,Aleksandr Golovin,ru RUS,FWMF,Monaco,25,1996,16.7,928,14,95,370,478,38,928,31,22,71,9,29,584,3809,1788,51,43,13,26,21,594,126,Matches,3708e9fa
244,Angel Gomes,eng ENG,MFFW,Lille,20,2000,10.6,490,8,52,270,172,9,490,12,4,33.3,8,66.7,352,1640,704,16,16,1,16,11,374,49,Matches,645a3363
245,Alfred Gomis,sn SEN,GK,Rennes,27,1993,25,822,678,815,7,0,0,822,0,0,,0,,485,2080,1031,0,0,0,2,0,394,0,Matches,cecbce23
246,Vagner Gonçalves,cv CPV,FW,Metz,25,1996,1,53,0,6,22,26,4,53,4,3,75,1,25,29,145,66,2,2,2,5,1,35,5,Matches,743fd71f
247,Álvaro González,es ESP,DF,Marseille,31,1990,5,395,24,174,217,5,2,395,1,0,0,1,100,274,1070,533,0,0,0,0,1,331,0,Matches,42dcf26d
248,Amine Gouiri,fr FRA,FWMF,Nice,21,2000,30.6,1396,19,98,593,723,136,1391,121,62,51.2,58,47.9,952,5886,2807,93,82,40,68,56,1046,198,Matches,aad56ca3
249,Lucas Gourna-Douath,fr FRA,MF,Saint-Étienne,17,2003,20,1046,30,255,652,160,12,1046,29,17,58.6,12,41.4,661,4020,1670,29,17,2,32,23,652,22,Matches,3cd7820a
250,Jonathan Gradit,fr FRA,DF,Lens,28,1992,34.1,2391,169,783,1499,132,3,2391,21,16,76.2,5,23.8,1619,9571,6029,65,48,3,15,9,1668,15,Matches,06c48679
251,Andrew Gravillon,gp GLP,DF,Reims,23,1998,23.7,1193,142,556,523,124,13,1193,11,5,45.5,6,54.5,628,2938,1668,20,17,2,25,9,686,23,Matches,49136c42
252,Adrian Grbić,at AUT,FWMF,Lorient,24,1996,5.8,160,10,22,74,64,15,160,5,1,20,4,80,78,287,121,3,2,1,12,4,109,26,Matches,4a987ffa
253,Ivo Grbić,hr CRO,GK,Lille,25,1996,21,627,552,620,7,0,0,627,1,1,100,0,0,306,1581,1185,0,0,0,1,2,226,0,Matches,3f034750
254,Etienne Green,eng ENG,GK,Saint-Étienne,21,2000,13.3,444,391,443,1,0,0,444,0,0,,0,,192,850,566,0,0,0,1,0,175,0,Matches,667b65da
255,Gabriel Gudmundsson,se SWE,DFMF,Lille,22,1999,14.9,902,29,251,410,259,29,902,40,22,55,18,45,543,3818,1656,49,40,11,29,20,536,68,Matches,d5d22a58
256,Noah Guede-Nadje,fr FRA,MF,Angers,17,2003,0,0,0,0,0,0,0,0,0,0,,0,,0,0,0,0,0,0,0,0,0,0,Matches,94b442c0
257,Mattéo Guendouzi,fr FRA,MF,Marseille,22,1999,35,2463,33,301,1478,707,81,2463,51,30,58.8,21,41.2,1897,10370,5250,100,82,19,59,44,2025,175,Matches,5ea8ef20
258,Yanis Guermouche,fr FRA,MFFW,Montpellier,20,2001,0.1,10,0,0,8,3,0,10,3,0,0,3,100,6,44,38,2,0,0,1,0,5,0,Matches,642f9f79
259,Evann Guessand,fr FRA,FW,Nice,20,2001,4.9,147,2,11,63,76,29,147,21,12,57.1,9,42.9,83,546,221,6,5,2,20,6,89,24,Matches,b73f17f8
260,Lamine Gueye,sn SEN,FWMF,Metz,23,1998,6.2,285,3,33,114,141,17,285,14,7,50,7,50,187,1046,409,16,9,5,23,15,208,53,Matches,9d5dcc23
261,Pape Gueye,sn SEN,MF,Marseille,22,1999,17,1154,26,215,758,199,12,1154,13,4,30.8,9,69.2,837,4074,1811,24,25,2,19,16,883,20,Matches,7155e3e1
262,Josuha Guilavogui,fr FRA,MFDF,Bordeaux,30,1990,14.8,987,55,326,593,84,12,987,13,8,61.5,5,38.5,676,3100,1487,11,10,0,16,2,628,23,Matches,e6c43eec
263,Frederic Guilbert,fr FRA,DF,Strasbourg,26,1994,28,1823,77,335,822,688,17,1823,61,32,52.5,29,47.5,891,4487,1999,54,56,1,39,21,934,167,Matches,5d8d7454
264,Bruno Guimarães,br BRA,MF,Lyon,23,1997,18.2,1556,23,284,958,332,20,1556,49,37,75.5,12,24.5,1074,5606,2708,56,48,10,25,27,1211,41,Matches,82518f62
265,Sehrou Guirassy,gn GUI,FW,Rennes,25,1996,11.3,436,7,26,198,215,69,436,16,7,43.8,9,56.3,277,1246,373,8,7,2,36,16,372,86,Matches,923f4dda
266,Malo Gusto,fr FRA,DF,Lyon,18,2003,20.9,1758,57,428,885,459,29,1758,34,19,55.9,15,44.1,1169,6337,3168,70,61,13,39,16,1169,153,Matches,d56b9520
267,Massadio Haïdara,ml MLI,DF,Lens,28,1992,12,771,55,236,404,136,13,771,8,3,37.5,5,62.5,479,2328,1246,22,19,4,10,7,472,45,Matches,5167c97e
268,Oualid El Hajjam,ma MAR,DF,Troyes,30,1991,11.9,721,58,346,280,104,11,721,5,3,60,2,40,430,2053,1047,16,10,0,10,6,406,15,Matches,9f29c204
269,Achraf Hakimi,ma MAR,DF,Paris S-G,22,1998,27.5,2088,59,519,833,750,80,2088,53,21,39.6,32,60.4,1356,6113,3444,71,52,17,32,14,1517,294,Matches,e42d61c7
270,Pierre-Yves Hamel,fr FRA,FWMF,Lorient,27,1994,0.3,9,0,2,3,4,0,9,0,0,,0,,2,9,4,0,0,0,0,1,3,1,Matches,a99da9ec
271,Pierre-Yves Hamel,fr FRA,FW,Clermont Foot,27,1994,5.8,161,1,13,77,71,20,161,2,1,50,1,50,69,197,28,2,1,2,17,8,105,15,Matches,a99da9ec
272,Romain Hamouma,fr FRA,FWMF,Saint-Étienne,34,1987,9.8,448,3,23,165,265,40,448,34,12,35.3,22,64.7,270,1636,784,27,19,5,32,13,329,100,Matches,0b4d8274
273,Amine Harit,ma MAR,FWMF,Marseille,24,1997,12.9,863,3,59,413,402,48,863,56,25,44.6,31,55.4,682,4155,1839,50,35,14,49,32,713,118,Matches,e7d59f4f
274,Henrique,br BRA,DF,Lyon,27,1994,12.3,904,20,228,467,215,18,904,17,10,58.8,7,41.2,604,3101,1765,27,26,3,13,8,592,57,Matches,f28474a4
275,Luis Henrique,br BRA,FWMF,Marseille,19,2001,7.8,279,0,36,122,130,18,279,18,7,38.9,11,61.1,195,1296,541,15,12,10,22,9,207,69,Matches,f36d5624
276,Christophe Hérelle,mq MTQ,DF,Brest,28,1992,21.5,1045,140,544,480,27,9,1045,4,3,75,1,25,635,2993,1597,9,6,2,7,2,604,2,Matches,3681cfff
277,Jérôme Hergault,fr FRA,DF,Lorient,35,1986,3.9,250,8,48,124,79,6,250,5,1,20,4,80,114,481,243,4,5,0,8,2,128,23,Matches,a84f9a4b
278,Ander Herrera,es ESP,MF,Paris S-G,31,1989,12.1,1184,32,193,732,260,12,1184,10,6,60,4,40,733,2902,1480,11,15,0,17,5,964,25,Matches,436a9dd0
279,Franck Honorat,fr FRA,FWMF,Brest,24,1996,32.2,1572,25,212,531,858,103,1572,79,37,46.8,42,53.2,906,6275,3268,117,83,41,78,30,1036,289,Matches,db7849ca
280,Fraser Hornby,sct SCO,FWMF,Reims,21,1999,3.9,127,6,22,63,44,10,127,3,2,66.7,1,33.3,73,409,129,6,2,1,9,5,94,26,Matches,29aee77c
281,Cédric Hountondji,bj BEN,DF,Clermont Foot,27,1994,22.6,1181,131,678,485,23,17,1181,0,0,,0,,686,2971,1617,5,3,1,2,1,742,1,Matches,891164
282,Suk Hyun-jun,kr KOR,FWMF,Troyes,30,1991,1.7,65,2,3,30,34,13,65,7,4,57.1,3,42.9,41,283,83,5,3,1,5,4,54,11,Matches,7ffaf233
283,Mauro Icardi,ar ARG,FW,Paris S-G,28,1993,11.4,241,13,19,84,140,56,241,9,2,22.2,7,77.8,122,489,161,6,2,1,14,9,159,53,Matches,43b78598
284,Jonathan Iglesias,uy URU,MF,Clermont Foot,32,1988,6.4,416,18,131,239,48,3,416,5,2,40,3,60,275,1193,569,6,2,0,6,6,300,9,Matches,639ca1cf
285,Juan Ignacio Ramírez,uy URU,FW,Saint-Étienne,24,1997,1.4,20,0,0,10,10,6,20,2,1,50,1,50,6,33,19,1,0,0,1,1,8,3,Matches,ad513a6b
286,Danylo Ihnatenko,ua UKR,MF,Bordeaux,24,1997,7.7,456,23,87,286,90,3,456,9,9,100,0,0,315,1724,845,16,15,0,6,2,284,10,Matches,65bbfba3
287,Jonathan Ikone,fr FRA,MFFW,Lille,23,1998,11.8,576,15,63,284,248,44,576,56,25,44.6,30,53.6,372,2512,1243,34,29,11,29,18,417,71,Matches,42eaa028
288,Bonke Innocent,ng NGA,MF,Lorient,25,1996,9.7,484,25,146,317,28,6,484,7,5,71.4,2,28.6,265,1141,344,2,3,0,10,6,269,4,Matches,546bb36e
289,Wilson Isidor,fr FRA,FWMF,Monaco,20,2000,0.6,23,0,1,10,12,2,23,0,0,,0,,10,26,9,0,0,0,2,0,20,5,Matches,a671316d
290,Ismail Jakobs,sn SEN,DFFW,Monaco,21,1999,13.4,1054,37,227,476,358,22,1054,11,6,54.5,5,45.5,544,2768,1425,45,32,4,18,6,624,100,Matches,a0415710
291,Marin Jakoliš,hr CRO,FW,Angers,24,1996,2.5,90,0,4,49,38,10,90,4,2,50,2,50,71,290,136,5,1,1,2,0,72,17,Matches,96f4ebc0
292,Abdel Jalil Medioub,dz ALG,DF,Bordeaux,23,1997,6.9,365,48,243,119,4,2,365,3,3,100,0,0,222,857,509,3,2,1,3,1,222,0,Matches,4937a9f7
293,Corentin Jean,fr FRA,FWMF,Lens,26,1995,2.8,155,4,19,66,71,11,155,3,1,33.3,2,66.7,84,306,81,4,3,2,9,4,99,21,Matches,7d9b37bf
294,Jemerson,br BRA,DF,Metz,28,1992,13.4,638,67,367,266,12,7,638,4,3,75,1,25,340,1556,841,5,1,1,10,4,347,2,Matches,7cab69b5
295,Moritz Jenz,de GER,DF,Lorient,22,1999,15.3,849,94,426,390,33,13,849,3,2,66.7,1,33.3,478,2588,1353,9,7,1,4,1,550,3,Matches,ee644761
296,Lenny Joseph,fr FRA,FWMF,Metz,20,2000,1.7,51,1,5,25,21,3,51,2,1,50,1,50,32,169,24,0,1,0,4,6,38,11,Matches,d1828392
297,Issa Kaboré,bf BFA,DF,Troyes,20,2001,25,1297,50,342,491,485,35,1297,89,47,52.8,42,47.2,793,5781,2926,99,55,18,59,25,747,157,Matches,c066d1a5
298,Tino Kadewere,zw ZIM,FW,Lyon,25,1996,5.6,232,0,23,99,114,31,232,11,8,72.7,3,27.3,157,863,400,12,11,5,18,7,168,48,Matches,7d08063d
299,Gaël Kakuta,cd COD,MFFW,Lens,30,1991,18.6,946,3,57,533,366,42,945,53,27,50.9,27,50.9,589,2843,1182,30,28,3,65,36,761,121,Matches,5b1bf5e3
300,Arnaud Kalimuendo,fr FRA,FW,Paris S-G,19,2002,0.1,7,0,0,4,3,0,7,0,0,,0,,5,17,11,0,0,0,0,0,5,0,Matches,bf4c41f9
301,Arnaud Kalimuendo,fr FRA,FW,Lens,19,2002,23.9,726,0,24,296,416,95,724,61,27,44.3,34,55.7,558,3310,1355,49,35,15,80,62,606,192,Matches,bf4c41f9
302,Samuel Kalu,ng NGA,FWMF,Bordeaux,23,1997,3.6,174,1,17,74,87,21,174,22,10,45.5,12,54.5,127,931,433,16,7,12,12,8,133,47,Matches,b8d22478
303,Boubacar Kamara,fr FRA,MFDF,Marseille,21,1999,30.9,2718,89,641,1724,372,37,2718,26,16,61.5,10,38.5,1930,7898,3496,25,38,2,31,14,2070,50,Matches,cc77354e
304,Hassane Kamara,ci CIV,MFDF,Nice,27,1994,6,362,9,64,188,114,12,362,9,4,44.4,5,55.6,235,1252,636,18,11,1,6,6,255,45,Matches,19a12bed
305,Jean-Armel Kana-Biyik,cm CMR,DF,Metz,32,1989,7.4,387,47,248,135,8,2,387,3,1,33.3,2,66.7,234,980,376,1,3,1,1,1,234,1,Matches,76a4233b
306,Nordine Kandil,fr FRA,MFFW,Strasbourg,19,2001,1,82,2,11,34,40,2,82,10,5,50,5,50,58,360,157,4,6,0,2,5,63,12,Matches,c5908bc4
307,Eiji Kawashima,jp JPN,GK,Strasbourg,38,1983,1,30,27,30,0,0,0,30,0,0,,0,,21,58,38,0,0,0,0,0,15,0,Matches,a4527d33
308,Ilan Kebbal,dz ALG,MFFW,Reims,23,1998,19.7,1046,12,123,484,462,41,1046,53,29,54.7,24,45.3,752,4864,2249,60,59,11,54,38,775,135,Matches,37d04e90
309,Thilo Kehrer,de GER,DF,Paris S-G,24,1996,16.8,1350,94,472,731,151,23,1350,6,2,33.3,4,66.7,913,3881,1788,13,12,2,6,11,1044,39,Matches,51dbeea9
310,Habib Keita,ml MLI,MFFW,Lyon,19,2002,0.1,8,0,1,3,4,1,8,0,0,,0,,6,13,7,0,0,0,0,0,8,0,Matches,cc588cbe
311,Saîf-Eddine Khaoui,tn TUN,MFFW,Clermont Foot,26,1995,10.3,489,5,57,243,195,32,489,17,12,70.6,5,29.4,312,1231,473,12,11,5,23,13,319,45,Matches,796b1c41
312,Wahbi Khazri,tn TUN,FWMF,Saint-Étienne,30,1991,24.7,920,11,63,435,440,81,916,68,33,48.5,35,51.5,554,3664,1633,63,38,29,79,48,627,144,Matches,2677a1de
313,Presnel Kimpembe,fr FRA,DF,Paris S-G,25,1995,28.6,2459,226,838,1542,91,12,2459,11,8,72.7,3,27.3,1784,8989,5253,30,13,1,15,5,1939,16,Matches,aef6e670
314,Thibault Klidje,tg TOG,MFFW,Bordeaux,20,2001,1,46,0,1,12,33,6,46,6,4,66.7,2,33.3,38,339,167,5,0,2,3,3,34,16,Matches,db013c7d
315,Justin Kluivert,nl NED,MF,Nice,22,1999,20.8,898,15,92,325,499,57,898,80,41,51.3,39,48.8,565,4739,2427,83,63,20,50,35,565,166,Matches,4c3a6744
316,Samuel Koeberlé,fr FRA,FW,Reims,16,2004,0,2,0,0,1,1,0,2,0,0,,0,,2,8,5,0,0,0,0,0,2,0,Matches,6751b938
317,Philippe Koffi,fr FRA,FW,Reims,19,2002,4.2,132,5,13,54,66,24,132,7,5,71.4,2,28.6,80,424,178,10,1,5,22,3,101,31,Matches,9f1c2822
318,Sead Kolašinac,ba BIH,DF,Marseille,28,1993,4.9,290,10,66,129,99,8,290,1,0,0,1,100,193,844,449,10,9,4,15,2,185,32,Matches,3935e52e
319,Randal Kolo Muani,fr FRA,FWMF,Nantes,22,1998,32.8,951,38,92,377,505,153,951,120,60,50,60,50,642,4617,2220,81,57,43,110,73,734,206,Matches,c0b3669f
320,Timothée Kolodziejczak,fr FRA,DF,Saint-Étienne,29,1991,28.5,1872,153,740,871,270,26,1872,7,5,71.4,2,28.6,882,4595,2679,38,24,0,21,2,1056,72,Matches,ab096c6f
321,Ghislain Konan,ci CIV,DF,Reims,25,1995,26.9,1605,88,503,718,411,23,1605,82,39,47.6,43,52.4,862,5639,3030,90,65,15,44,20,880,108,Matches,6b2c894b
322,Ibrahima Koné,ml MLI,FW,Lorient,22,1999,8.1,216,6,16,98,103,27,216,12,8,66.7,4,33.3,147,781,237,11,5,5,26,19,161,51,Matches,04bb2b06
323,Youssouf Koné,ml MLI,DF,Troyes,26,1995,10.9,548,32,196,252,107,3,548,21,15,71.4,6,28.6,363,1939,1113,26,14,2,4,11,330,32,Matches,e6eadfb8
324,Laurent Koscielny,fr FRA,DF,Bordeaux,35,1985,10.4,641,91,358,283,7,3,641,3,2,66.7,1,33.3,413,1955,994,1,1,0,3,1,422,0,Matches,f5efb153
325,Rominigue Kouamé,ml MLI,MF,Troyes,24,1996,33,1874,39,403,1171,333,17,1874,92,64,69.6,28,30.4,1368,8911,4319,89,62,3,49,32,1360,52,Matches,86a2ba20
326,Boubakar Kouyaté,ml MLI,DF,Metz,24,1997,29.6,1697,297,1052,605,51,28,1697,11,6,54.5,5,45.5,878,4749,1989,6,5,0,29,5,814,5,Matches,562a4799
327,Jean-Philippe Krasso,ci CIV,FW,Saint-Étienne,24,1997,5,184,2,6,92,90,33,184,24,15,62.5,9,37.5,112,611,295,11,6,7,27,14,128,25,Matches,037f2523
328,Mykola Kukharevych,ua UKR,FW,Troyes,20,2001,0.2,8,0,0,1,7,1,8,0,0,,0,,4,1,0,0,0,0,1,0,5,1,Matches,8197a269
329,Enock Kwateng,fr FRA,DF,Bordeaux,24,1997,22.2,1440,77,504,750,212,8,1440,35,22,62.9,13,37.1,823,4183,2175,37,29,1,27,4,854,38,Matches,4bf69118
330,Grejohn Kyei,fr FRA,FW,Clermont Foot,25,1995,4.4,155,1,5,80,71,23,155,9,7,77.8,2,22.2,102,454,133,0,2,1,25,9,123,32,Matches,397ba086
331,Gaëtan Laborde,fr FRA,FW,Montpellier,27,1994,3.8,144,7,19,60,65,18,144,4,1,25,3,75,85,369,192,7,5,2,8,3,98,25,Matches,7cdda3bf
332,Gaëtan Laborde,fr FRA,FW,Rennes,27,1994,30.3,994,20,69,437,499,164,992,34,10,29.4,24,70.6,512,2685,1035,38,22,12,92,21,686,211,Matches,7cdda3bf
333,Tom Lacoux,fr FRA,DFMF,Bordeaux,19,2002,10.1,527,36,180,280,71,1,527,14,8,57.1,6,42.9,278,1181,491,8,7,0,18,8,281,14,Matches,295ba708
334,Lenny Lacroix,fr FRA,DF,Metz,18,2003,2.2,113,13,59,52,4,2,113,0,0,,0,,61,305,157,0,0,0,1,1,51,1,Matches,5413ef36
335,Alban Lafont,fr FRA,GK,Nantes,22,1999,38,1233,1017,1227,6,0,0,1233,0,0,,0,,615,3123,1539,0,0,0,0,0,462,0,Matches,4e7db402
336,Mohamed Lamine Bayo,gn GUI,FW,Clermont Foot,23,1998,26.8,782,17,46,388,359,109,779,55,29,52.7,26,47.3,439,2224,856,28,14,14,59,37,546,147,Matches,1870104
337,Didier Lamkel Zé,cm CMR,FW,Metz,24,1996,6.7,267,6,18,133,120,33,267,15,8,53.3,7,46.7,204,1417,462,21,11,13,30,23,225,63,Matches,b229aa13
338,Julien Laporte,fr FRA,DF,Lorient,27,1993,32.1,1825,257,1032,755,48,24,1825,7,5,71.4,2,28.6,1057,5122,2725,12,11,1,6,2,1074,2,Matches,f066022d
339,Yasser Larouci,dz ALG,DF,Troyes,20,2001,3.8,214,3,48,95,77,6,214,21,8,38.1,13,61.9,144,1126,644,23,22,6,8,3,130,16,Matches,0ed063d6
340,Paul Lasne,fr FRA,MF,Brest,32,1989,9.4,523,20,103,319,103,8,523,8,6,75,2,25,360,1749,583,8,7,3,9,10,346,11,Matches,542cc80f
341,Armand Lauriente,fr FRA,FWMF,Lorient,22,1998,27.5,1053,8,80,460,534,89,1052,92,44,47.8,48,52.2,728,4867,2679,89,64,25,98,52,761,194,Matches,2d22cea7
342,Théo Le Bris,fr FRA,MF,Lorient,18,2002,0.7,26,1,7,16,3,0,26,0,0,,0,,9,58,38,1,1,0,2,1,13,1,Matches,afe39ca8
343,Jérémy Le Douaron,fr FRA,FWMF,Brest,23,1998,16.1,527,14,51,204,279,55,527,36,9,25,27,75,342,2112,701,39,20,9,69,32,384,127,Matches,88c4d190
344,Enzo Le Fée,fr FRA,MFFW,Lorient,21,2000,24.4,1563,32,263,826,501,24,1563,94,43,45.7,51,54.3,1014,6104,2799,63,52,8,70,45,1066,105,Matches,6f806d99
345,Vincent Le Goff,fr FRA,DF,Lorient,31,1989,34,2099,100,579,1035,504,49,2099,23,14,60.9,9,39.1,1162,5913,3076,62,49,12,34,17,1237,147,Matches,2321ea6e
346,Maxime Le Marchand,fr FRA,DF,Strasbourg,31,1989,9.6,642,93,340,275,29,4,642,3,3,100,0,0,381,1899,1095,2,5,0,4,0,444,1,Matches,321a71a7
347,Jean-Louis Leca,fr FRA,GK,Lens,35,1985,25.7,795,719,793,0,2,2,795,0,0,,0,,422,2162,1239,0,0,0,0,0,299,0,Matches,edbe46dc
348,Félix Lemaréchal,ci CIV,MF,Monaco,17,2003,0.1,16,0,0,14,2,0,16,2,2,100,0,0,8,37,13,0,1,0,0,0,13,0,Matches,8ca9415f
349,Mario Lemina,ga GAB,MF,Nice,27,1993,21.9,1431,67,366,944,130,23,1431,36,27,75,9,25,922,5692,2761,35,21,3,21,14,987,30,Matches,2b471f99
350,Fabien Lemoine,fr FRA,MF,Lorient,34,1987,12.4,1009,42,275,615,125,10,1009,12,8,66.7,4,33.3,630,2658,1168,13,19,1,9,8,722,12,Matches,54d51e22
351,Léo Leroy,fr FRA,MF,Montpellier,21,2000,7,435,16,120,249,69,7,435,17,8,47.1,9,52.9,280,1269,502,4,6,2,13,8,278,8,Matches,fcc84a07
352,Alexandre Letellier,fr FRA,GK,Paris S-G,30,1990,0.1,3,3,3,0,0,0,3,0,0,,0,,2,3,0,0,0,0,0,0,2,0,Matches,96fcd380
353,Yanis Lhery,fr FRA,FWMF,Saint-Étienne,18,2003,0.8,23,0,5,11,8,2,23,1,1,100,0,0,11,88,50,2,1,1,1,1,11,3,Matches,cc972842
354,Dimitri Liénard,fr FRA,DFMF,Strasbourg,33,1988,22.7,1652,50,352,737,579,24,1652,17,10,58.8,7,41.2,883,4395,2178,44,39,1,30,9,971,166,Matches,f7691f63
355,Isaac Lihadji,fr FRA,MFFW,Lille,19,2002,2.6,129,1,12,55,64,4,129,15,7,46.7,8,53.3,94,864,508,15,8,4,9,11,93,23,Matches,57a46f3f
356,Pol Lirola,es ESP,DFFW,Marseille,23,1997,19.7,1301,30,249,590,476,60,1301,46,25,54.3,21,45.7,843,4943,2629,74,33,13,38,17,891,205,Matches,ff800ed8
357,Banzouzi Locko,fr FRA,MFDF,Reims,19,2002,11.2,580,23,176,277,140,8,580,22,15,68.2,7,31.8,332,2211,1346,30,22,3,13,22,322,40,Matches,40221fa7
358,Anthony Lopes,pt POR,GK,Lyon,30,1990,33.1,1209,1012,1198,11,0,0,1209,0,0,,0,,732,3530,2275,0,0,0,1,0,608,0,Matches,f00de885
359,Pau López,es ESP,GK,Marseille,26,1994,29,1384,801,1323,63,0,0,1384,0,0,,0,,962,4043,2367,0,0,0,1,0,842,0,Matches,20b9f052
360,Dion Lopy,sn SEN,MF,Reims,19,2002,18.2,828,37,226,478,144,17,828,30,18,60,12,40,546,3315,1384,16,16,1,38,27,531,31,Matches,64c14d49
361,Samuel Loric,fr FRA,DF,Lorient,21,2000,3,173,9,48,66,59,2,173,11,3,27.3,8,72.7,79,534,206,7,6,0,5,1,82,20,Matches,9004f318
362,Jordan Lotomba,ch SUI,DF,Nice,22,1998,19.8,1193,50,324,543,339,26,1193,41,22,53.7,19,46.3,725,4305,2263,50,39,8,30,17,725,101,Matches,fc4cf6a7
363,Johaneko Louisjean,fr FRA,DF,Bordeaux,17,2004,0.1,9,1,3,5,1,1,9,0,0,,0,,8,32,4,0,0,0,1,1,7,2,Matches,9af3613f
364,Jean Lucas,br BRA,MF,Monaco,23,1998,16.1,1017,12,141,555,335,33,1017,43,28,65.1,15,34.9,649,3453,1532,42,37,7,45,24,705,71,Matches,a99138af
365,Castello Lukeba,fr FRA,DF,Lyon,18,2002,23.3,1883,148,875,984,36,13,1883,14,13,92.9,1,7.1,1383,6495,2993,12,8,1,16,6,1343,0,Matches,5b9512c5
366,Levi Lumeka,eng ENG,MFFW,Troyes,22,1998,0.7,25,2,10,5,12,2,25,3,2,66.7,1,33.3,16,96,57,2,1,1,4,1,18,4,Matches,199ff86e
367,Yannis M'Bemba,fr FRA,DFFW,Nantes,20,2001,0.1,8,1,3,2,3,2,8,0,0,,0,,2,7,0,0,0,0,1,0,5,0,Matches,080de72a
368,Deiver Machado,co COL,DFMF,Lens,27,1993,5.8,333,16,85,139,111,10,333,16,8,50,8,50,180,988,466,13,13,4,12,9,186,33,Matches,b3f8bdef
369,Yvann Macon,fr FRA,DF,Saint-Étienne,22,1998,17,1220,39,338,601,297,9,1220,49,19,38.8,30,61.2,613,3740,1872,51,26,4,40,13,688,91,Matches,0bb6e193
370,Louis Mafouta,cf CTA,FW,Metz,27,1994,5.8,190,5,18,108,65,13,190,4,2,50,2,50,127,524,109,3,1,0,23,6,151,31,Matches,bec3d251
371,Hugo Magnetti,fr FRA,MF,Brest,23,1998,16.3,862,29,207,528,144,11,862,25,14,56,11,44,541,2900,1279,16,17,4,26,14,503,15,Matches,d4d35152
372,Yohann Magnin,fr FRA,MFDF,Clermont Foot,24,1997,19.1,1125,57,347,605,180,31,1125,15,8,53.3,7,46.7,721,3248,1224,8,9,1,27,14,756,35,Matches,caa7aaea
373,Habib Maïga,ci CIV,MF,Metz,25,1996,14.1,734,35,194,409,140,13,734,16,13,81.3,3,18.8,390,1634,733,14,10,0,19,20,439,28,Matches,e768de1f
374,Josh Maja,ng NGA,FW,Bordeaux,22,1998,0.1,9,0,0,4,5,1,9,0,0,,0,,4,9,1,0,0,0,3,0,5,1,Matches,bc0bfc64
375,Abdul Majeed Waris,gh GHA,FWMF,Strasbourg,29,1991,3.6,171,1,15,72,87,15,171,18,12,66.7,6,33.3,127,783,422,17,15,6,10,4,141,47,Matches,46907171
376,Lovro Majer,hr CRO,MFFW,Rennes,23,1998,20.4,1304,16,145,621,562,64,1304,56,29,51.8,27,48.2,877,5607,2779,77,73,8,47,27,937,126,Matches,fc46aab1
377,Béni Makouana,cg CGO,FWMF,Montpellier,18,2002,3.6,123,4,15,45,63,16,123,6,2,33.3,4,66.7,82,551,276,10,5,1,15,7,89,24,Matches,654f49ca
378,Hianga Mananga Mbock,fr FRA,MF,Brest,21,1999,8.9,342,8,67,218,60,6,342,14,10,71.4,4,28.6,214,1286,553,10,3,1,6,9,220,14,Matches,0f86995c
379,Vincent Manceau,fr FRA,DF,Angers,32,1989,26.2,1807,132,907,845,66,3,1807,4,3,75,1,25,1214,5206,2689,19,18,1,12,6,1290,16,Matches,c26a3918
380,Steve Mandanda,fr FRA,GK,Marseille,36,1985,9,417,255,413,4,0,0,417,0,0,,0,,282,1215,701,0,0,0,0,0,245,0,Matches,1d2d5cc8
381,Reinildo Mandava,mz MOZ,DF,Lille,27,1994,16.9,1157,65,371,587,213,19,1157,27,14,51.9,13,48.1,619,3362,1954,38,31,7,16,9,665,64,Matches,c20bdcd7
382,Anthony Mandrea,dz ALG,GK,Angers,24,1996,10,303,273,302,1,0,0,303,0,0,,0,,159,980,431,0,0,0,0,0,84,0,Matches,f7d3a773
383,Eliaquim Mangala,fr FRA,DF,Saint-Étienne,30,1991,13.1,719,90,357,350,13,6,719,4,4,100,0,0,449,2381,1162,3,2,1,10,3,441,1,Matches,f520049f
384,Thomas Mangani,fr FRA,MF,Angers,34,1987,24.4,1716,60,408,1020,304,18,1710,8,4,50,4,50,933,3519,1400,8,22,1,21,13,1056,31,Matches,c801616a
385,Ricardo Mangas,pt POR,DF,Bordeaux,23,1998,26.1,1308,85,460,546,317,43,1308,43,21,48.8,22,51.2,727,4461,2450,55,33,4,34,13,719,110,Matches,eef2d8ce
386,Myziane Maolida,fr FRA,MF,Nice,22,1999,0.4,13,0,2,6,5,1,13,3,2,66.7,1,33.3,4,55,31,2,0,1,1,0,6,2,Matches,706a60e1
387,Sekou Mara,fr FRA,FWMF,Bordeaux,19,2002,10.1,346,6,25,165,162,46,345,31,10,32.3,21,67.7,207,1042,330,7,5,4,35,16,227,47,Matches,3544641e
388,Marcelo,br BRA,DF,Bordeaux,34,1987,10,769,91,403,355,15,11,769,2,2,100,0,0,540,2897,1618,4,0,0,8,1,526,1,Matches,e3d0b0c4
389,Marcelo,br BRA,DF,Lyon,34,1987,2,195,17,69,122,4,4,195,1,1,100,0,0,125,481,234,1,0,0,0,1,134,1,Matches,e3d0b0c4
390,Guillermo Maripán,cl CHI,DF,Monaco,27,1994,20.4,1535,153,750,751,40,17,1535,5,4,80,1,20,921,4222,2481,11,5,2,10,1,1084,2,Matches,d9764034
391,Marquinhos,br BRA,DF,Paris S-G,27,1994,31.8,2666,342,1137,1410,130,33,2666,6,4,66.7,2,33.3,1950,9993,5823,9,19,2,10,4,2047,8,Matches,d5f2f82b
392,Jonas Martin,fr FRA,MF,Rennes,31,1990,23.4,1875,56,372,1319,192,22,1875,11,8,72.7,3,27.3,1165,4946,2258,8,16,0,18,10,1382,14,Matches,468fdbad
393,Gelson Martins,pt POR,MFFW,Monaco,26,1995,21.2,964,12,89,394,502,96,964,113,62,54.9,51,45.1,639,4411,2089,67,40,29,77,23,681,236,Matches,3ef0fa48
394,Pape Matar Sarr,sn SEN,MF,Metz,18,2002,23.7,1296,39,280,793,253,14,1296,55,30,54.5,25,45.5,898,5482,2163,37,51,0,46,25,854,49,Matches,feb5d972
395,Eliot Matazo,be BEL,MF,Monaco,19,2002,8.8,480,15,80,335,69,4,480,17,9,52.9,8,47.1,292,1717,735,14,8,0,13,5,323,11,Matches,15944afd
396,Chrislain Matsima,fr FRA,DF,Monaco,19,2002,1.5,105,16,50,50,5,1,105,0,0,,0,,56,242,168,1,0,0,2,1,62,0,Matches,cf1ef7ec
397,Azor Matusiwa,nl NED,MF,Reims,23,1998,27.4,1475,75,472,868,153,5,1475,17,14,82.4,3,17.6,832,3711,1517,11,16,1,27,9,854,13,Matches,a17a94d6
398,Stephy Mavididi,eng ENG,FWMF,Montpellier,23,1998,25.5,896,17,108,398,409,87,896,96,40,41.7,56,58.3,641,4463,1998,74,46,22,77,61,693,182,Matches,30144daa
399,Derek Mazou-Sacko,fr FRA,FWDF,Troyes,16,2004,0,3,1,1,0,2,0,3,0,0,,0,,1,9,0,0,0,0,0,0,1,0,Matches,810edef9
400,Kylian Mbappé,fr FRA,FW,Paris S-G,22,1998,33.6,1902,17,48,631,1247,299,1898,205,112,54.6,92,44.9,1416,9443,5202,210,122,103,112,57,1623,449,Matches,42fd9c7f
401,Amadou Mbengue,sn SEN,DFMF,Metz,19,2002,6.8,367,30,165,192,13,1,367,6,2,33.3,4,66.7,231,1083,487,2,1,0,5,2,222,1,Matches,14d2670e
402,Jason Mbock,fr FRA,FW,Angers,21,1999,0.2,8,0,0,5,3,0,8,0,0,,0,,5,19,1,0,0,0,0,1,6,3,Matches,890bc029
403,Moustapha Mbow,sn SEN,DF,Reims,21,2000,1,41,8,35,5,1,0,41,1,1,100,0,0,23,93,31,0,1,0,0,0,18,0,Matches,3f3a2cba
404,Nathanael Mbuku,fr FRA,FWMF,Reims,19,2002,15.8,543,12,68,260,230,36,543,42,26,61.9,16,38.1,375,2882,1420,57,31,8,37,25,384,78,Matches,46750e9c
405,Facundo Medina,ar ARG,DF,Lens,22,1999,28.8,2516,197,942,1485,113,21,2516,21,16,76.2,5,23.8,1783,9955,6430,52,21,1,24,13,1829,12,Matches,6f5ec8bb
406,Farid El Melali,dz ALG,FW,Angers,24,1997,0.2,8,1,1,3,4,1,8,0,0,,0,,2,23,6,0,0,0,0,1,2,0,Matches,d21e361a
407,Birger Meling,no NOR,DF,Rennes,26,1994,20.3,1305,53,357,624,330,16,1305,10,5,50,5,50,714,3908,1966,37,32,1,26,5,782,92,Matches,70c52749
408,Houboulang Mendes,fr FRA,DF,Lorient,23,1998,35.8,1852,158,726,828,309,29,1852,38,13,34.2,25,65.8,1015,5452,3015,56,42,5,43,8,1038,75,Matches,1545cf15
409,Nuno Mendes,pt POR,DF,Paris S-G,19,2002,18.4,1352,45,308,668,396,25,1352,59,28,47.5,31,52.5,827,3856,1960,41,43,7,26,19,869,128,Matches,f20e4cc9
410,Pedro Mendes,pt POR,DF,Montpellier,30,1990,0.2,11,3,6,5,0,0,11,0,0,,0,,6,38,24,0,0,0,0,0,6,0,Matches,6690ef25
411,Thiago Mendes,br BRA,MFDF,Lyon,29,1992,20.7,1779,94,545,1079,165,12,1779,8,4,50,4,50,1224,5138,2404,8,18,2,18,14,1286,21,Matches,c6e5d20f
412,Arial Mendy,sn SEN,DFFW,Clermont Foot,26,1994,8.8,492,25,125,209,163,16,492,20,5,25,15,75,327,1924,869,30,21,9,16,4,318,54,Matches,9f0f4b49
413,Batista Mendy,fr FRA,MFDF,Angers,21,2000,26.8,1478,73,547,785,162,12,1478,29,20,69,9,31,979,4593,2319,20,22,1,18,21,1009,23,Matches,e472a6f6
414,Gideon Mensah,gh GHA,DF,Bordeaux,23,1998,13.4,928,29,248,451,244,12,928,34,22,64.7,12,35.3,558,3526,1903,40,27,1,23,15,541,79,Matches,9bdd8118
415,Quentin Merlin,fr FRA,DFMF,Nantes,19,2002,21.4,1553,44,351,755,463,14,1553,29,18,62.1,11,37.9,913,5222,2754,49,40,2,26,10,920,99,Matches,0bfca6a1
416,Lionel Messi,ar ARG,FWMF,Paris S-G,34,1987,23.9,1888,1,72,960,869,105,1888,99,64,64.6,35,35.4,1467,8651,4466,113,120,25,47,41,1667,125,Matches,d70ce98e
417,Mexer,mz MOZ,DF,Bordeaux,32,1988,13.6,811,108,469,328,20,4,811,5,3,60,2,40,503,2457,1158,1,2,0,6,4,517,0,Matches,ce492295
418,Edouard Michut,fr FRA,MF,Paris S-G,18,2003,0.8,65,1,13,36,16,2,65,1,0,0,1,100,58,329,135,1,1,0,1,1,55,2,Matches,fe6c1add
419,Georges Mikautadze,ge GEO,FW,Metz,20,2000,0,4,0,1,1,2,1,4,0,0,,0,,3,17,10,1,0,1,0,0,3,1,Matches,4788cb6b
420,William Mikelbrencis,fr FRA,DF,Metz,17,2004,6.8,391,18,113,188,95,4,391,15,4,26.7,11,73.3,246,1570,686,12,15,2,14,5,221,26,Matches,14df1d7f
421,Arkadiusz Milik,pl POL,FW,Marseille,27,1994,15.7,536,11,21,233,283,89,535,9,2,22.2,7,77.8,309,1243,449,15,8,13,36,14,401,111,Matches,85613cf0
422,Terem Moffi,ng NGA,FW,Lorient,22,1999,30.1,881,30,70,427,394,139,879,63,33,52.4,30,47.6,520,2931,1368,50,34,33,100,43,644,154,Matches,065dc209
423,Dion Moise Sahi,ci CIV,FWMF,Strasbourg,19,2001,1.4,61,0,2,31,30,10,61,7,3,42.9,4,57.1,46,296,143,5,0,1,5,2,48,10,Matches,cdc4458b
424,Florent Mollet,fr FRA,FWMF,Montpellier,29,1991,29.2,1489,34,256,664,576,57,1489,42,15,35.7,27,64.3,1005,5279,2014,48,38,8,61,30,1056,162,Matches,7e82a78f
425,Thomas Monconduit,fr FRA,MF,Lorient,30,1991,25,1548,78,353,951,269,11,1548,44,26,59.1,18,40.9,941,4333,2210,27,32,2,32,13,1027,32,Matches,84d94b91
426,Jérémy Morel,mg MAD,DF,Lorient,37,1984,6.7,366,49,195,160,14,3,366,4,2,50,2,50,236,1373,695,2,2,0,4,2,221,3,Matches,e97150c0
427,Lebo Mothiba,za RSA,FWMF,Troyes,25,1996,5.8,190,2,15,104,75,20,189,5,2,40,3,60,140,719,220,7,5,4,20,8,150,39,Matches,3eaf8817
428,Lebo Mothiba,za RSA,FW,Strasbourg,25,1996,0,0,0,0,0,0,0,0,0,0,,0,,0,0,0,0,0,0,0,0,0,0,Matches,3eaf8817
429,Baptiste Mouazan,fr FRA,MF,Lorient,19,2001,1.1,44,1,8,23,13,1,44,0,0,,0,,20,98,41,1,1,0,2,0,23,3,Matches,81ac108d
430,Aimen Moueffek,fr FRA,MF,Saint-Étienne,20,2001,4.8,288,6,45,191,59,3,288,18,8,44.4,10,55.6,181,1066,568,18,10,2,13,6,203,11,Matches,2591b066
431,Harold Moukoudi,cm CMR,DF,Saint-Étienne,23,1997,18.5,1106,117,526,557,29,10,1106,11,9,81.8,2,18.2,666,3215,1866,7,6,1,7,4,718,3,Matches,5f26e0c5
432,Jessy Moulin,fr FRA,GK,Troyes,35,1986,7,260,233,260,0,0,0,260,0,0,,0,,134,649,336,0,0,0,1,0,73,0,Matches,28a65a2c
433,Steve Mounié,bj BEN,FW,Brest,26,1994,25.7,1020,16,85,550,396,115,1018,25,8,32,17,68,540,2709,898,29,28,6,89,22,806,106,Matches,19ba6c6d
434,Samuel Moutoussamy,cd COD,MF,Nantes,24,1996,16.8,863,38,193,524,149,15,863,20,10,50,10,50,544,2399,1090,13,14,1,22,8,546,16,Matches,af0c835b
435,Marshall Munetsi,zw ZIM,MFDF,Reims,25,1996,20.9,991,119,407,472,121,37,991,18,8,44.4,10,55.6,525,2773,1266,12,13,2,43,10,534,21,Matches,2acf0cd7
436,Junior Mwanga,fr FRA,DF,Bordeaux,18,2003,1,65,5,24,41,1,0,65,1,1,100,0,0,48,293,201,0,0,0,0,0,43,0,Matches,ee158be5
437,Kévin N'Doram,fr FRA,MF,Metz,25,1996,13.7,647,33,161,435,54,7,647,10,5,50,5,50,419,1887,860,3,1,1,14,7,423,6,Matches,e50623a0
438,Eric N'Jo,fr FRA,DF,Troyes,17,2004,1.1,35,6,18,16,1,0,35,1,1,100,0,0,28,151,84,0,1,0,2,1,24,0,Matches,b85e57bb
439,Vital N'Simba,cd COD,DF,Clermont Foot,28,1993,31,2130,62,626,1016,525,20,2130,62,43,69.4,19,30.6,1309,7274,3983,74,56,4,49,40,1341,138,Matches,249ac66d
440,Mickael Nade,fr FRA,DF,Saint-Étienne,22,1999,28.5,1517,139,698,789,46,8,1517,15,10,66.7,5,33.3,882,4179,2279,10,17,1,14,10,887,4,Matches,a6b6fa6e
441,Paul Nardi,fr FRA,GK,Lorient,27,1994,22,583,492,580,3,0,0,583,1,1,100,0,0,260,1248,631,0,0,0,1,0,170,0,Matches,2d70dbe5
442,Keylor Navas,cr CRC,GK,Paris S-G,34,1986,20.6,579,531,577,2,0,0,579,0,0,,0,,343,1730,1126,0,0,0,0,0,243,0,Matches,ecada4fc
443,Papa Ndiaga Yade,sn SEN,DFFW,Metz,21,2000,7.7,420,16,113,208,108,6,420,31,18,58.1,13,41.9,266,2135,1227,39,20,4,27,7,251,32,Matches,87e9c7cd
444,Tanguy Ndombele,fr FRA,MF,Lyon,24,1996,7.8,616,19,110,397,114,14,616,24,16,66.7,8,33.3,455,2332,1108,13,16,3,20,12,465,10,Matches,5cdddffa
445,Dan Ndoye,ch SUI,FWMF,Nice,20,2000,2.3,77,0,3,36,39,12,77,7,6,85.7,1,14.3,48,237,80,3,1,1,10,3,57,17,Matches,8e697a8f
446,Neymar,br BRA,FWMF,Paris S-G,29,1992,20.6,1634,7,114,731,813,98,1630,126,58,46,68,54,1279,7815,3508,96,99,28,81,65,1391,244,Matches,69384e5d
447,Yvan Neyou,cm CMR,MF,Saint-Étienne,24,1997,10.4,613,24,161,390,69,1,613,11,7,63.6,4,36.4,335,1577,682,8,8,0,10,8,403,14,Matches,0ad37003
448,Opa Nguette,sn SEN,FWMF,Metz,27,1994,11.6,446,20,71,194,190,35,446,48,25,52.1,23,47.9,305,2067,1014,32,21,12,56,39,329,76,Matches,75a63397
449,Sikou Niakaté,fr FRA,DF,Metz,22,1999,7.3,319,43,191,125,7,4,319,6,4,66.7,2,33.3,174,772,281,3,7,0,2,4,151,0,Matches,8eef18aa
450,Ibrahima Niane,sn SEN,FW,Metz,22,1999,17.6,606,18,56,297,260,58,605,21,9,42.9,12,57.1,337,1693,432,14,26,8,63,15,453,89,Matches,46faabfa
451,M'Baye Niang,sn SEN,FW,Bordeaux,26,1994,8.6,294,5,13,147,135,43,294,15,5,33.3,10,66.7,184,928,218,8,4,4,38,15,229,63,Matches,2054d037
452,Cheikh Niasse,sn SEN,FWMF,Lille,21,2000,0.5,34,6,12,22,1,0,34,1,0,0,1,100,15,44,18,0,1,1,1,3,12,0,Matches,ff20acfe
453,Casimir Ninga,td CHA,FW,Angers,28,1993,4.5,145,0,7,80,66,17,145,13,6,46.2,7,53.8,103,602,263,6,11,1,27,11,95,27,Matches,91f2da4c
454,Arnaud Nordin,fr FRA,FWMF,Saint-Étienne,23,1998,20.8,859,5,98,346,427,82,859,60,27,45,33,55,523,3894,1948,73,41,32,66,29,594,163,Matches,7b9a9e25
455,Alexander Nübel,de GER,GK,Monaco,24,1996,38,1188,1018,1174,15,0,0,1188,0,0,,0,,672,3276,2049,0,0,0,1,0,482,0,Matches,afb0c500
456,Gerzino Nyamsi,fr FRA,DF,Strasbourg,24,1997,33.2,1733,240,874,810,58,46,1733,7,6,85.7,1,14.3,1125,6879,4061,11,2,1,19,7,1119,5,Matches,6043997c
457,Florent Ogier,fr FRA,DF,Clermont Foot,32,1989,27,1764,207,1057,681,36,17,1764,4,3,75,1,25,1088,5281,2881,2,4,1,9,0,1172,2,Matches,6993927b
458,Warmed Omari,fr FRA,DF,Rennes,21,2000,31.1,2224,187,939,1247,49,16,2224,6,5,83.3,1,16.7,1566,8423,4550,23,14,2,18,8,1659,4,Matches,4534a352
459,Jonas Omlin,ch SUI,GK,Montpellier,27,1994,28.7,1163,1002,1156,8,0,0,1163,1,1,100,0,0,663,3308,2104,0,0,0,1,1,470,0,Matches,c631f952
460,Amadou Onana,be BEL,MF,Lille,19,2001,15.1,805,31,172,513,132,20,805,21,13,61.9,8,38.1,525,2752,1341,24,15,3,18,9,512,21,Matches,828657ff
461,Jean Onana,cm CMR,MF,Bordeaux,21,2000,20.4,1353,41,327,846,194,14,1353,23,17,73.9,6,26.1,848,3903,1680,18,15,1,45,21,879,46,Matches,b5bb8188
462,Otávio,br BRA,MF,Bordeaux,27,1994,12.7,812,24,199,565,56,1,812,10,6,60,4,40,499,2114,943,4,8,0,9,3,580,5,Matches,243f4a0b
463,Dango Ouattara,bf BFA,MFFW,Lorient,19,2002,9,414,18,84,175,161,42,414,20,8,40,12,60,218,1418,575,18,10,10,19,9,252,76,Matches,2f9e4435
464,Remi Oudin,fr FRA,MFFW,Bordeaux,24,1996,19.3,903,33,194,390,328,45,903,30,19,63.3,11,36.7,513,2777,1104,31,21,8,31,14,534,96,Matches,ea02beaf
465,Alexandre Oukidja,dz ALG,GK,Metz,33,1988,20.8,657,557,651,7,0,0,657,0,0,,0,,328,2037,1419,0,0,0,1,1,152,0,Matches,ae7d0ecd
466,Azzedine Ounahi,ma MAR,MF,Angers,21,2000,18.1,1143,19,192,669,302,26,1143,56,26,46.4,30,53.6,812,4611,2266,50,46,5,52,33,870,79,Matches,83299cc0
467,Ambroise Oyongo,cm CMR,DF,Montpellier,30,1991,7.3,430,29,134,180,119,8,430,4,4,100,0,0,268,1165,496,11,6,1,11,4,247,26,Matches,e3e05edf
468,Vincent Pajot,fr FRA,MF,Metz,30,1990,25.7,1372,55,343,899,150,10,1372,19,13,68.4,6,31.6,821,3716,1442,12,25,2,30,7,839,25,Matches,f86ca403
469,Nicolas Pallois,fr FRA,DF,Nantes,33,1987,27.2,1424,159,662,722,54,16,1424,9,9,100,0,0,771,3734,1944,16,9,0,10,1,764,7,Matches,779847d6
470,Erik Palmer-Brown,us USA,DF,Troyes,24,1997,19.3,864,177,545,308,17,6,864,7,4,57.1,3,42.9,526,2752,1329,4,3,1,9,5,473,1,Matches,e5c1e0ca
471,Emerson Palmieri,it ITA,DF,Lyon,26,1994,25.2,2103,90,595,1054,475,35,2103,47,30,63.8,17,36.2,1251,6711,3608,74,56,12,40,6,1380,115,Matches,e0bc6fdc
472,Lucas Paquetá,br BRA,MFFW,Lyon,23,1997,30,2047,35,219,1092,766,106,2046,118,81,68.6,37,31.4,1378,6271,2494,59,55,20,111,78,1530,219,Matches,9b6f7fd5
473,Rubén Pardo,es ESP,MF,Bordeaux,28,1992,0.1,1,0,0,1,0,0,1,0,0,,0,,1,1,0,0,0,0,0,0,1,0,Matches,2306bfde
474,Leandro Paredes,ar ARG,MF,Paris S-G,27,1994,9.3,997,37,251,666,85,2,997,7,6,85.7,1,14.3,707,3055,1447,6,8,0,5,2,800,3,Matches,dff153a4
475,Strahinja Pavlović,rs SRB,DF,Monaco,20,2001,5,467,24,176,268,26,6,467,3,3,100,0,0,303,1621,1028,10,9,0,6,1,336,1,Matches,25146df0
476,Dimitri Payet,fr FRA,FWMF,Marseille,34,1987,28.8,1859,1,87,737,1047,77,1852,54,29,53.7,25,46.3,1248,6231,3177,76,86,24,43,34,1455,212,Matches,58ae47b2
477,Timothee Pembele,fr FRA,DF,Bordeaux,18,2002,15.7,859,30,206,380,296,53,859,81,41,50.6,40,49.4,476,3374,1927,71,38,19,65,20,461,97,Matches,f8ce97ca
478,Brayann Pereira,fr FRA,DFMF,Lens,18,2003,0.2,20,0,5,8,7,1,20,0,0,,0,,16,89,58,2,1,1,0,0,15,3,Matches,5c42e7ce
479,Danilo Pereira,pt POR,MF,Paris S-G,29,1991,22.6,1743,61,382,1198,177,20,1743,14,7,50,7,50,1304,5700,2592,18,21,1,18,6,1366,15,Matches,8fd9996f
480,Mathias Pereira Lage,pt POR,DF,Angers,24,1996,11.6,676,28,163,332,193,19,676,20,13,65,7,35,365,2219,901,22,16,5,21,8,362,73,Matches,8846a40f
481,Luan Peres Petroni,br BRA,DF,Marseille,27,1994,29.8,2241,101,655,1282,316,15,2241,18,13,72.2,5,27.8,1445,7358,4282,52,58,1,26,12,1535,50,Matches,a5549ec1
482,Lucas Perrin,fr FRA,DF,Strasbourg,22,1998,27.8,1691,110,598,1008,99,13,1691,10,6,60,4,40,1092,5983,3781,33,20,1,15,5,1110,12,Matches,49070d66
483,Danijel Petković,me MNE,GK,Angers,28,1993,15,496,460,496,0,0,0,496,0,0,,0,,261,1394,884,0,0,0,1,0,185,0,Matches,b98cea65
484,Léo Pétrot,fr FRA,DF,Lorient,24,1997,20.2,1150,155,650,483,22,9,1150,2,1,50,1,50,752,3710,2013,6,6,0,9,2,750,4,Matches,638016
485,Romain Philippoteaux,fr FRA,MF,Brest,33,1988,0.3,9,0,0,5,4,0,9,0,0,,0,,6,22,14,1,0,0,2,0,6,0,Matches,f98b15f0
486,Jérôme Phojo,fr FRA,DF,Clermont Foot,28,1993,0.1,5,1,2,2,1,0,5,0,0,,0,,2,0,0,0,0,0,0,0,1,1,Matches,ff44d058
487,Jérémy Pied,fr FRA,DFFW,Lille,32,1989,0.1,26,1,3,7,16,1,26,0,0,,0,,17,157,123,3,7,0,0,0,17,4,Matches,a634b9d2
488,Ronaël Pierre-Gabriel,fr FRA,DF,Brest,23,1998,28.3,1742,101,526,824,406,25,1742,56,33,58.9,23,41.1,905,4935,2801,65,46,4,30,20,965,71,Matches,64ba07c0
489,Julian Pollersbeck,de GER,GK,Lyon,26,1994,4.8,185,159,185,0,0,0,185,0,0,,0,,138,595,296,0,0,0,0,0,99,0,Matches,d6f6ce93
490,Gaëtan Poussin,fr FRA,GK,Bordeaux,22,1999,13,528,431,524,4,0,0,528,0,0,,0,,292,1503,859,0,0,0,1,0,223,0,Matches,c252c705
491,Sanjin Prcić,ba BIH,MF,Strasbourg,27,1993,24.3,1630,45,359,955,328,10,1630,15,8,53.3,7,46.7,1000,4450,1988,19,34,2,20,9,1067,18,Matches,51c30111
492,Nicolas de Préville,fr FRA,FWMF,Metz,30,1991,21.9,858,14,91,445,348,48,858,80,45,56.3,35,43.8,569,4046,1750,55,43,11,78,51,606,109,Matches,b0547a87
493,Nemanja Radonjić,rs SRB,FW,Marseille,25,1996,0.2,14,0,2,4,8,1,14,3,1,33.3,2,66.7,12,78,60,1,0,1,1,0,13,7,Matches,0630eb63
494,Rafinha,br BRA,FWMF,Paris S-G,28,1993,2.4,229,1,13,135,82,4,229,9,6,66.7,3,33.3,140,697,342,6,14,1,5,2,177,16,Matches,0c2ac3cb
495,Predrag Rajković,rs SRB,GK,Reims,25,1995,38,1366,1141,1352,12,3,1,1366,1,1,100,0,0,789,4674,2841,0,0,0,3,0,525,1,Matches,58ad9383
496,Adil Rami,fr FRA,DF,Troyes,35,1985,13,624,92,377,220,29,11,624,5,3,60,2,40,399,1851,859,5,4,0,9,3,409,0,Matches,8dbff17c
497,Sergio Ramos,es ESP,DF,Paris S-G,35,1986,8.9,900,90,354,505,46,12,900,4,4,100,0,0,703,3753,2067,8,7,0,2,1,725,5,Matches,08511d65
498,Elba Rashani,xk KVX,FWMF,Clermont Foot,28,1993,19.5,824,32,152,363,320,63,824,35,19,54.3,16,45.7,519,2778,1214,43,26,10,53,30,542,110,Matches,25749008
499,Jeff Reine-Adélaïde,fr FRA,MFDF,Lyon,23,1998,2.2,192,5,32,116,44,10,192,11,5,45.5,6,54.5,160,824,398,7,5,2,2,5,150,15,Matches,d504b3e1
500,Tiago Ribeiro,pt POR,FW,Monaco,19,2002,0,2,0,0,1,1,0,2,0,0,,0,,2,21,17,1,0,0,0,0,2,0,Matches,507d7569
501,Sergio Rico,es ESP,GK,Paris S-G,27,1993,0.3,10,9,10,0,0,0,10,0,0,,0,,6,26,5,0,0,0,0,0,4,0,Matches,5f0241b2
502,Renaud Ripart,fr FRA,MFFW,Troyes,28,1993,21,949,32,157,455,350,62,949,48,23,47.9,25,52.1,626,3299,1443,39,28,7,53,35,682,147,Matches,beae3a73
503,Mihailo Ristić,rs SRB,DF,Montpellier,25,1995,20,1274,78,406,596,288,16,1274,41,28,68.3,13,31.7,702,4472,2362,53,40,1,28,20,710,86,Matches,ea0aa7e0
504,Maxence Rivera,fr FRA,FW,Saint-Étienne,19,2002,0.1,2,0,2,0,0,0,2,0,0,,0,,1,0,0,0,0,0,0,0,1,0,Matches,46a7b605
505,Patrick Roberts,eng ENG,MF,Troyes,24,1997,0.2,9,0,1,4,4,1,9,0,0,,0,,7,30,14,1,0,0,2,1,7,0,Matches,59d93937
506,Stian Rode Gregersen,no NOR,DF,Bordeaux,26,1995,21.7,1159,166,675,431,61,13,1159,7,5,71.4,2,28.6,652,3149,1846,20,16,1,8,7,705,7,Matches,5f011e05
507,Gerson Rodrigues,lu LUX,FWMF,Troyes,26,1995,9.4,368,2,27,192,155,25,368,30,8,26.7,22,73.3,237,1393,625,25,23,6,46,36,285,60,Matches,3814b753
508,Valentin Rongier,fr FRA,MFDF,Marseille,26,1994,24.4,2187,33,456,1325,431,25,2187,47,30,63.8,17,36.2,1513,7731,3892,52,56,5,28,15,1608,79,Matches,ed45c4a5
509,Pablo Rosario,nl NED,MF,Nice,24,1997,30.3,2002,70,353,1368,295,17,2002,30,19,63.3,11,36.7,1262,5301,2574,23,33,0,35,19,1435,24,Matches,1a6b7ea4
510,Roli Pereira de Sa,fr FRA,MF,Nantes,24,1996,6.4,329,4,49,196,89,11,329,17,15,88.2,2,11.8,190,1110,533,14,6,5,9,7,208,20,Matches,60f58477
511,Mathys Saban,fr FRA,FWMF,Saint-Étienne,19,2002,0.8,27,0,4,6,17,2,27,2,1,50,1,50,19,133,46,0,1,1,7,3,22,10,Matches,7d9f3d69
512,Falaye Sacko,ml MLI,DF,Saint-Étienne,26,1995,7.4,498,28,207,251,43,2,498,0,0,,0,,298,1579,931,6,10,0,8,1,317,6,Matches,6388e356
513,Rafiki Said Ahamada,fr FRA,MFFW,Brest,21,2000,1.4,89,0,9,30,52,12,89,13,6,46.2,7,53.8,58,457,187,6,4,3,7,6,60,20,Matches,c2e5f306
514,Wesley Saïd,fr FRA,FWMF,Lens,26,1995,7.3,305,0,8,167,134,39,305,13,10,76.9,3,23.1,201,1310,759,21,17,7,18,5,246,49,Matches,90fcf472
515,Mamadou Sakho,fr FRA,DF,Montpellier,31,1990,28.6,1884,309,1088,783,18,9,1884,5,4,80,1,20,1149,5144,2833,7,4,1,19,5,1197,0,Matches,87935cf3
516,Bakary Sako,ml MLI,FWMF,Saint-Étienne,33,1988,1.7,67,1,4,35,30,5,67,4,3,75,1,25,39,167,71,3,2,1,10,3,48,11,Matches,381d7d54
517,William Saliba,fr FRA,DF,Marseille,20,2001,36,3348,221,1255,1955,154,37,3348,41,31,75.6,10,24.4,2483,13653,8058,50,24,3,25,16,2596,14,Matches,972aeb2a
518,Romain Salin,fr FRA,GK,Rennes,37,1984,1,33,23,30,3,0,0,33,0,0,,0,,25,122,84,0,0,0,0,0,20,0,Matches,74733221
519,Yoann Salmier,gf GUF,DF,Troyes,28,1992,29.6,1627,156,846,689,113,13,1627,17,13,76.5,4,23.5,983,5697,2948,37,26,1,12,12,915,8,Matches,c3725db2
520,Mama Samba Baldé,gw GNB,MFFW,Troyes,25,1995,19.1,746,16,87,337,341,78,745,78,34,43.6,44,56.4,487,2773,1332,44,32,14,89,39,523,141,Matches,fb14aa28
521,Junior Sambia,fr FRA,DFFW,Montpellier,24,1996,17,923,58,245,419,275,20,923,46,26,56.5,20,43.5,518,2980,1673,54,41,5,32,19,546,108,Matches,24eb7ed6
522,Renato Sanches,pt POR,MFFW,Lille,23,1997,18.3,1381,17,208,816,377,25,1381,61,43,70.5,18,29.5,1039,6438,3523,59,49,12,42,30,1051,71,Matches,032f894e
523,Philippe Sandler,nl NED,DF,Troyes,24,1997,0.8,40,10,29,9,2,0,40,0,0,,0,,19,127,51,0,1,0,0,0,23,1,Matches,6.07E+74
524,Baptiste Santamaria,fr FRA,MFDF,Rennes,26,1995,28,1848,80,464,1128,269,33,1848,39,18,46.2,21,53.8,1154,5730,2600,19,18,1,32,18,1283,37,Matches,5e22e2a4
525,Pablo Sarabia,es ESP,FW,Paris S-G,29,1992,0.2,23,0,0,9,14,1,23,1,1,100,0,0,16,39,17,0,0,0,2,0,22,5,Matches,9744ff80
526,Martin Satriano,uy URU,FW,Brest,20,2001,10.4,273,6,28,128,118,34,273,17,9,52.9,8,47.1,194,881,261,6,5,2,26,13,197,52,Matches,86383d0e
527,Téji Savanier,fr FRA,MF,Montpellier,29,1991,26.8,1996,28,283,1057,698,56,1992,116,76,65.5,40,34.5,1237,6258,2785,59,50,12,84,36,1341,122,Matches,6bde367b
528,Morgan Schneiderlin,fr FRA,MF,Nice,31,1989,7.2,482,27,124,309,53,4,482,4,4,100,0,0,287,1204,549,5,6,0,7,5,302,5,Matches,51b41c5c
529,Alidu Seidu,gh GHA,DF,Clermont Foot,21,2000,15.7,837,82,420,375,56,9,837,15,9,60,6,40,553,2895,1397,10,6,3,9,12,478,12,Matches,cea59f02
530,Matz Sels,be BEL,GK,Strasbourg,29,1992,37,1029,905,1024,2,3,3,1029,0,0,,0,,586,2858,1747,0,0,0,1,0,435,0,Matches,834b5c4c
531,Xherdan Shaqiri,ch SUI,FWMF,Lyon,29,1991,7.5,392,3,40,158,198,18,392,9,6,66.7,3,33.3,280,1233,475,10,9,5,9,11,295,73,Matches,6421ec64
532,Mahame Siby,ml MLI,DF,Strasbourg,25,1996,0.2,6,1,6,0,0,0,6,0,0,,0,,3,2,0,0,0,0,0,0,2,0,Matches,6d075c67
533,Aboubakar Sidibé,fr FRA,DF,Clermont Foot,25,1996,0.1,5,0,0,3,2,0,5,0,0,,0,,5,42,36,1,1,0,0,0,5,2,Matches,ae5b93a0
534,Djibril Sidibé,fr FRA,DF,Monaco,29,1992,10.5,851,26,197,476,184,7,851,9,4,44.4,5,55.6,444,2245,1266,26,17,0,12,7,545,41,Matches,4c5b714f
535,Kaj Sierhuis,nl NED,FW,Reims,23,1998,0.9,30,1,3,12,15,5,30,1,0,0,1,100,12,66,50,3,1,0,1,0,21,3,Matches,9c2b1f11
536,Caio Henrique Oliveira Silva,br BRA,DF,Monaco,24,1997,29.6,2112,74,520,943,668,50,2112,32,12,37.5,20,62.5,1258,7251,4044,81,76,13,36,6,1280,208,Matches,30af8b93
537,Gabriel Silva,br BRA,DFMF,Saint-Étienne,30,1991,7.9,426,24,125,238,67,1,426,4,0,0,4,100,186,1010,422,6,7,0,8,3,194,17,Matches,4914ed4a
538,Moses Simon,ng NGA,FWMF,Nantes,26,1995,25.9,1114,9,92,328,712,122,1114,93,41,44.1,52,55.9,724,6089,3164,146,68,57,77,52,766,242,Matches,5f3eaaf5
539,Xavi Simons,nl NED,MFFW,Paris S-G,18,2003,1.5,77,0,8,30,39,7,77,1,0,0,1,100,57,278,122,3,1,0,5,5,59,5,Matches,da4d670f
540,Issouf Sissokho,ml MLI,MF,Bordeaux,19,2002,4.8,286,4,51,171,66,4,286,9,5,55.6,4,44.4,189,897,304,3,5,2,14,7,205,21,Matches,792a9d41
541,Ibrahima Sissoko,fr FRA,MFDF,Strasbourg,23,1997,25.6,1341,61,330,689,336,62,1341,47,25,53.2,22,46.8,844,4875,2616,50,36,5,46,32,868,103,Matches,0f8418aa
542,Nelson Sissoko,fr FRA,DF,Saint-Étienne,24,1997,0.5,16,3,10,2,4,0,16,0,0,,0,,5,24,13,0,0,0,0,1,5,0,Matches,12bd0579
543,Sambou Sissoko,fr FRA,MFDF,Reims,22,1999,2,140,4,51,63,27,1,140,3,2,66.7,1,33.3,50,241,89,3,2,0,6,2,56,4,Matches,e4bb1f08
544,Islam Slimani,dz ALG,FW,Lyon,33,1988,6.4,234,4,13,95,127,17,234,2,0,0,2,100,134,495,213,8,9,1,12,7,182,34,Matches,ffec9769
545,Florian Sotoca,fr FRA,FWMF,Lens,30,1990,27.6,1546,45,181,866,515,118,1544,50,30,60,20,40,982,4904,2100,51,44,12,65,26,1160,194,Matches,7a42d0df
546,Sambou Soumano,sn SEN,FWMF,Lorient,20,2001,5,161,5,18,76,70,30,161,14,11,78.6,3,21.4,98,645,255,11,4,7,21,13,121,26,Matches,7cc00776
547,Arnaud Souquet,fr FRA,DF,Montpellier,29,1992,25.9,1460,100,470,618,383,23,1460,37,20,54.1,17,45.9,732,4234,2335,68,45,8,43,17,737,118,Matches,4e0afc5d
548,Saidou Sow,gn GUI,DF,Saint-Étienne,19,2002,11,710,62,336,351,27,7,710,8,5,62.5,3,37.5,367,1609,895,13,5,0,8,3,426,3,Matches,f6b94e8d
549,Calvin Stengs,nl NED,MF,Nice,22,1998,11.9,558,11,66,254,244,33,558,41,19,46.3,22,53.7,379,2423,1078,33,25,11,43,30,410,74,Matches,8f7e6783
550,Kamaldeen Sulemana,gh GHA,MFFW,Rennes,19,2002,11.3,530,4,48,211,285,47,530,92,54,58.7,38,41.3,377,3205,1518,56,34,22,37,25,391,96,Matches,a62f8bf1
551,Abdoulaye Sylla,gn GUI,DF,Nantes,21,2000,1.7,89,5,33,55,2,0,89,0,0,,0,,62,272,133,0,1,0,0,0,60,0,Matches,2aeb43f1
552,Waniss Taibi,fr FRA,MFFW,Angers,19,2002,1.5,93,3,28,43,23,1,93,4,2,50,2,50,46,166,60,1,0,0,4,1,59,5,Matches,95192fe4
553,Flavien Tait,fr FRA,MF,Rennes,28,1993,23.6,1494,27,222,846,446,57,1494,48,29,60.4,19,39.6,1077,6433,3182,67,48,14,46,32,1167,79,Matches,a0f9b535
554,Florian Tardieu,fr FRA,MF,Troyes,29,1992,29.2,2322,98,651,1307,384,9,2318,30,20,66.7,10,33.3,1494,6436,2995,20,32,1,19,19,1536,30,Matches,ed39121c
555,Oussama Targhalline,ma MAR,FW,Marseille,19,2002,0.1,8,0,1,3,4,0,8,0,0,,0,,7,51,34,1,2,0,0,0,7,1,Matches,abd56820
556,Loum Tchaouna,fr FRA,FWMF,Rennes,17,2003,1,53,0,5,25,24,1,53,1,1,100,0,0,30,193,110,3,1,0,3,2,34,9,Matches,a3c8b4d3
557,Warren Tchimbembé,cg CGO,MF,Metz,23,1998,2.3,116,4,31,67,20,1,116,2,0,0,2,100,82,394,182,2,3,0,5,4,84,6,Matches,93b8f9f4
558,Aurélien Tchouaméni,fr FRA,MF,Monaco,21,2000,32.5,2486,80,477,1670,372,48,2486,51,38,74.5,13,25.5,1604,8501,3776,47,41,6,19,30,1673,39,Matches,4f255115
559,Mathys Tel,fr FRA,FWMF,Rennes,16,2005,0.6,40,2,8,13,19,3,40,0,0,,0,,23,132,62,0,0,0,2,2,22,5,Matches,829aa60c
560,Jordan Tell,fr FRA,FW,Clermont Foot,24,1997,3.2,132,0,23,59,52,12,132,5,1,20,4,80,80,360,110,4,4,2,13,6,95,22,Matches,4f093689
561,Martin Terrier,fr FRA,FWMF,Rennes,24,1997,30.9,1300,20,137,569,616,131,1298,59,28,47.5,31,52.5,830,5200,2443,85,55,28,60,23,985,228,Matches,5148dcc5
562,Tetê,br BRA,FWMF,Lyon,21,2000,6.5,315,5,26,125,172,29,315,35,23,65.7,12,34.3,258,1852,933,28,17,11,14,11,242,48,Matches,7120a04d
563,Sada Thioub,sn SEN,FW,Angers,26,1995,0,4,0,2,2,0,0,4,0,0,,0,,4,18,3,0,0,0,0,1,4,0,Matches,f4bc42b1
564,Sada Thioub,sn SEN,DFMF,Saint-Étienne,26,1995,10.6,616,16,136,318,169,19,616,22,12,54.5,10,45.5,393,2497,1201,30,24,6,14,10,402,67,Matches,f4bc42b1
565,Romain Thomas,fr FRA,DF,Angers,33,1988,28.5,1991,230,997,952,51,29,1991,3,2,66.7,1,33.3,1287,5505,2967,4,4,0,4,5,1337,2,Matches,275e2c51
566,Adrien Thomasson,fr FRA,MF,Strasbourg,27,1993,26.5,1672,26,236,809,642,117,1672,55,31,56.4,24,43.6,976,4543,1754,43,42,13,62,34,1106,167,Matches,c76b7567
567,Thuler,br BRA,DF,Montpellier,22,1999,9.5,415,83,253,154,11,3,415,0,0,,0,,252,1215,700,3,1,0,3,3,240,1,Matches,db23d9fc
568,Khéphren Thuram-Ulie,fr FRA,MF,Nice,20,2001,21.1,1349,34,236,898,249,27,1349,43,32,74.4,11,25.6,938,6182,2919,65,56,6,34,23,947,33,Matches,7d9397f8
569,Cheikh Tidiane Sabaly,sn SEN,FWMF,Metz,22,1999,1.7,61,1,7,25,30,4,61,4,3,75,1,25,34,142,39,2,1,0,8,8,35,4,Matches,9ddf7fae
570,Jean-Clair Todibo,fr FRA,DF,Nice,21,1999,34.6,2801,253,1138,1598,84,27,2801,19,14,73.7,5,26.3,1997,10673,5859,33,20,0,22,7,1974,8,Matches,88f130ed
571,Karl Toko Ekambi,cm CMR,FW,Lyon,28,1992,25.5,1241,6,110,514,629,145,1239,84,44,52.4,40,47.6,892,5390,2712,89,47,36,65,39,972,268,Matches,5ceba7fc
572,Yoann Touzghar,tn TUN,FW,Troyes,34,1986,16.2,406,10,24,201,184,54,406,12,6,50,6,50,228,1000,302,16,6,9,29,11,273,67,Matches,4e47507a
573,Amadou Traore,fr FRA,FW,Bordeaux,19,2002,0.2,5,0,0,1,4,1,5,0,0,,0,,2,25,0,0,0,0,0,1,4,2,Matches,4eb0686f
574,Boubacar Traoré,ml MLI,MF,Metz,19,2001,19.2,948,20,209,629,130,7,948,42,28,66.7,14,33.3,606,3540,1627,26,22,1,43,25,577,10,Matches,999ceb5f
575,Charles Traore,ml MLI,DF,Nantes,29,1992,8,518,35,185,246,92,0,518,7,4,57.1,3,42.9,225,1070,523,5,4,0,9,2,246,19,Matches,de488e56
576,Hamari Traoré,ml MLI,DF,Rennes,29,1992,32.1,2481,98,585,1315,598,57,2481,22,10,45.5,12,54.5,1436,6917,3507,65,57,11,30,6,1591,180,Matches,a4b1028a
577,Ismaël Traoré,ci CIV,DF,Angers,34,1986,35.7,2070,270,1231,794,67,39,2070,12,5,41.7,7,58.3,1386,5842,2627,7,10,3,21,5,1370,6,Matches,b666421b
578,Miguel Trauco,pe PER,DFMF,Saint-Étienne,28,1992,12.4,830,37,233,403,200,8,830,16,6,37.5,10,62.5,453,2096,1030,12,15,1,8,5,498,49,Matches,e4b72e34
579,Adrien Truffert,fr FRA,DF,Rennes,19,2001,18.2,1360,39,344,668,362,37,1360,29,17,58.6,12,41.4,809,5126,2661,66,50,11,35,14,847,118,Matches,5d0e0a1f
580,Matthieu Udol,fr FRA,DF,Metz,25,1996,11.2,622,44,253,294,81,6,622,13,9,69.2,4,30.8,365,1997,1166,17,10,1,7,3,353,10,Matches,cc41f558
581,Ike Ugbo,ca CAN,FW,Troyes,22,1998,9,214,4,20,116,80,26,213,8,3,37.5,5,62.5,124,523,143,1,3,2,19,9,134,31,Matches,8a53d24b
582,Chimuanya Ugochukwu,fr FRA,MF,Rennes,17,2004,4.5,262,7,50,161,53,6,262,2,2,100,0,0,175,856,440,3,5,1,7,4,199,7,Matches,1df4a109
583,Hwang Ui-jo,kr KOR,FW,Bordeaux,28,1992,27.9,660,23,62,312,290,84,660,34,11,32.4,23,67.6,399,2215,860,30,15,19,70,22,447,131,Matches,a2d873dd
584,Cengiz Ünder,tr TUR,FWMF,Marseille,24,1997,24.4,1208,11,91,407,721,96,1207,68,25,36.8,43,63.2,871,5634,2444,64,57,31,64,26,933,307,Matches,1880614f
585,Jere Uronen,fi FIN,DF,Brest,27,1994,9.8,554,34,180,261,116,3,554,6,3,50,3,50,273,1302,707,11,8,1,7,1,273,32,Matches,d75f3980
586,Vanderson,br BRA,FWDF,Monaco,20,2001,12.4,778,26,128,339,319,44,778,45,17,37.8,28,62.2,490,2692,1264,22,17,5,45,19,492,110,Matches,ee45fd85
587,Jonathan Varane,fr FRA,MF,Lens,19,2001,0,3,0,1,2,0,0,3,0,0,,0,,3,7,3,0,0,0,0,0,2,0,Matches,4ade359f
588,Marco Verratti,it ITA,MF,Paris S-G,28,1992,21.5,2359,52,389,1457,530,33,2359,57,46,80.7,11,19.3,1736,8198,4171,56,83,5,28,21,1925,63,Matches,1467af0d
589,Kevin Volland,de GER,MFFW,Monaco,29,1992,27.1,869,6,60,378,440,117,868,38,18,47.4,20,52.6,561,2376,1048,31,22,14,65,34,672,203,Matches,64f69877
590,Timothy Weah,us USA,MFFW,Lille,21,2000,18,729,11,78,318,348,67,729,37,19,51.4,18,48.6,494,3310,1371,55,38,19,34,21,528,152,Matches,8eec784d
591,Georginio Wijnaldum,nl NED,MF,Paris S-G,30,1990,18.4,884,16,127,481,286,39,884,24,12,50,12,50,624,2659,984,13,19,4,29,21,691,55,Matches,eb58eef0
592,Christopher Wooh,cm CMR,DF,Lens,19,2001,11.7,768,78,373,379,25,7,768,15,11,73.3,4,26.7,493,3179,1825,16,4,2,13,2,502,0,Matches,b003239d
593,Xeka,pt POR,MF,Lille,26,1994,18,1090,45,229,695,175,15,1090,12,5,41.7,7,58.3,614,2908,1222,12,13,2,31,17,650,22,Matches,f3600c02
594,Sekou Yansané,gn GUI,FW,Paris S-G,18,2003,0.2,3,0,1,0,2,0,3,0,0,,0,,1,0,0,0,0,0,0,0,1,0,Matches,bce37ac0
595,Yusuf Yazıcı,tr TUR,MFFW,Lille,24,1997,5.7,308,3,38,150,125,13,308,13,9,69.2,4,30.8,166,953,414,8,7,2,16,5,208,44,Matches,f5c8b425
596,Burak Yılmaz,tr TUR,FW,Lille,36,1985,24.6,791,13,27,310,461,110,789,21,5,23.8,16,76.2,512,2535,1107,49,28,18,70,24,631,176,Matches,165a2e40
597,Leny Yoro,fr FRA,MF,Lille,15,2005,0.1,9,0,0,9,0,0,9,0,0,,0,,6,38,12,0,0,0,1,0,5,0,Matches,6763f716
598,Zaydou Youssouf,fr FRA,MF,Saint-Étienne,22,1999,17.3,921,31,214,573,159,9,921,38,34,89.5,4,10.5,570,3149,1489,18,18,0,43,31,593,20,Matches,e2f9bb5f
599,Akim Zedadka,dz ALG,DF,Clermont Foot,26,1995,37.1,2523,109,689,1116,746,37,2523,71,32,45.1,39,54.9,1436,8280,4062,114,71,13,67,52,1439,184,Matches,0ff630d0
600,Arber Zeneli,xk KVX,FW,Reims,26,1995,4.5,177,0,13,81,86,18,177,16,11,68.8,5,31.3,121,851,338,14,5,11,20,9,117,30,Matches,095e4199
601,Mehdi Zerkane,dz ALG,MFDF,Bordeaux,22,1999,0.9,55,2,7,35,15,2,55,5,4,80,1,20,39,189,94,3,1,0,2,2,39,4,Matches,53f6306f
602,Edon Zhegrova,xk KVX,MFFW,Lille,22,1999,5.3,314,3,24,88,211,19,314,33,15,45.5,18,54.5,251,1898,1080,28,20,9,14,10,232,61,Matches,34a88e3e
603,Banhie Zoukrou,fr FRA,DF,Troyes,18,2003,0.9,32,1,18,12,2,1,32,0,0,,0,,18,83,44,0,0,0,2,0,23,1,Matches,aefa3050