﻿,,,,,,,,SCA,SCA,SCA Types,SCA Types,SCA Types,SCA Types,SCA Types,SCA Types,GCA,GCA,GCA Types,GCA Types,GCA Types,GCA Types,GCA Types,GCA Types,,#NAME?
Rk,Player,Nation,Pos,Squad,Age,Born,90s,SCA,SCA90,PassLive,PassDead,TO,Sh,Fld,Def,GCA,GCA90,PassLive,PassDead,TO,Sh,Fld,Def,Matches,-9999
1,Abner,br BRA,DF,Atl Paranaense,21,2000,23.4,56,2.39,45,4,2,1,0,4,6,0.26,4,1,0,1,0,0,Matches,7f9c5d2d
2,Adryelson,br BRA,DF,Botafogo (RJ),23,1998,16.1,11,0.68,6,1,0,4,0,0,0,0,0,0,0,0,0,0,Matches,e980e78d
3,Adson,br BRA,FWMF,Corinthians,21,2000,13.8,38,2.76,30,1,3,2,1,1,1,0.07,1,0,0,0,0,0,Matches,eda38706
4,Airton,br BRA,FW,Atl Goianiense,22,1999,19.3,64,3.26,33,9,9,6,4,3,10,0.51,5,0,3,0,2,0,Matches,751ef075
5,Carlos Alberto,br BRA,FWMF,América (MG),19,2002,1.7,2,1.16,1,0,0,0,0,1,0,0,0,0,0,0,0,0,Matches,08f48d96
6,Yuri Alberto,br BRA,FW,Corinthians,20,2001,16.1,46,2.85,32,0,3,6,4,1,2,0.12,1,0,0,1,0,0,Matches,65159211
7,Ale,br BRA,MF,América (MG),31,1990,21.4,55,2.56,43,1,3,2,4,2,7,0.33,5,0,0,1,0,1,Matches,b7d9347d
8,Alexandre Alemão,br BRA,FW,Internacional,23,1998,22.3,66,2.96,35,0,14,4,12,1,15,0.67,8,0,3,1,3,0,Matches,3ed2a79b
9,Alerrandro,br BRA,FW,Bragantino,22,2000,10.3,25,2.42,15,0,1,5,4,0,3,0.29,1,0,0,2,0,0,Matches,3415a44d
10,Alesson,br BRA,MFFW,Cuiabá,22,1999,11.4,28,2.46,19,0,5,3,1,0,3,0.26,0,0,1,1,1,0,Matches,611e984e
11,Alex,br BRA,DF,Santos,22,1999,3.7,1,0.27,0,0,0,1,0,0,0,0,0,0,0,0,0,0,Matches,7367baf7
12,Caio Alexandre,br BRA,MF,Fortaleza,22,1999,11,28,2.54,27,0,1,0,0,0,3,0.27,3,0,0,0,0,0,Matches,08ac23b7
13,Matheus Alexandre,br BRA,DF,Coritiba,22,1999,15.6,23,1.48,20,2,0,0,1,0,2,0.13,1,0,0,0,1,0,Matches,0212e748
14,Alexsander,br BRA,DF,Fluminense,18,2003,2.5,6,2.4,5,0,0,1,0,0,2,0.8,1,0,0,1,0,0,Matches,b13e7a78
15,Alisson,br BRA,MFFW,São Paulo,28,1993,10.5,30,2.86,25,2,1,2,0,0,6,0.57,6,0,0,0,0,0,Matches,99139fa4
16,Allan,br BRA,MF,Atlético Mineiro,24,1997,30.4,49,1.61,42,1,0,3,1,2,2,0.07,2,0,0,0,0,0,Matches,b15e93aa
17,Guilherme Almeida Augusto,br BRA,DF,Bragantino,29,1993,1,3,3,1,0,1,0,1,0,0,0,0,0,0,0,0,0,Matches,8eecd5f9
18,Henrique Almeida,br BRA,FW,América (MG),30,1991,16.6,44,2.65,25,0,4,11,3,1,4,0.24,1,0,0,0,2,1,Matches,8aa2f2e3
19,Júnior Alonso,py PAR,DF,Atlético Mineiro,28,1993,28.9,31,1.07,30,0,0,0,0,1,3,0.1,3,0,0,0,0,0,Matches,b18a3023
20,Diego Alves,br BRA,GK,Flamengo,36,1985,4.7,0,0,0,0,0,0,0,0,0,0,0,0,0,0,0,0,Matches,12421a7c
21,Felipe Alves Raymundo,br BRA,GK,São Paulo,33,1988,17,0,0,0,0,0,0,0,0,0,0,0,0,0,0,0,0,Matches,7fbe8689
22,Felipe Alves Raymundo,br BRA,GK,Juventude,33,1988,1,2,2,2,0,0,0,0,0,0,0,0,0,0,0,0,0,Matches,7fbe8689
23,Rodrigo Alves Soares,br BRA,DF,Juventude,29,1992,31,67,2.16,59,7,0,0,0,1,1,0.03,1,0,0,0,0,0,Matches,4c1b67d6
24,Anderson,br BRA,GK,Atl Paranaense,23,1998,5,0,0,0,0,0,0,0,0,0,0,0,0,0,0,0,0,Matches,29d862d4
25,Thonny Anderson,br BRA,MFFW,Coritiba,24,1997,8.1,40,4.94,25,3,8,3,1,0,1,0.12,1,0,0,0,0,0,Matches,7a7c9837
26,André,br BRA,MF,Fluminense,20,2001,33.5,83,2.48,68,0,5,1,4,5,4,0.12,3,0,1,0,0,0,Matches,ec604e2c
27,André,br BRA,FW,Cuiabá,31,1990,8.1,11,1.36,8,0,0,0,3,0,0,0,0,0,0,0,0,0,Matches,13b52dec
28,Andrey,br BRA,MF,Avaí,19,2002,0.3,1,3.1,1,0,0,0,0,0,0,0,0,0,0,0,0,0,Matches,89c28d9f
29,Brayan Angulo,ec ECU,FWMF,Santos,26,1995,5.3,8,1.51,7,0,0,1,0,0,1,0.19,1,0,0,0,0,0,Matches,37fdc62b
30,Apodi,br BRA,MFFW,Goiás,35,1986,10.1,20,1.98,10,0,0,4,5,1,7,0.69,3,0,0,2,2,0,Matches,affbe6bc
31,Guilherme Arana,br BRA,DF,Atlético Mineiro,24,1997,19.1,66,3.45,51,8,2,4,1,0,6,0.31,6,0,0,0,0,0,Matches,2b15a82a
32,Willian Arão,br BRA,MFDF,Flamengo,29,1992,10.2,21,2.05,21,0,0,0,0,0,3,0.29,3,0,0,0,0,0,Matches,f47a530a
33,Michel Araujo,uy URU,FWMF,Fluminense,25,1996,0.9,7,7.5,4,1,1,0,1,0,3,3.21,2,1,0,0,0,0,Matches,1159e4ae
34,Robert Arboleda,ec ECU,DF,São Paulo,30,1991,8,7,0.87,3,1,0,2,1,0,1,0.12,1,0,0,0,0,0,Matches,269dbfc6
35,Jhon Arias,co COL,FWMF,Fluminense,24,1997,29.6,144,4.87,93,30,8,3,9,1,13,0.44,7,4,1,1,0,0,Matches,86d96066
36,Arthur,br BRA,MFDF,América (MG),18,2003,2,6,3.03,4,1,0,1,0,0,0,0,0,0,0,0,0,0,Matches,8a958856
37,Arthur,br BRA,FW,Corinthians,18,2003,0,0,0,0,0,0,0,0,0,0,0,0,0,0,0,0,0,Matches,e93fed32
38,Artur,br BRA,FWMF,Bragantino,23,1998,31,162,5.23,102,27,9,13,10,1,13,0.42,6,2,1,2,2,0,Matches,105132cd
39,Eduard Atuesta,co COL,MF,Palmeiras,24,1997,7.3,29,3.95,19,3,4,3,0,0,1,0.14,1,0,0,0,0,0,Matches,60990b81
40,Felipe Augusto,br BRA,FW,Corinthians,17,2004,0.8,0,0,0,0,0,0,0,0,0,0,0,0,0,0,0,0,Matches,1f9cbd0b
41,Leo Augusto Pereira,br BRA,FWMF,Atl Goianiense,21,2000,12.6,18,1.42,13,0,3,1,1,0,1,0.08,1,0,0,0,0,0,Matches,a3818875
42,Renato Augusto,br BRA,MF,Corinthians,33,1988,15.6,82,5.26,58,14,4,3,3,0,6,0.39,5,1,0,0,0,0,Matches,83a6367a
43,Auremir,br BRA,MF,Goiás,30,1991,16.4,17,1.04,11,0,1,0,5,0,0,0,0,0,0,0,0,0,Matches,3a2e6d70
44,Auro,br BRA,DF,Santos,26,1996,4.3,11,2.55,9,0,1,1,0,0,1,0.23,1,0,0,0,0,0,Matches,b234cb0e
45,Danilo Avelar,br BRA,DF,América (MG),32,1989,9.6,18,1.88,13,2,0,0,1,2,2,0.21,2,0,0,0,0,0,Matches,eacb45fd
46,Felipe Azevedo,br BRA,MFFW,América (MG),35,1987,25.3,80,3.17,63,9,4,2,1,1,2,0.08,2,0,0,0,0,0,Matches,4a22b15a
47,Matheus Babi,br BRA,FWMF,Atl Paranaense,24,1997,0.9,4,4.24,4,0,0,0,0,0,0,0,0,0,0,0,0,0,Matches,f48cff2c
48,Pedro Bahia,br BRA,MF,Goiás,19,2002,0.3,,,,,,,,,,,,,,,,,Matches,3964a23d
49,Fabrício Baiano,br BRA,FWMF,Fortaleza,29,1992,0.6,1,1.55,1,0,0,0,0,0,0,0,0,0,0,0,0,0,Matches,d8a48dad
50,Fabián Balbuena,py PAR,DF,Corinthians,30,1991,12,7,0.58,5,0,0,1,0,1,0,0,0,0,0,0,0,0,Matches,3626f7d9
51,Robson Bambu,br BRA,DF,Corinthians,24,1997,4.4,1,0.23,1,0,0,0,0,0,0,0,0,0,0,0,0,0,Matches,d4fa7d01
52,Léo Baptistão,br BRA,FWMF,Santos,29,1992,12.6,33,2.61,18,0,5,6,3,1,4,0.32,1,0,2,1,0,0,Matches,35f6db55
53,Gabriel Baralhas,br BRA,MF,Atl Goianiense,23,1998,24,59,2.46,47,0,4,2,3,3,5,0.21,4,0,0,0,1,0,Matches,b7838aad
54,Danilo Barbosa,br BRA,MF,Botafogo (RJ),25,1996,1.8,9,4.88,6,0,1,1,0,1,0,0,0,0,0,0,0,0,Matches,0557ff4f
55,Gabriel Barbosa,br BRA,FW,Flamengo,25,1996,22.7,68,2.99,53,3,2,6,4,0,6,0.26,4,0,1,1,0,0,Matches,72d0e1b6
56,Lucas Barbosa,br BRA,FWMF,Santos,20,2001,8.6,22,2.56,22,0,0,0,0,0,2,0.23,2,0,0,0,0,0,Matches,a28eac7e
57,Danilo Barcelos,br BRA,DFMF,Goiás,30,1991,11.4,22,1.92,8,12,0,2,0,0,3,0.26,2,1,0,0,0,0,Matches,26f4ef39
58,Leandro Barcia,uy URU,FW,Atl Goianiense,29,1992,0.3,0,0,0,0,0,0,0,0,0,0,0,0,0,0,0,0,Matches,11d91ea7
59,Barreto,br BRA,MF,Botafogo (RJ),26,1995,0.3,0,0,0,0,0,0,0,0,0,0,0,0,0,0,0,0,Matches,de08d383
60,Fellipe Bastos,br BRA,MF,Goiás,31,1990,9.6,53,5.52,32,12,3,4,1,1,5,0.52,4,0,0,1,0,0,Matches,9b99eae0
61,Ramiro Benetti,br BRA,MFFW,Corinthians,28,1993,6.1,14,2.28,13,0,0,0,1,0,3,0.49,2,0,0,0,1,0,Matches,96d14fe7
62,Martín Benítez,ar ARG,MF,América (MG),27,1994,8.4,57,6.8,34,15,2,4,1,1,6,0.72,4,2,0,0,0,0,Matches,c122e34e
63,Bento,br BRA,GK,Atl Paranaense,22,1999,33,6,0.18,4,2,0,0,0,0,0,0,0,0,0,0,0,0,Matches,5d699228
64,Lucas Beraldo,br BRA,DF,São Paulo,18,2003,1.4,0,0,0,0,0,0,0,0,0,0,0,0,0,0,0,0,Matches,b8aedf06
65,Eduardo de Biasi,br BRA,MF,Avaí,25,1997,20.8,43,2.07,34,0,4,2,3,0,4,0.19,3,0,0,1,0,0,Matches,828a04fa
66,Pedro Bicalho,br BRA,MF,Palmeiras,20,2001,0,0,0,0,0,0,0,0,0,0,0,0,0,0,0,0,0,Matches,f35cb8a4
67,Raul Bicalho,br BRA,DF,Corinthians,22,1999,18.7,8,0.43,6,0,0,1,1,0,1,0.05,0,0,0,1,0,0,Matches,79af412b
68,Guilherme Biro,br BRA,FW,Corinthians,17,2004,1.2,3,2.5,1,1,0,1,0,0,0,0,0,0,0,0,0,0,Matches,e38c2c76
69,Guilherme Biro,br BRA,DF,Coritiba,21,2000,8.2,17,2.06,11,3,1,1,1,0,2,0.24,1,0,0,1,0,0,Matches,02c7236e
70,Guilherme Bissoli,br BRA,FW,Avaí,24,1998,27.1,45,1.66,35,0,1,5,4,0,2,0.07,0,0,0,1,1,0,Matches,c9024e62
71,Marcelo Boeck,br BRA,GK,Fortaleza,37,1984,13,2,0.15,2,0,0,0,0,0,0,0,0,0,0,0,0,0,Matches,069cb4f8
72,Vinícius Boff,br BRA,MF,Cuiabá,22,1999,0.1,1,9,1,0,0,0,0,0,1,9,1,0,0,0,0,0,Matches,badaed00
73,Ângelo Borges,br BRA,FWMF,Santos,17,2004,17,84,4.94,49,1,21,3,9,1,11,0.65,7,0,1,0,3,0,Matches,737945d9
74,Daniel Borges,br BRA,DF,Botafogo (RJ),28,1993,20.8,51,2.46,26,23,0,1,0,1,3,0.14,1,2,0,0,0,0,Matches,71879f82
75,Douglas Borges,br BRA,GK,Botafogo (RJ),31,1990,1,0,0,0,0,0,0,0,0,0,0,0,0,0,0,0,0,Matches,55196057
76,Marllon Borges,br BRA,DF,Cuiabá,29,1992,33.4,11,0.33,10,1,0,0,0,0,0,0,0,0,0,0,0,0,Matches,d0b29bbd
77,Gabriel Boschilia,br BRA,MFFW,Internacional,25,1996,0.6,5,8.04,5,0,0,0,0,0,1,1.61,1,0,0,0,0,0,Matches,e90af77c
78,Gabriel Boschilia,br BRA,MF,Coritiba,25,1996,5.3,13,2.46,9,2,0,2,0,0,0,0,0,0,0,0,0,0,Matches,e90af77c
79,Lucas Braga,br BRA,FWMF,Santos,25,1996,23.1,66,2.86,45,2,11,1,7,0,4,0.17,3,0,0,0,1,0,Matches,8a0a73ad
80,David Braz,br BRA,DF,Fluminense,34,1987,7.9,5,0.62,4,0,0,1,0,0,1,0.12,1,0,0,0,0,0,Matches,9313b408
81,Breno,br BRA,FW,Palmeiras,26,1996,3.7,16,4.36,13,0,0,1,2,0,4,1.09,3,0,0,0,1,0,Matches,e0016d00
82,Bressan,br BRA,DF,Avaí,29,1993,20.6,9,0.44,9,0,0,0,0,0,0,0,0,0,0,0,0,0,Matches,3db1684c
83,Emanuel Brítez,ar ARG,DF,Fortaleza,29,1992,20,20,1,11,8,0,0,1,0,3,0.15,0,2,0,0,1,0,Matches,fb29d05d
84,Bruninho,br BRA,MFFW,Juventude,21,2000,1.3,2,1.59,0,1,0,1,0,0,0,0,0,0,0,0,0,0,Matches,f7a3e78a
85,Bruno,br BRA,MF,Bragantino,18,2003,0.4,1,2.31,1,0,0,0,0,0,0,0,0,0,0,0,0,0,Matches,ad8c3404
86,Fabrício Bruno,br BRA,DF,Flamengo,25,1996,13,5,0.38,4,1,0,0,0,0,2,0.15,2,0,0,0,0,0,Matches,470d197b
87,Ricardo Bueno,br BRA,FW,Juventude,34,1987,9,18,2.01,12,0,0,3,2,1,2,0.22,1,0,0,0,1,0,Matches,768cbb2d
88,Vitor Bueno,br BRA,MFFW,Atl Paranaense,27,1994,12.5,36,2.89,26,1,2,2,3,2,4,0.32,2,0,1,1,0,0,Matches,5752f96d
89,Busanello,br BRA,DF,Juventude,23,1998,3.2,5,1.55,3,2,0,0,0,0,2,0.62,1,1,0,0,0,0,Matches,788c4780
90,Fabricio Bustos,ar ARG,DF,Internacional,25,1996,29.7,63,2.12,57,4,1,1,0,0,8,0.27,7,1,0,0,0,0,Matches,82549f54
91,Nahuel Bustos,ar ARG,FW,São Paulo,23,1998,3.2,5,1.58,2,0,1,1,1,0,0,0,0,0,0,0,0,0,Matches,8f774c7f
92,Daniel Cabral,br BRA,FW,Flamengo,19,2002,0,0,0,0,0,0,0,0,0,0,0,0,0,0,0,0,0,Matches,c080bb5e
93,Patric Cabral Lalau,br BRA,DF,América (MG),32,1989,19.1,64,3.35,43,18,1,1,1,0,1,0.05,1,0,0,0,0,0,Matches,16cd17b7
94,Raúl Cáceres,py PAR,DF,América (MG),30,1991,18,53,2.95,38,11,0,3,0,1,4,0.22,4,0,0,0,0,0,Matches,6d9dc5be
95,Matheus Cadorini,br BRA,FW,Internacional,19,2002,1,0,0,0,0,0,0,0,0,0,0,0,0,0,0,0,0,Matches,7f2b23f8
96,Matheus Cadorini,br BRA,FW,Coritiba,19,2002,3.5,6,1.71,3,0,0,3,0,0,0,0,0,0,0,0,0,0,Matches,7f2b23f8
97,Caetano,br BRA,DF,Goiás,22,1999,24.6,20,0.81,15,1,0,1,0,3,1,0.04,1,0,0,0,0,0,Matches,226e5efd
98,Jonathan Cafu,br BRA,DFMF,Cuiabá,30,1991,6.2,17,2.73,14,0,1,2,0,0,4,0.64,2,0,1,1,0,0,Matches,8d043f1d
99,Rodrigo Caio,br BRA,DF,Flamengo,28,1993,6.5,2,0.31,2,0,0,0,0,0,0,0,0,0,0,0,0,0,Matches,186ed8f1
100,Calebe,br BRA,MFFW,Atlético Mineiro,21,2000,2.9,10,3.41,8,0,0,1,0,1,0,0,0,0,0,0,0,0,Matches,c84af55e
101,Lucas Calegari,br BRA,DF,Fluminense,19,2002,7.3,16,2.19,14,0,0,0,2,0,1,0.14,1,0,0,0,0,0,Matches,a564fe91
102,Jonathan Calleri,ar ARG,FW,São Paulo,28,1993,31.3,72,2.3,44,0,5,11,11,1,4,0.13,2,0,1,1,0,0,Matches,6922f806
103,Guilherme Camacho,br BRA,MF,Santos,31,1990,18.1,35,1.93,33,1,0,1,0,0,3,0.17,3,0,0,0,0,0,Matches,61a6775b
104,Nathan Camargo,br BRA,MFFW,Bragantino,16,2005,0.8,0,0,0,0,0,0,0,0,0,0,0,0,0,0,0,0,Matches,2c79da44
105,Camilo,br BRA,MF,Cuiabá,22,1999,18.5,21,1.14,19,0,0,1,1,0,0,0,0,0,0,0,0,0,Matches,dfb81359
106,Camutanga,br BRA,DF,Atl Goianiense,28,1993,0.8,0,0,0,0,0,0,0,0,0,0,0,0,0,0,0,0,Matches,c455a045
107,Luan Cândido,br BRA,DF,Bragantino,20,2001,29.2,47,1.61,34,7,0,4,2,0,5,0.17,4,0,0,1,0,0,Matches,ca151606
108,Germán Cano,ar ARG,FW,Fluminense,33,1988,34.2,53,1.55,39,0,3,7,4,0,5,0.15,4,0,0,0,1,0,Matches,9ccf4e14
109,Agustín Canobbio,uy URU,FW,Atl Paranaense,23,1998,15.6,42,2.69,29,5,3,3,2,0,1,0.06,0,0,0,0,1,0,Matches,4f5a2f38
110,Víctor Cantillo,co COL,MF,Corinthians,28,1993,10.2,19,1.87,13,5,0,0,0,1,1,0.1,1,0,0,0,0,0,Matches,45075f2f
111,Capixaba,br BRA,FWMF,Juventude,25,1997,18.4,34,1.85,22,3,4,2,3,0,1,0.05,1,0,0,0,0,0,Matches,ea2634a1
112,Juninho Capixaba,br BRA,DF,Fortaleza,24,1997,32.3,104,3.22,65,20,6,4,7,2,8,0.25,7,0,0,1,0,0,Matches,91ba7336
113,Gabriel Carabajal,ar ARG,MFFW,Santos,30,1991,5.5,15,2.72,7,7,0,1,0,0,1,0.18,1,0,0,0,0,0,Matches,7a694ae4
114,Johnny Cardoso,us USA,MF,Internacional,20,2001,15.7,41,2.62,34,0,1,2,2,2,2,0.13,1,0,0,1,0,0,Matches,7426f085
115,Igor Cariús,br BRA,DFMF,Cuiabá,28,1993,12.9,24,1.86,18,2,0,1,1,2,1,0.08,1,0,0,0,0,0,Matches,662475de
116,Joel Carli,ar ARG,DF,Botafogo (RJ),35,1986,4.1,4,0.98,4,0,0,0,0,0,1,0.25,1,0,0,0,0,0,Matches,00d6e369
117,Ed Carlos,br BRA,MF,Santos,20,2001,2.9,8,2.77,7,1,0,0,0,0,2,0.69,2,0,0,0,0,0,Matches,e93e479e
118,Jan Carlos Hurtado,ve VEN,FW,Bragantino,21,2000,5.4,11,2.02,11,0,0,0,0,0,0,0,0,0,0,0,0,0,Matches,f50b0b2b
119,João Carlos,br BRA,GK,Cuiabá,33,1988,10.6,0,0,0,0,0,0,0,0,0,0,0,0,0,0,0,0,Matches,ad9e7995
120,Alan Carvalho,cn CHN,FWMF,Fluminense,32,1989,0.4,0,0,0,0,0,0,0,0,0,0,0,0,0,0,0,0,Matches,ebb2d232
121,Guilherme Carvalho,br BRA,MF,Ceará,22,1999,7.6,18,2.38,11,3,1,2,0,1,2,0.26,2,0,0,0,0,0,Matches,a32d25d3
122,Guilherme Carvalho,br BRA,MFDF,Atlético Mineiro,22,1999,1.6,0,0,0,0,0,0,0,0,0,0,0,0,0,0,0,0,Matches,a32d25d3
123,Cássio,br BRA,GK,Corinthians,34,1987,34,1,0.03,1,0,0,0,0,0,1,0.03,1,0,0,0,0,0,Matches,d42f6326
124,Luciano Castán,br BRA,DF,Coritiba,32,1989,35,20,0.57,17,1,0,2,0,0,1,0.03,1,0,0,0,0,0,Matches,0470eeba
125,Iury de Castilho,br BRA,FW,Ceará,26,1995,5.8,18,3.11,11,0,1,3,3,0,2,0.35,1,0,0,0,1,0,Matches,555311f2
126,Cauã,br BRA,DF,Juventude,18,2003,0.5,1,2.14,1,0,0,0,0,0,0,0,0,0,0,0,0,0,Matches,3c48a088
127,Matheus Cavichioli,br BRA,GK,América (MG),35,1986,25,2,0.08,2,0,0,0,0,0,0,0,0,0,0,0,0,0,Matches,8470f026
128,Brayan Ceballos,co COL,DF,Fortaleza,20,2001,11.9,11,0.92,8,0,0,1,0,2,0,0,0,0,0,0,0,0,Matches,3fa61ade
129,Murilo Cerqueira,br BRA,DF,Palmeiras,24,1997,31.5,36,1.14,34,0,0,2,0,0,2,0.06,2,0,0,0,0,0,Matches,10fe831e
130,Reynaldo Cesar Moraes,br BRA,DF,Goiás,25,1997,30.5,11,0.36,10,0,0,1,0,0,0,0,0,0,0,0,0,0,Matches,589d070c
131,Jhon Chancellor,ve VEN,DF,Coritiba,30,1992,13,6,0.46,5,0,0,1,0,0,1,0.08,1,0,0,0,0,0,Matches,84b6acaa
132,Arthur Chaves,br BRA,DF,Avaí,21,2001,16.5,4,0.24,2,0,0,2,0,0,0,0,0,0,0,0,0,0,Matches,913e4711
133,Renato Chaves,br BRA,DF,Juventude,31,1990,1.8,0,0,0,0,0,0,0,0,0,0,0,0,0,0,0,0,Matches,2a51efe8
134,Chico,br BRA,MFFW,Juventude,30,1991,24.2,93,3.84,51,27,1,3,7,4,5,0.21,4,0,0,0,1,0,Matches,bad7d8a9
135,Christian,br BRA,MF,Atl Paranaense,21,2000,4.8,12,2.52,9,0,1,1,0,1,0,0,0,0,0,0,0,0,Matches,a856b456
136,Diego Churín,ar ARG,FW,Atl Goianiense,32,1989,26.5,63,2.37,48,1,1,6,7,0,8,0.3,8,0,0,0,0,0,Matches,875ac6e9
137,Marcelo Cirino,br BRA,FW,Atl Paranaense,30,1992,5.2,11,2.1,9,0,1,0,1,0,2,0.38,1,0,0,0,1,0,Matches,6ba81b35
138,Léo Cittadini,br BRA,MFFW,Atl Paranaense,27,1994,8,15,1.87,14,0,0,0,1,0,2,0.25,2,0,0,0,0,0,Matches,68410185
139,Luccas Claro,br BRA,DF,Fluminense,30,1991,5.2,2,0.39,2,0,0,0,0,0,0,0,0,0,0,0,0,0,Matches,3cacc0ec
140,Clayton,br BRA,FWMF,Coritiba,23,1999,3.6,18,4.95,12,0,1,1,4,0,0,0,0,0,0,0,0,0,Matches,b05870de
141,Cléber,br BRA,FW,Ceará,25,1996,10.9,29,2.67,26,0,0,3,0,0,1,0.09,1,0,0,0,0,0,Matches,e539e239
142,Jean Cléber,br BRA,MF,Avaí,31,1990,9.6,32,3.33,26,0,2,0,2,2,1,0.1,1,0,0,0,0,0,Matches,16bf849a
143,Cleiton,br BRA,DF,Flamengo,18,2003,0,,,,,,,,,,,,,,,,,Matches,741c6251
144,Andrés Colorado,co COL,MF,São Paulo,23,1998,3.4,8,2.34,8,0,0,0,0,0,1,0.29,1,0,0,0,0,0,Matches,f3afff11
145,Germán Conti,ar ARG,DF,América (MG),27,1994,18.4,13,0.71,10,0,0,2,0,1,0,0,0,0,0,0,0,0,Matches,7b18b6db
146,Jonathan Copete,co COL,FW,Avaí,34,1988,3.1,7,2.26,5,0,1,1,0,0,0,0,0,0,0,0,0,0,Matches,ce070a45
147,Bruno Cortez,br BRA,DF,Avaí,34,1987,27,37,1.37,27,3,2,1,4,0,2,0.07,2,0,0,0,0,0,Matches,a3a1198a
148,Talles Costa,br BRA,MF,São Paulo,19,2002,6.1,14,2.31,9,1,0,0,2,2,4,0.66,2,0,0,0,1,1,Matches,d8f15d24
149,Lucas Crispim,br BRA,DFMF,Fortaleza,27,1994,13,52,4,29,18,1,1,1,2,3,0.23,2,1,0,0,0,0,Matches,6501ff61
150,Daniel Cruz,br BRA,FWDF,Botafogo (RJ),20,2001,0.1,0,0,0,0,0,0,0,0,0,0,0,0,0,0,0,0,Matches,86a118c2
151,Tomás Cuello,ar ARG,FW,Atl Paranaense,21,2000,18,75,4.18,54,6,7,4,2,2,7,0.39,6,1,0,0,0,0,Matches,5c8615dd
152,Víctor Cuesta,ar ARG,DF,Botafogo (RJ),33,1988,28.5,26,0.91,17,2,0,4,2,1,4,0.14,2,0,0,1,1,0,Matches,39fb428f
153,Andrés D'Alessandro,ar ARG,FW,Internacional,40,1981,0.8,5,6.34,2,2,1,0,0,0,1,1.27,0,0,1,0,0,0,Matches,6a11048a
154,Adailson Dadá,br BRA,MFFW,Goiás,24,1997,27.9,72,2.58,38,14,4,3,13,0,10,0.36,6,2,0,2,0,0,Matches,2a75cc09
155,Daniel,br BRA,GK,Internacional,27,1994,23,3,0.13,2,1,0,0,0,0,0,0,0,0,0,0,0,0,Matches,636fc976
156,Danilo,br BRA,DF,Goiás,24,1997,2.6,1,0.38,1,0,0,0,0,0,0,0,0,0,0,0,0,0,Matches,415a34c5
157,Danilo,br BRA,MF,Palmeiras,20,2001,30.5,79,2.59,61,2,6,4,4,2,6,0.2,5,0,0,0,0,1,Matches,a816dbfb
158,David,br BRA,MF,Ceará,17,2004,0.1,1,8.18,1,0,0,0,0,0,0,0,0,0,0,0,0,0,Matches,16a42430
159,David,br BRA,FW,Internacional,26,1995,9.1,12,1.28,9,0,0,1,2,0,2,0.21,2,0,0,0,0,0,Matches,92f9ace5
160,Kayke David,br BRA,FWMF,Flamengo,19,2003,0.3,2,6.92,1,1,0,0,0,0,0,0,0,0,0,0,0,0,Matches,2285358d
161,Giorgian De Arrascaeta,uy URU,MF,Flamengo,27,1994,16.4,113,6.88,69,20,6,10,6,2,14,0.85,9,4,0,1,0,0,Matches,be8d02dd
162,Romildo Del Piage,br BRA,MF,Botafogo (RJ),21,2000,5.7,17,3.01,11,0,0,2,4,0,2,0.35,1,0,0,0,1,0,Matches,679ca46d
163,Denilson,br BRA,MF,Cuiabá,20,2001,7.8,19,2.44,17,0,0,0,2,0,0,0,0,0,0,0,0,0,Matches,9144afdf
164,Dentinho,br BRA,FW,Ceará,33,1989,0.6,0,0,0,0,0,0,0,0,0,0,0,0,0,0,0,0,Matches,85686f86
165,Dentinho,br BRA,FWMF,Avaí,24,1997,3.2,13,4.12,9,0,2,0,2,0,0,0,0,0,0,0,0,0,Matches,aaacc628
166,Valentín Depietri,ar ARG,FWMF,Fortaleza,21,2000,2.6,8,3.08,7,0,0,1,0,0,0,0,0,0,0,0,0,0,Matches,d02cb5d7
167,Deyverson,br BRA,FW,Cuiabá,30,1991,14.1,38,2.7,28,0,2,5,3,0,2,0.14,1,0,1,0,0,0,Matches,2e5e846d
168,Luan Dias,br BRA,MFFW,Goiás,24,1997,8.6,26,3.04,23,1,1,1,0,0,2,0.23,2,0,0,0,0,0,Matches,a342ce1e
169,Matheus Dias,br BRA,MF,Internacional,24,1997,1.2,3,2.5,2,0,0,0,1,0,0,0,0,0,0,0,0,0,Matches,ddfa9005
170,Juan Díaz,co COL,MF,Coritiba,20,2001,1.5,0,0,0,0,0,0,0,0,0,0,0,0,0,0,0,0,Matches,36839110
171,Diego,br BRA,MFDF,Ceará,33,1988,2.3,4,1.75,3,0,0,0,1,0,0,0,0,0,0,0,0,0,Matches,cd09e9a1
172,Diego,br BRA,GK,Atl Goianiense,23,1998,2,0,0,0,0,0,0,0,0,0,0,0,0,0,0,0,0,Matches,6b023405
173,Diego,br BRA,DF,São Paulo,22,1999,19.1,12,0.63,11,0,0,0,0,1,2,0.1,2,0,0,0,0,0,Matches,7fb8f90c
174,Diego,br BRA,MF,Flamengo,36,1985,9.8,20,2.04,18,0,0,0,1,1,0,0,0,0,0,0,0,0,Matches,255a478a
175,Diego,br BRA,GK,Botafogo (RJ),23,1998,2,0,0,0,0,0,0,0,0,0,0,0,0,0,0,0,0,Matches,6b023405
176,Dieguinho,br BRA,MFDF,Goiás,26,1995,32.1,73,2.27,50,4,7,4,5,3,10,0.31,8,0,0,0,1,1,Matches,7e5a7340
177,Dodô,br BRA,DF,Atlético Mineiro,29,1992,10.1,23,2.29,20,0,1,1,1,0,0,0,0,0,0,0,0,0,Matches,99931185
178,Matheus Donelli,br BRA,GK,Corinthians,19,2002,2,0,0,0,0,0,0,0,0,0,0,0,0,0,0,0,0,Matches,7c736064
179,Renan dos Santos,br BRA,GK,Atl Goianiense,32,1989,16,0,0,0,0,0,0,0,0,0,0,0,0,0,0,0,0,Matches,6bfaecc4
180,Douglas,br BRA,DF,Bragantino,33,1988,0.8,,,,,,,,,,,,,,,,,Matches,e7fea035
181,Rodrigo Dourado,br BRA,MF,Internacional,27,1994,5,4,0.8,4,0,0,0,0,0,0,0,0,0,0,0,0,0,Matches,d7d05a22
182,David Duarte,br BRA,DF,Fluminense,27,1995,0.9,1,1.06,1,0,0,0,0,0,0,0,0,0,0,0,0,0,Matches,91bf16f7
183,Dudu,br BRA,FW,Palmeiras,30,1992,31.3,147,4.7,120,5,6,4,12,0,20,0.64,19,0,0,1,0,0,Matches,895ef5ec
184,Dudu,br BRA,DF,Juventude,19,2002,1.2,1,0.8,0,1,0,0,0,0,0,0,0,0,0,0,0,0,Matches,3f10ae0b
185,Pablo Dyego,br BRA,FW,Avaí,27,1994,5.4,11,2.05,6,0,1,2,2,0,2,0.37,0,0,0,1,1,0,Matches,fce54d7d
186,Edenílson,br BRA,MF,Internacional,32,1989,24.3,80,3.3,55,14,3,5,1,2,9,0.37,4,0,1,2,1,1,Matches,4e50f20e
187,Eder,br BRA,DF,América (MG),26,1995,32.7,17,0.52,14,2,0,0,0,1,2,0.06,2,0,0,0,0,0,Matches,ba1a2c4c
188,Éder,it ITA,FWMF,São Paulo,35,1986,7.4,13,1.76,9,1,0,1,2,0,2,0.27,1,0,0,0,1,0,Matches,5a325298
189,Edinho,br BRA,MF,Juventude,27,1994,4.1,,,,,,,,,,,,,,,,,Matches,a8cedcd9
190,Edson,br BRA,MFDF,Atl Goianiense,23,1998,9.1,20,2.2,14,2,1,1,2,0,0,0,0,0,0,0,0,0,Matches,644d4d85
191,Edson,br BRA,DFMF,Atl Goianiense,30,1991,15.8,10,0.63,9,0,0,0,1,0,1,0.06,0,0,0,0,1,0,Matches,041250aa
192,Carlos Eduardo,br BRA,MF,Botafogo (RJ),32,1989,12.2,24,1.96,18,0,1,2,3,0,2,0.16,2,0,0,0,0,0,Matches,1a234d32
193,Carlos Eduardo,br BRA,FWMF,Bragantino,25,1996,10,19,1.89,5,0,3,2,8,1,1,0.1,0,0,0,1,0,0,Matches,27c23008
194,Elton,br BRA,MF,Juventude,31,1990,12.9,23,1.78,19,0,0,2,0,2,1,0.08,1,0,0,0,0,0,Matches,42b5868b
195,Leandro Emmanuel Martínez,ar ARG,MF,América (MG),27,1994,2.9,16,5.54,7,5,0,3,0,1,0,0,0,0,0,0,0,0,Matches,74758396
196,Alan Empereur,br BRA,DF,Cuiabá,27,1994,24.7,14,0.57,13,0,0,1,0,0,1,0.04,1,0,0,0,0,0,Matches,825b8997
197,Endrick,br BRA,FW,Palmeiras,15,2006,3.4,12,3.52,7,0,2,1,1,1,0,0,0,0,0,0,0,0,Matches,a2728fbf
198,Erick,br BRA,MF,Atl Paranaense,24,1997,20.5,31,1.51,27,0,1,2,1,0,1,0.05,1,0,0,0,0,0,Matches,8a826636
199,Erick,br BRA,FWMF,Ceará,24,1997,11.7,81,6.94,53,7,9,6,6,0,1,0.09,0,0,0,1,0,0,Matches,8edcad0d
200,Erison,br BRA,FW,Botafogo (RJ),22,1999,16.5,40,2.43,25,1,6,4,4,0,6,0.36,3,0,0,2,1,0,Matches,a9c450cb
201,Estevão,br BRA,FWMF,Internacional,19,2002,1.2,5,4.21,5,0,0,0,0,0,1,0.84,1,0,0,0,0,0,Matches,149f4681
202,Lucas Evangelista,br BRA,MF,Bragantino,26,1995,29,87,3,74,0,0,7,6,0,5,0.17,3,0,0,1,1,0,Matches,5f4ce4b6
203,Everaldo,br BRA,MFFW,América (MG),27,1994,21,93,4.42,71,6,5,6,5,0,6,0.29,3,0,0,3,0,0,Matches,bdb57777
204,Éverson,br BRA,GK,Atlético Mineiro,31,1990,37,6,0.16,5,1,0,0,0,0,0,0,0,0,0,0,0,0,Matches,a59c090b
205,Éverton,br BRA,MFFW,Cuiabá,33,1988,4.4,9,2.01,5,0,0,0,4,0,1,0.22,0,0,0,0,1,0,Matches,f50a3570
206,Fabinho,br BRA,MF,Palmeiras,19,2002,0.8,1,1.3,1,0,0,0,0,0,0,0,0,0,0,0,0,0,Matches,ff0e595c
207,Fábio,br BRA,FWMF,Atlético Mineiro,24,1997,1.5,3,1.96,2,0,0,1,0,0,0,0,0,0,0,0,0,0,Matches,30f90535
208,Fábio,br BRA,GK,Fluminense,41,1980,38,1,0.03,1,0,0,0,0,0,0,0,0,0,0,0,0,0,Matches,15825726
209,Fabrício,br BRA,FWMF,Coritiba,24,1997,16.7,59,3.54,40,0,5,7,6,1,5,0.3,4,0,1,0,0,0,Matches,0211a29e
210,Fagner,br BRA,DF,Corinthians,32,1989,10,17,1.69,12,5,0,0,0,0,1,0.1,0,1,0,0,0,0,Matches,a9cc58fe
211,Willian Farias,br BRA,MF,Coritiba,32,1989,17.7,36,2.03,31,0,2,0,2,1,3,0.17,3,0,0,0,0,0,Matches,d1fcff2f
212,Lucas Fasson,br BRA,DF,Atl Paranaense,20,2001,0.8,0,0,0,0,0,0,0,0,0,0,0,0,0,0,0,0,Matches,31ecbf29
213,Felipe,br BRA,MF,Fortaleza,27,1994,9.8,21,2.15,18,0,0,1,1,1,3,0.31,2,0,0,0,0,1,Matches,cadbabf9
214,Luis Felipe,br BRA,DF,Santos,28,1993,10.9,,,,,,,,,,,,,,,,,Matches,746c8624
215,Matheus Felipe,br BRA,DF,Atl Paranaense,23,1998,19.8,20,1.01,16,2,0,2,0,0,1,0.05,1,0,0,0,0,0,Matches,90749ab9
216,Lucas Fernandes,br BRA,MF,Botafogo (RJ),24,1997,18.6,73,3.92,46,15,4,4,2,2,3,0.16,1,2,0,0,0,0,Matches,a109d777
217,Matheus Fernandes,br BRA,MF,Atl Paranaense,23,1998,7.6,18,2.36,14,0,2,2,0,0,1,0.13,0,0,0,1,0,0,Matches,f76fdcd2
218,Gatito Fernández,py PAR,GK,Botafogo (RJ),33,1988,31.2,3,0.1,2,1,0,0,0,0,0,0,0,0,0,0,0,0,Matches,9a82f79a
219,Ignacio Fernández,ar ARG,MF,Atlético Mineiro,32,1990,24.7,127,5.15,67,44,2,5,9,0,11,0.45,5,2,1,2,1,0,Matches,97a17c0b
220,Rodrigo Fernández,uy URU,MF,Santos,26,1996,25.7,45,1.76,36,1,3,1,0,4,2,0.08,2,0,0,0,0,0,Matches,617ee116
221,Fernandinho,br BRA,MF,Atl Paranaense,36,1985,10.8,40,3.72,35,2,1,0,1,1,2,0.19,2,0,0,0,0,0,Matches,101da2b5
222,Derick Fernando,br BRA,DF,Santos,19,2002,0.2,0,0,0,0,0,0,0,0,0,0,0,0,0,0,0,0,Matches,a19d96f6
223,Luiz Fernando,br BRA,FWMF,Atl Goianiense,25,1996,19.4,55,2.84,45,1,3,4,2,0,5,0.26,5,0,0,0,0,0,Matches,824ed016
224,Nahuel Ferraresi,ve VEN,DF,São Paulo,23,1998,7.9,8,1.01,7,0,0,1,0,0,1,0.13,1,0,0,0,0,0,Matches,719aab45
225,Luiz Filipe,br BRA,MFFW,Goiás,20,2001,0.4,2,5.63,1,0,0,0,1,0,1,2.81,0,0,0,0,1,0,Matches,4a615e0b
226,Flávio,br BRA,MF,América (MG),21,2000,0.3,2,6.67,1,0,0,0,1,0,0,0,0,0,0,0,0,0,Matches,f0367bfd
227,Rafael Forster,br BRA,DF,Juventude,31,1990,18.1,16,0.88,11,2,2,0,0,1,0,0,0,0,0,0,0,0,Matches,eb3f56e5
228,Matheus França,br BRA,FWMF,Flamengo,17,2004,7.5,19,2.54,17,0,2,0,0,0,1,0.13,1,0,0,0,0,0,Matches,077faf72
229,Fred,br BRA,FWMF,Fluminense,38,1983,1.4,2,1.4,1,1,0,0,0,0,0,0,0,0,0,0,0,0,Matches,acaeba74
230,Marlon Freitas,br BRA,MF,Atl Goianiense,26,1995,27.5,108,3.93,100,2,0,4,0,2,8,0.29,7,0,0,1,0,0,Matches,ae3181de
231,Douglas Friedrich,br BRA,GK,Avaí,33,1988,10.4,1,0.1,1,0,0,0,0,0,0,0,0,0,0,0,0,0,Matches,8789242d
232,Gabriel,br BRA,MF,São Paulo,22,1999,0.5,0,0,0,0,0,0,0,0,0,0,0,0,0,0,0,0,Matches,135d500d
233,Gabriel,br BRA,MF,Internacional,29,1992,23.8,37,1.55,33,1,0,1,0,2,1,0.04,1,0,0,0,0,0,Matches,e9c0d5d8
234,Gabriel,br BRA,GK,Coritiba,29,1992,13,1,0.08,0,1,0,0,0,0,0,0,0,0,0,0,0,0,Matches,f93ed0df
235,Gabriel,br BRA,MF,Botafogo (RJ),28,1993,8.3,28,3.38,22,2,0,2,2,0,0,0,0,0,0,0,0,0,Matches,0d10333c
236,Eduardo Gabriel,br BRA,DF,Santos,25,1996,33,10,0.3,5,0,0,3,2,0,3,0.09,0,0,0,2,1,0,Matches,aed65960
237,Luiz Gabriel,br BRA,FWMF,Coritiba,19,2002,1.1,1,0.91,1,0,0,0,0,0,0,0,0,0,0,0,0,0,Matches,f9c619e0
238,Marquinhos Gabriel,br BRA,MFFW,Goiás,31,1990,8.4,32,3.82,22,3,1,2,4,0,2,0.24,1,1,0,0,0,0,Matches,fcd113c4
239,Vitor Gabriel,br BRA,FWMF,Juventude,22,2000,8.6,21,2.44,12,0,2,5,1,1,0,0,0,0,0,0,0,0,Matches,094c2abd
240,Matías Galarza,py PAR,MF,Coritiba,19,2002,6.7,22,3.28,17,0,0,1,3,1,1,0.15,0,0,0,0,1,0,Matches,8e97a57b
241,Matheus Galdezani,br BRA,MF,Avaí,29,1992,3.2,8,2.47,7,0,1,0,0,0,0,0,0,0,0,0,0,0,Matches,5042eb90
242,Thiago Galhardo,br BRA,FWMF,Fortaleza,32,1989,15,45,3.01,28,0,7,5,4,1,5,0.33,1,0,4,0,0,0,Matches,766f48dd
243,Giuliano Galoppo,ar ARG,MF,São Paulo,22,1999,7.9,20,2.54,16,1,1,1,1,0,0,0,0,0,0,0,0,0,Matches,a8eeadaf
244,Léo Gamalho,br BRA,FW,Coritiba,36,1986,18.4,35,1.9,28,0,0,3,3,1,3,0.16,2,0,0,0,1,0,Matches,f73056ee
245,Ganso,br BRA,MFFW,Fluminense,32,1989,27.5,126,4.58,107,9,1,4,2,3,10,0.36,9,0,0,0,1,0,Matches,23593121
246,García,br BRA,DFMF,Palmeiras,20,2002,1.1,3,2.78,3,0,0,0,0,0,0,0,0,0,0,0,0,0,Matches,45d071f4
247,Bryan García,ec ECU,MF,Atl Paranaense,21,2001,3.1,8,2.6,8,0,0,0,0,0,1,0.32,1,0,0,0,0,0,Matches,7b66d351
248,Luan Garcia,br BRA,DF,Palmeiras,28,1993,13.6,22,1.62,21,0,0,1,0,0,5,0.37,4,0,0,1,0,0,Matches,6ebe6cc1
249,Gaspar,br BRA,FW,Avaí,19,2002,0.4,0,0,0,0,0,0,0,0,0,0,0,0,0,0,0,0,Matches,996af9a5
250,Rafael Gava,br BRA,MF,Cuiabá,28,1993,22.7,75,3.3,35,33,0,2,3,2,4,0.18,2,1,0,1,0,0,Matches,713e1a36
251,Lucas Gazal,br BRA,DF,Atl Goianiense,22,1999,14.5,7,0.48,5,0,0,2,0,0,2,0.14,1,0,0,1,0,0,Matches,dcae46d5
252,Guilherme Gehring,br BRA,MF,Juventude,16,2005,0.1,0,0,0,0,0,0,0,0,0,0,0,0,0,0,0,0,Matches,37faab98
253,Geovane,br BRA,MF,Ceará,22,1999,6.1,15,2.44,15,0,0,0,0,0,0,0,0,0,0,0,0,0,Matches,099a14d5
254,Gil,br BRA,DF,Corinthians,34,1987,22.7,8,0.35,5,0,0,2,0,1,1,0.04,1,0,0,0,0,0,Matches,31edef00
255,Giovane,br BRA,FWDF,Corinthians,18,2003,3.3,7,2.1,3,1,1,1,1,0,2,0.6,0,0,1,0,1,0,Matches,1b567cdc
256,Giovani,br BRA,FWMF,Palmeiras,18,2004,0.4,1,2.57,1,0,0,0,0,0,0,0,0,0,0,0,0,0,Matches,a199bd5f
257,Glédson,br BRA,GK,Avaí,38,1983,5,0,0,0,0,0,0,0,0,0,0,0,0,0,0,0,0,Matches,a9d625f5
258,Diego Godín,uy URU,DF,Atlético Mineiro,35,1986,1,2,2,1,0,0,0,0,1,1,1,1,0,0,0,0,0,Matches,fc4f85b1
259,Bruno Gomes,br BRA,MF,Coritiba,20,2001,16.6,57,3.43,41,4,7,0,4,1,2,0.12,1,0,0,0,1,0,Matches,76f2bbf8
260,Igor Gomes,br BRA,MF,São Paulo,22,1999,22.9,70,3.06,59,7,1,1,2,0,5,0.22,5,0,0,0,0,0,Matches,6a7fb945
261,Igor Gomes,br BRA,DF,Internacional,20,2001,1.3,4,3.19,1,0,1,0,2,0,0,0,0,0,0,0,0,0,Matches,509d5b3d
262,João Gomes,br BRA,MF,Flamengo,20,2001,20.9,43,2.06,38,0,1,1,2,1,1,0.05,1,0,0,0,0,0,Matches,8b57ad2c
263,Gustavo Gómez,py PAR,DF,Palmeiras,28,1993,30,33,1.1,29,0,0,1,2,1,2,0.07,1,0,0,1,0,0,Matches,d5ce52a5
264,Aloísio dos Santos Gonçalves,cn CHN,FWMF,América (MG),33,1988,10.5,30,2.85,20,0,1,5,4,0,4,0.38,1,0,0,3,0,0,Matches,9851b2e0
265,Diego Gonçalves,br BRA,FW,Botafogo (RJ),27,1994,5.4,11,2.33,8,1,1,1,0,0,0,0,0,0,0,0,0,0,Matches,c707fc37
266,Matheus Gonçalves,br BRA,FW,Flamengo,16,2005,0.3,1,3.33,1,0,0,0,0,0,0,0,0,0,0,0,0,0,Matches,071a6836
267,Ricardo Goulart,br BRA,MFFW,Santos,30,1991,4.5,12,2.69,8,0,0,2,1,1,0,0,0,0,0,0,0,0,Matches,f053730b
268,Daniel Guedes,br BRA,DFMF,Cuiabá,27,1994,8.8,24,2.71,15,7,0,1,1,0,4,0.45,1,2,0,1,0,0,Matches,25f61bc3
269,Roger Guedes,br BRA,FWMF,Corinthians,25,1996,28.3,85,3,55,3,8,11,8,0,13,0.46,6,0,1,6,0,0,Matches,612a9dd7
270,Paolo Guerrero,pe PER,FW,Avaí,38,1984,4.8,10,2.09,7,0,2,0,1,0,0,0,0,0,0,0,0,0,Matches,ae6657a1
271,Guga,br BRA,DF,Atlético Mineiro,23,1998,18.6,36,1.93,29,5,1,0,0,1,3,0.16,2,1,0,0,0,0,Matches,6975a3e1
272,Marcos Guilherme,br BRA,FWMF,São Paulo,26,1995,6.4,16,2.49,14,0,0,2,0,0,3,0.47,3,0,0,0,0,0,Matches,d5ff6084
273,Marcos Guilherme,br BRA,MF,Santos,26,1995,0.3,1,3.1,0,1,0,0,0,0,0,0,0,0,0,0,0,0,Matches,d5ff6084
274,Gustavinho,br BRA,MF,América (MG),20,2001,4.3,9,2.07,6,2,1,0,0,0,0,0,0,0,0,0,0,0,Matches,69896b0e
275,Habraão,br BRA,DF,Fortaleza,20,2001,2.4,1,0.41,1,0,0,0,0,0,0,0,0,0,0,0,0,0,Matches,1e329d13
276,Lucas Halter,br BRA,DF,Atl Paranaense,21,2000,1.1,0,0,0,0,0,0,0,0,0,0,0,0,0,0,0,0,Matches,7aa882a2
277,Lucas Halter,br BRA,DF,Goiás,21,2000,11.9,7,0.59,5,0,0,2,0,0,1,0.08,0,0,0,1,0,0,Matches,7aa882a2
278,Hayner,br BRA,DF,Atl Goianiense,26,1995,15.3,38,2.49,27,3,1,1,6,0,2,0.13,2,0,0,0,0,0,Matches,246c7429
279,Heitor,br BRA,DF,Internacional,21,2000,4.4,10,2.28,7,1,1,0,0,1,0,0,0,0,0,0,0,0,Matches,e0839492
280,Thiago Heleno,br BRA,DF,Atl Paranaense,33,1988,12.7,10,0.79,10,0,0,0,0,0,0,0,0,0,0,0,0,0,Matches,827422f9
281,Helinho,br BRA,FWMF,Bragantino,21,2000,19,83,4.37,60,6,4,5,7,1,4,0.21,3,0,0,0,0,1,Matches,5837cb60
282,Henrique,br BRA,DF,Coritiba,35,1986,17.9,10,0.56,10,0,0,0,0,0,1,0.06,1,0,0,0,0,0,Matches,429163de
283,Arthur Henrique,br BRA,DF,Atl Goianiense,27,1994,10.7,28,2.61,25,0,2,1,0,0,0,0,0,0,0,0,0,0,Matches,ae46bd26
284,Bruno Henrique,br BRA,FWMF,Flamengo,31,1990,6.8,23,3.38,15,1,1,2,3,1,1,0.15,1,0,0,0,0,0,Matches,5edff24f
285,Daniel Henrique,br BRA,FW,Ceará,17,2004,0.3,1,3.75,0,0,0,1,0,0,1,3.75,0,0,0,1,0,0,Matches,1ef923db
286,Gustavo Henrique,br BRA,DF,Flamengo,28,1993,3.8,2,0.52,2,0,0,0,0,0,0,0,0,0,0,0,0,0,Matches,fa066690
287,Luis Henrique,br BRA,FWMF,Botafogo (RJ),20,2001,2.9,8,2.72,6,0,0,0,2,0,1,0.34,1,0,0,0,0,0,Matches,f36d5624
288,Luiz Henrique,br BRA,FWMF,Fluminense,21,2001,11.7,31,2.65,24,0,6,0,1,0,6,0.51,4,0,2,0,0,0,Matches,8059806f
289,Paulo Henrique,br BRA,DFMF,Juventude,25,1996,16.7,46,2.75,38,3,3,1,1,0,3,0.18,3,0,0,0,0,0,Matches,25a0cb08
290,Pedro Henrique,br BRA,DF,Atl Paranaense,26,1995,25.6,24,0.94,22,0,0,2,0,0,2,0.08,2,0,0,0,0,0,Matches,4322e5d7
291,Pedro Henrique,br BRA,FWMF,Internacional,31,1990,17.7,68,3.84,42,0,8,5,13,0,9,0.51,5,0,1,1,2,0,Matches,460976a2
292,Hércules,br BRA,MFFW,Fortaleza,21,2000,15.2,38,2.5,31,0,1,0,4,2,3,0.2,3,0,0,0,0,0,Matches,eadc7b45
293,Nicolás Hernández,co COL,DF,Atl Paranaense,24,1998,18,13,0.72,11,0,0,1,1,0,1,0.06,1,0,0,0,0,0,Matches,86046c18
294,Hugo,br BRA,DFMF,Goiás,24,1997,7.8,16,2.05,11,3,0,0,1,1,0,0,0,0,0,0,0,0,Matches,bd2593f3
295,Hugo,br BRA,DFMF,Botafogo (RJ),20,2001,12.2,23,1.88,15,5,2,1,0,0,0,0,0,0,0,0,0,0,Matches,de3dc682
296,José Hugo,br BRA,FWMF,Coritiba,22,1999,4.4,14,3.2,9,0,1,3,1,0,1,0.23,1,0,0,0,0,0,Matches,d0f01217
297,Victor Hugo,br BRA,MF,Flamengo,17,2004,13.9,35,2.52,24,0,5,5,0,1,9,0.65,4,0,2,2,0,1,Matches,33fca7f7
298,Vitor Hugo,br BRA,FW,Goiás,17,2004,0,0,0,0,0,0,0,0,0,0,0,0,0,0,0,0,0,Matches,217f53a6
299,Hulk,br BRA,FW,Atlético Mineiro,35,1986,23.2,101,4.35,52,9,16,5,16,3,8,0.34,5,0,2,1,0,0,Matches,33a1f72e
300,José Hurtado,ec ECU,DF,Bragantino,20,2001,6.6,17,2.56,15,0,1,0,1,0,2,0.3,2,0,0,0,0,0,Matches,cb067e96
301,Hyoran,br BRA,MF,Bragantino,28,1993,14.2,53,3.73,38,10,0,3,1,1,4,0.28,4,0,0,0,0,0,Matches,ffb88c28
302,Igor,br BRA,MFFW,Flamengo,18,2003,0.3,0,0,0,0,0,0,0,0,0,0,0,0,0,0,0,0,Matches,fb19d550
303,André Inácio,br BRA,FW,Flamengo,19,2002,0.5,1,2,1,0,0,0,0,0,0,0,0,0,0,0,0,0,Matches,cc77d69c
304,Mauricio Isla,cl CHI,DF,Flamengo,33,1988,3.8,7,1.85,6,0,1,0,0,0,1,0.26,0,0,1,0,0,0,Matches,de4517dd
305,Jadsom,br BRA,MF,Bragantino,20,2001,14.1,34,2.4,28,0,1,3,1,1,3,0.21,3,0,0,0,0,0,Matches,9.29E+84
306,Jadson,br BRA,MF,Juventude,28,1993,29.1,80,2.75,69,4,0,4,2,1,4,0.14,4,0,0,0,0,0,Matches,05748af4
307,Jailson,br BRA,GK,América (MG),40,1981,12,3,0.25,1,2,0,0,0,0,0,0,0,0,0,0,0,0,Matches,01f7b8c3
308,Jair,br BRA,MF,Atlético Mineiro,27,1994,23,53,2.3,42,1,0,3,5,2,6,0.26,5,0,0,0,0,1,Matches,f3466edc
309,Jandrei,br BRA,GK,São Paulo,28,1993,18.3,2,0.11,2,0,0,0,0,0,0,0,0,0,0,0,0,0,Matches,85ea4399
310,Vinícius Jaú,br BRA,MF,Avaí,23,1998,0.1,1,10,1,0,0,0,0,0,0,0,0,0,0,0,0,0,Matches,192d3898
311,Pablo Javier García,uy URU,FW,Coritiba,22,1999,0.1,0,0,0,0,0,0,0,0,0,0,0,0,0,0,0,0,Matches,895321cd
312,Jean,br BRA,MF,Juventude,27,1994,13.1,11,0.84,8,0,2,0,0,1,2,0.15,2,0,0,0,0,0,Matches,69a34ec0
313,Jefferson,br BRA,DF,Atl Goianiense,25,1997,25.3,51,2.02,44,5,1,1,0,0,3,0.12,2,1,0,0,0,0,Matches,9df5f945
314,Jefferson,br BRA,FW,Botafogo (RJ),22,1999,17.8,84,4.71,46,0,23,6,8,1,7,0.39,3,0,3,1,0,0,Matches,45cce300
315,Jemerson,br BRA,DF,Atlético Mineiro,29,1992,11.1,7,0.63,5,1,0,1,0,0,0,0,0,0,0,0,0,0,Matches,7cab69b5
316,Jenison,br BRA,FW,Cuiabá,30,1991,3.6,6,1.66,6,0,0,0,0,0,0,0,0,0,0,0,0,0,Matches,767e6b7f
317,Alexandre Jesus,br BRA,MFDF,Fluminense,20,2001,0.7,3,4.09,2,0,0,0,0,1,1,1.36,0,0,0,0,0,1,Matches,25a323f3
318,Jô,br BRA,FW,Ceará,34,1987,8.7,20,2.3,16,0,1,2,1,0,0,0,0,0,0,0,0,0,Matches,e47d11f8
319,Jô,br BRA,FW,Corinthians,34,1987,2.2,8,3.71,4,0,1,1,2,0,1,0.46,0,0,1,0,0,0,Matches,e47d11f8
320,Joaquim,br BRA,DF,Cuiabá,23,1998,23.9,23,0.96,18,1,1,3,0,0,3,0.13,3,0,0,0,0,0,Matches,69e5e199
321,John,br BRA,GK,Santos,25,1996,1,0,0,0,0,0,0,0,0,0,0,0,0,0,0,0,0,Matches,33a235af
322,Jonas,br BRA,MF,São Paulo,22,1999,0.3,1,3.6,1,0,0,0,0,0,1,3.6,1,0,0,0,0,0,Matches,32794a5b
323,Felipe Jonatan,br BRA,DF,Santos,23,1998,23,62,2.69,49,8,2,1,1,1,3,0.13,1,1,0,0,1,0,Matches,0102ca7f
324,Jonathan,br BRA,DF,Botafogo (RJ),23,1998,0.5,0,0,0,0,0,0,0,0,0,0,0,0,0,0,0,0,Matches,f3f60814
325,Jorge,br BRA,DF,Palmeiras,25,1996,5.2,11,2.11,7,1,0,0,2,1,2,0.38,1,0,0,0,1,0,Matches,13c44fc5
326,Jorginho,br BRA,MF,Atl Goianiense,31,1991,18.2,93,5.11,65,15,8,3,2,0,2,0.11,2,0,0,0,0,0,Matches,1f809750
327,Jhojan Julio,ec ECU,FWMF,Santos,23,1998,9.2,23,2.51,15,2,2,2,2,0,2,0.22,0,1,0,1,0,0,Matches,b1fc89f5
328,Juninho,br BRA,MF,América (MG),35,1986,0.2,0,0,0,0,0,0,0,0,0,0,0,0,0,0,0,0,Matches,2cc16e46
329,Juninho,br BRA,MF,América (MG),34,1987,34.5,95,2.76,84,0,4,3,1,3,9,0.26,7,0,0,0,1,1,Matches,7d10ca2e
330,Renato Junior,br BRA,FWMF,Goiás,19,2002,5.5,13,2.36,10,0,1,0,2,0,2,0.36,2,0,0,0,0,0,Matches,80b72720
331,Jussa,br BRA,MFDF,Fortaleza,25,1996,7,18,2.57,18,0,0,0,0,0,1,0.14,1,0,0,0,0,0,Matches,883f5dc8
332,Kaiky,br BRA,DF,Santos,18,2004,1,1,1,1,0,0,0,0,0,0,0,0,0,0,0,0,0,Matches,55634fb8
333,Lucas Kal,br BRA,MF,América (MG),25,1996,24,34,1.42,28,2,0,4,0,0,2,0.08,1,0,0,1,0,0,Matches,33ed689d
334,Kanu,br BRA,DF,Botafogo (RJ),24,1997,16.1,5,0.31,3,1,0,0,1,0,0,0,0,0,0,0,0,0,Matches,fefa9b9a
335,Alan Kardec,br BRA,FWMF,Atlético Mineiro,33,1989,2.9,3,1.06,2,0,0,0,1,0,0,0,0,0,0,0,0,0,Matches,e7fba767
336,Kauan,br BRA,FW,Bragantino,18,2003,0.3,0,0,0,0,0,0,0,0,0,0,0,0,0,0,0,0,Matches,34375e0b
337,Kawê,br BRA,MFFW,América (MG),19,2002,0.3,1,2.9,1,0,0,0,0,0,0,0,0,0,0,0,0,0,Matches,f1bca9ec
338,Kayque,br BRA,MF,Botafogo (RJ),21,2000,3.1,15,4.86,5,1,5,1,2,1,3,0.97,0,0,2,1,0,0,Matches,54b980d6
339,Renato Kayser,br BRA,FW,Fortaleza,25,1996,1.8,4,2.21,2,0,0,1,1,0,0,0,0,0,0,0,0,0,Matches,c7495dda
340,Gabriel Kazu,br BRA,MF,Avaí,22,1999,0,0,0,0,0,0,0,0,0,0,0,0,0,0,0,0,0,Matches,42430d76
341,Keiller,br BRA,GK,Internacional,25,1996,15,1,0.07,1,0,0,0,0,0,0,0,0,0,0,0,0,0,Matches,e38fde76
342,Thalisson Kelven,br BRA,DF,Juventude,23,1998,20,12,0.6,10,0,0,0,0,2,0,0,0,0,0,0,0,0,Matches,18e87471
343,Kelvi,br BRA,MF,Juventude,19,2002,0.5,0,0,0,0,0,0,0,0,0,0,0,0,0,0,0,0,Matches,33143d85
344,Kelvin,br BRA,MFFW,Atl Goianiense,24,1997,3.4,13,3.84,11,0,0,2,0,0,0,0,0,0,0,0,0,0,Matches,b8dab818
345,Kelvyn,br BRA,FWDF,Ceará,22,1999,0.6,2,3.27,2,0,0,0,0,0,0,0,0,0,0,0,0,0,Matches,8b992778
346,John Kennedy,br BRA,FWMF,Fluminense,19,2002,1.6,6,3.83,1,0,2,3,0,0,0,0,0,0,0,0,0,0,Matches,1.33E+05
347,Keno,br BRA,FWMF,Atlético Mineiro,32,1989,20.6,95,4.61,57,12,15,7,4,0,9,0.44,3,0,2,4,0,0,Matches,98558c11
348,Kevin,br BRA,DF,Avaí,24,1997,29.2,75,2.57,49,23,0,1,1,1,4,0.14,4,0,0,0,0,0,Matches,1f07666f
349,Khellven,br BRA,DF,Atl Paranaense,20,2001,23.4,54,2.31,34,15,0,2,1,2,5,0.21,4,0,0,0,0,1,Matches,cf18ab1b
350,Willian Klaus,br BRA,DF,Atl Goianiense,28,1994,6,1,0.17,1,0,0,0,0,0,0,0,0,0,0,0,0,0,Matches,ddc86898
351,Willian Klaus,br BRA,DF,Botafogo (RJ),28,1994,1,1,0.99,1,0,0,0,0,0,0,0,0,0,0,0,0,0,Matches,ddc86898
352,Benjamín Kuscevic,cl CHI,DF,Palmeiras,25,1996,3.3,2,0.61,1,0,0,1,0,0,1,0.3,0,0,0,1,0,0,Matches,9edddc34
353,Gabriel Lacerda,br BRA,DF,Ceará,22,1999,20,11,0.52,10,1,0,0,0,0,2,0.1,2,0,0,0,0,0,Matches,0664b5a6
354,Anthony Landazuri,ec ECU,DF,Fortaleza,24,1997,5.8,9,1.55,7,1,0,0,1,0,2,0.35,1,0,0,0,1,0,Matches,b3a267f0
355,Thauan Lara,br BRA,DFFW,Internacional,18,2004,3.8,5,1.3,2,0,0,1,2,0,1,0.26,0,0,0,0,1,0,Matches,c4dba1f3
356,Lázaro,br BRA,FWMF,Flamengo,19,2002,9.1,28,3.07,21,2,3,1,1,0,2,0.22,1,1,0,0,0,0,Matches,86ff856b
357,Anderson Leite,br BRA,MF,Juventude,28,1993,0.8,2,2.54,2,0,0,0,0,0,0,0,0,0,0,0,0,0,Matches,9981c92d
358,Vinícius Leite,br BRA,MF,Avaí,28,1993,1.5,4,2.59,3,1,0,0,0,0,0,0,0,0,0,0,0,0,Matches,e991fbd7
359,Bernanrdo Lemes,br BRA,MFFW,Coritiba,20,2002,10.5,24,2.29,22,0,0,0,2,0,2,0.19,2,0,0,0,0,0,Matches,1ee9a3b6
360,Marcos Leonardo,br BRA,FW,Santos,18,2003,32,62,1.94,34,0,9,10,9,0,7,0.22,4,0,2,0,1,0,Matches,3f47ebce
361,Vitor Leque,br BRA,MFDF,Juventude,21,2001,0.6,0,0,0,0,0,0,0,0,0,0,0,0,0,0,0,0,Matches,6ba15719
362,Lima,br BRA,FWMF,Ceará,25,1996,21.5,70,3.26,49,7,3,5,6,0,2,0.09,2,0,0,0,0,0,Matches,d215c7de
363,Anderson Lima,br BRA,MFFW,São Paulo,22,1999,2.3,6,2.57,2,0,1,0,3,0,1,0.43,0,0,0,0,1,0,Matches,59be3a74
364,Lucas Lima,br BRA,DFMF,Atl Goianiense,21,2000,1.4,5,3.57,5,0,0,0,0,0,0,0,0,0,0,0,0,0,Matches,c4c45622
365,Lucas Lima,br BRA,MFFW,Fortaleza,31,1990,13,55,4.24,36,14,1,0,4,0,2,0.15,1,1,0,0,0,0,Matches,49d03337
366,Rodrigo Lindoso,br BRA,MF,Ceará,32,1989,9.6,29,3.02,25,1,0,2,0,1,3,0.31,3,0,0,0,0,0,Matches,7b013540
367,Liziero,br BRA,MF,Internacional,23,1998,5.6,13,2.3,8,3,1,0,0,1,1,0.18,1,0,0,0,0,0,Matches,318ecb8c
368,David Loiola,br BRA,DF,Ceará,19,2002,4.4,1,0.23,1,0,0,0,0,0,0,0,0,0,0,0,0,0,Matches,eddf365e
369,Marcelo Lomba,br BRA,GK,Palmeiras,35,1986,3,1,0.33,0,1,0,0,0,0,0,0,0,0,0,0,0,0,Matches,e4835e3c
370,Kevin Lomónaco,ar ARG,DF,Bragantino,20,2002,12.4,9,0.73,8,0,0,0,0,1,0,0,0,0,0,0,0,0,Matches,dd5ddb83
371,José López,ar ARG,FW,Palmeiras,21,2000,6.1,15,2.48,10,0,2,2,0,1,0,0,0,0,0,0,0,0,Matches,e1426a52
372,Henrique Lordelo,br BRA,MFDF,Goiás,21,2000,1.4,0,0,0,0,0,0,0,0,0,0,0,0,0,0,0,0,Matches,b63394ba
373,Guillermo de los Santos,uy URU,DF,Coritiba,30,1991,10.5,9,0.86,8,1,0,0,0,0,3,0.29,2,1,0,0,0,0,Matches,1ac629b0
374,Luan,br BRA,MF,São Paulo,22,1999,1.8,2,1.1,2,0,0,0,0,0,0,0,0,0,0,0,0,0,Matches,12a226cf
375,Luan,br BRA,MF,Goiás,31,1990,0.5,3,5.63,3,0,0,0,0,0,0,0,0,0,0,0,0,0,Matches,22fc8906
376,Lucão,br BRA,GK,Bragantino,20,2001,1,0,0,0,0,0,0,0,0,0,0,0,0,0,0,0,0,Matches,ebb5a0df
377,Lucas,br BRA,DF,Santos,20,2001,16.2,46,2.84,18,23,4,1,0,0,1,0.06,0,1,0,0,0,0,Matches,5d68f5b2
378,Ayrton Lucas,br BRA,DF,Flamengo,24,1997,28.4,60,2.11,42,3,6,3,2,4,12,0.42,7,0,3,1,1,0,Matches,db90b737
379,João Lucas,br BRA,DFMF,Cuiabá,23,1998,23.8,38,1.6,24,9,1,1,3,0,2,0.08,2,0,0,0,0,0,Matches,289dc81e
380,Luciano,br BRA,FW,São Paulo,28,1993,22.6,61,2.69,43,3,4,9,2,0,7,0.31,7,0,0,0,0,0,Matches,24ce161c
381,André Luis,br BRA,FWMF,Cuiabá,24,1997,20.4,55,2.69,35,0,3,4,13,0,4,0.2,2,0,0,0,2,0,Matches,821097f7
382,Filipe Luís,br BRA,DF,Flamengo,36,1985,7.1,24,3.4,20,1,0,0,0,3,0,0,0,0,0,0,0,0,Matches,e4ed2628
383,Victor Luis,br BRA,DF,Ceará,28,1993,15.7,36,2.29,24,8,1,1,2,0,0,0,0,0,0,0,0,0,Matches,cc68c4d3
384,David Luiz,br BRA,DF,Flamengo,34,1987,15.8,14,0.88,12,0,1,0,1,0,2,0.13,2,0,0,0,0,0,Matches,c0e27d1a
385,Luizão,br BRA,DF,São Paulo,19,2002,11,7,0.64,3,0,0,1,0,3,1,0.09,1,0,0,0,0,0,Matches,fb02fba4
386,Vinícius Machado,br BRA,GK,Ceará,21,2000,2,0,0,0,0,0,0,0,0,0,0,0,0,0,0,0,0,Matches,0d9b2e53
387,Mádson,br BRA,DF,Santos,30,1992,23.8,45,1.9,38,3,0,3,0,1,4,0.17,3,0,0,1,0,0,Matches,766094be
388,Maguinho,br BRA,DFMF,Goiás,29,1993,21.6,35,1.62,24,4,3,0,2,2,2,0.09,0,1,0,0,1,0,Matches,d1c855c5
389,Gustavo Maia,br BRA,FW,Internacional,21,2001,0.2,1,6,1,0,0,0,0,0,0,0,0,0,0,0,0,0,Matches,b36fed1d
390,Leonardo Maia,br BRA,MF,Bragantino,18,2003,0.3,,,,,,,,,,,,,,,,,Matches,a6f491e2
391,Pablo Maia,br BRA,MF,São Paulo,20,2002,22.8,40,1.75,34,3,0,2,1,0,4,0.18,3,0,0,1,0,0,Matches,3a243771
392,Thiago Maia,br BRA,MF,Flamengo,24,1997,17.2,30,1.75,29,0,0,0,1,0,0,0,0,0,0,0,0,0,Matches,91e58f66
393,Maicon,br BRA,DF,Santos,33,1988,21.3,20,0.94,17,0,0,2,0,1,1,0.05,0,0,0,1,0,0,Matches,2a8683b9
394,Iago Maidana,br BRA,DF,América (MG),25,1996,11.5,5,0.44,5,0,0,0,0,0,0,0,0,0,0,0,0,0,Matches,e65a5924
395,Léo Mana,br BRA,DF,Corinthians,17,2004,0.5,0,0,0,0,0,0,0,0,0,0,0,0,0,0,0,0,Matches,d7a180bc
396,Alef Manga,br BRA,FWMF,Coritiba,27,1994,27,98,3.64,72,0,14,8,4,0,12,0.45,7,0,2,2,1,0,Matches,559782c4
397,Manoel,br BRA,DF,Fluminense,31,1990,27.2,29,1.07,23,1,1,1,1,2,2,0.07,1,0,0,1,0,0,Matches,1.27E+39
398,Gustavo Mantuan,br BRA,FWDF,Corinthians,20,2001,9.6,18,1.88,14,0,1,1,2,0,1,0.1,1,0,0,0,0,0,Matches,0d717632
399,Luis Manuel Orejuela,co COL,DF,Atl Paranaense,26,1995,13,17,1.31,11,2,1,1,2,0,1,0.08,1,0,0,0,0,0,Matches,e6a6379d
400,Maranhão,br BRA,FW,Botafogo (RJ),19,2002,1,,,,,,,,,,,,,,,,,Matches,617f236c
401,Willian Maranhão,br BRA,MFDF,Atl Goianiense,26,1995,14.8,23,1.55,21,0,1,1,0,0,0,0,0,0,0,0,0,0,Matches,f1d95c74
402,Willian Maranhão,br BRA,MF,Santos,26,1995,1.8,0,0,0,0,0,0,0,0,0,0,0,0,0,0,0,0,Matches,f1d95c74
403,Fernando Marçal,br BRA,DF,Botafogo (RJ),32,1989,17.1,77,4.49,35,38,2,1,1,0,7,0.41,3,3,0,0,1,0,Matches,9ae9eaea
404,Marcelo,br BRA,DF,Fortaleza,26,1996,29,11,0.38,8,1,1,0,0,1,1,0.03,1,0,0,0,0,0,Matches,300b455d
405,Marcinho,br BRA,FWMF,Avaí,26,1995,5.8,25,4.32,19,3,1,0,1,1,0,0,0,0,0,0,0,0,Matches,5465c7f9
406,Mariano,br BRA,DF,Atlético Mineiro,35,1986,19.2,59,3.07,51,8,0,0,0,0,2,0.1,2,0,0,0,0,0,Matches,e26f559f
407,Marinho,br BRA,FW,Flamengo,31,1990,15.3,81,5.28,43,13,10,5,10,0,10,0.65,3,4,0,1,2,0,Matches,c077c735
408,Rodriguinho Marinho,br BRA,FWMF,Cuiabá,33,1988,16.5,49,2.98,35,0,3,8,3,0,7,0.43,4,0,0,2,1,0,Matches,0e335a47
409,Marlon,br BRA,DF,América (MG),27,1994,24.3,61,2.51,52,6,0,0,3,0,5,0.21,4,0,0,0,1,0,Matches,a87b508e
410,Marlon,br BRA,DF,Fluminense,24,1997,3,2,0.67,1,1,0,0,0,0,0,0,0,0,0,0,0,0,Matches,63969d01
411,Marlon,br BRA,MFFW,Juventude,31,1990,4.5,7,1.56,3,3,0,1,0,0,0,0,0,0,0,0,0,0,Matches,455c6130
412,Marlos,ua UKR,MFFW,Atl Paranaense,33,1988,1.7,9,5.33,6,1,0,2,0,0,0,0,0,0,0,0,0,0,Matches,9139bb12
413,Felipe Marques,br BRA,FWMF,Cuiabá,32,1990,10.6,33,3.11,26,0,1,1,4,1,3,0.28,2,0,0,0,1,0,Matches,30139a1c
414,Gustavo Marques,br BRA,DF,América (MG),20,2001,0.5,0,0,0,0,0,0,0,0,0,0,0,0,0,0,0,0,Matches,b4fce835
415,Marquinhos,br BRA,MF,São Paulo,18,2003,0.3,3,9.31,3,0,0,0,0,0,1,3.1,1,0,0,0,0,0,Matches,59878425
416,Marquinhos,br BRA,FWMF,Cuiabá,25,1997,2.2,6,2.73,3,1,1,0,1,0,1,0.45,0,1,0,0,0,0,Matches,a9c95220
417,Marrony,br BRA,FWMF,Fluminense,22,1999,2,5,2.5,2,0,0,2,1,0,1,0.5,0,0,0,0,1,0,Matches,1dff86ec
418,Matheus Martinelli,br BRA,MF,Fluminense,20,2001,18,62,3.44,57,0,1,2,0,2,8,0.44,8,0,0,0,0,0,Matches,2b124c8c
419,Adrián Martínez,ar ARG,FWMF,Coritiba,29,1992,11.1,23,2.06,14,1,1,5,1,1,1,0.09,0,0,1,0,0,0,Matches,6c513f98
420,Matheus Martins,br BRA,FWMF,Fluminense,18,2003,17.8,69,3.88,46,3,8,5,7,0,15,0.84,10,0,1,1,3,0,Matches,73fd2787
421,Wellington Martins,br BRA,MF,Fluminense,31,1991,7,9,1.29,9,0,0,0,0,0,1,0.14,1,0,0,0,0,0,Matches,0430d656
422,Gonzalo Mastriani,uy URU,FW,América (MG),28,1993,5.2,11,2.12,6,0,2,2,1,0,3,0.58,1,0,0,1,1,0,Matches,b4339e2b
423,Mateusão,br BRA,FWMF,Flamengo,17,2004,2.5,3,1.19,2,0,0,0,1,0,1,0.4,0,0,0,0,1,0,Matches,78bee906
424,William Matheus,br BRA,DF,Juventude,31,1990,10.1,15,1.49,11,3,0,0,1,0,1,0.1,1,0,0,0,0,0,Matches,3498ddf4
425,Matheusinho,br BRA,MFFW,América (MG),23,1998,15.3,72,4.71,55,2,5,2,7,1,1,0.07,1,0,0,0,0,0,Matches,74f5a96d
426,Matheuzinho,br BRA,DF,Flamengo,21,2000,23.9,60,2.51,54,0,2,0,2,2,5,0.21,5,0,0,0,0,0,Matches,2a5bc0cd
427,Diego Matos,br BRA,DF,Avaí,25,1997,1.2,1,0.86,1,0,0,0,0,0,0,0,0,0,0,0,0,0,Matches,4b799458
428,Mauricio,br BRA,FWMF,Internacional,20,2001,17.4,70,4.02,57,1,2,5,4,1,8,0.46,7,0,0,1,0,0,Matches,bf4cbc22
429,Maycon,br BRA,MF,Corinthians,24,1997,8.8,30,3.41,16,10,0,2,2,0,1,0.11,1,0,0,0,0,0,Matches,005ca692
430,Mayke,br BRA,DFFW,Palmeiras,29,1992,16.3,58,3.56,43,4,3,3,0,5,3,0.18,2,0,1,0,0,0,Matches,47431289
431,Bruno Melo,br BRA,DFMF,Corinthians,29,1992,4.9,3,0.61,3,0,0,0,0,0,0,0,0,0,0,0,0,0,Matches,41ee21ae
432,Felipe Melo,br BRA,DFMF,Fluminense,38,1983,8.1,10,1.23,9,0,0,0,1,0,1,0.12,1,0,0,0,0,0,Matches,b14d84d3
433,Darlan Mendes,br BRA,MFFW,Juventude,23,1998,1.3,4,3.03,3,1,0,0,0,0,0,0,0,0,0,0,0,0,Matches,a86f0d7b
434,Nathan Mendes,br BRA,DF,Coritiba,19,2002,5,8,1.6,7,0,0,0,1,0,1,0.2,1,0,0,0,0,0,Matches,c5aa7b35
435,Vitor Mendes,br BRA,DF,Juventude,22,1999,18.3,11,0.6,11,0,0,0,0,0,1,0.05,1,0,0,0,0,0,Matches,3cdbeab9
436,Bruno Méndez,uy URU,DF,Internacional,22,1999,4.8,1,0.21,1,0,0,0,0,0,0,0,0,0,0,0,0,0,Matches,66017b9d
437,Bruno Méndez,uy URU,DF,Corinthians,22,1999,12.6,13,1.03,8,3,0,2,0,0,1,0.08,1,0,0,0,0,0,Matches,66017b9d
438,Stiven Mendoza,co COL,FW,Ceará,29,1992,25.9,81,3.13,58,1,5,12,5,0,4,0.15,2,0,0,2,0,0,Matches,e68f2cb4
439,Ramon Menezes Roma,br BRA,DF,Atl Goianiense,26,1995,14,12,0.86,10,0,0,2,0,0,1,0.07,1,0,0,0,0,0,Matches,eab48ffb
440,Gabriel Menino,br BRA,MF,Palmeiras,21,2000,10.2,55,5.4,42,6,0,2,5,0,5,0.49,4,1,0,0,0,0,Matches,1.82E+73
441,Gabriel Mercado,ar ARG,DF,Internacional,34,1987,23.6,16,0.68,13,0,0,0,2,1,2,0.08,1,0,0,0,1,0,Matches,bf97c188
442,John Mercado,ec ECU,FW,Atl Paranaense,19,2002,0,0,0,0,0,0,0,0,0,0,0,0,0,0,0,0,0,Matches,d97831ad
443,Miguel Merentiel,uy URU,FWMF,Palmeiras,25,1996,2.6,6,2.27,4,0,2,0,0,0,0,0,0,0,0,0,0,0,Matches,307224a2
444,Messias,br BRA,DF,Ceará,27,1994,23,9,0.39,8,0,0,1,0,0,2,0.09,1,0,0,1,0,0,Matches,70bb3170
445,Lucas Mezenga,br BRA,DF,Botafogo (RJ),20,2001,3.1,2,0.64,1,0,0,1,0,0,0,0,0,0,0,0,0,0,Matches,d62f5849
446,Michel,br BRA,DF,Ceará,31,1990,11.8,13,1.1,10,1,0,1,1,0,1,0.08,1,0,0,0,0,0,Matches,05384ea1
447,Carlos Miguel,br BRA,GK,Corinthians,23,1998,2,0,0,0,0,0,0,0,0,0,0,0,0,0,0,0,0,Matches,84454067
448,Fernando Miguel,br BRA,GK,Fortaleza,36,1985,20,3,0.15,1,2,0,0,0,0,0,0,0,0,0,0,0,0,Matches,f1f06658
449,Miranda,br BRA,DF,São Paulo,37,1984,12.8,11,0.86,7,1,0,1,1,1,0,0,0,0,0,0,0,0,Matches,314f2124
450,Paulo Miranda,br BRA,DF,Juventude,33,1988,16.4,10,0.61,8,0,0,2,0,0,1,0.06,1,0,0,0,0,0,Matches,93a194e1
451,Paulinho Moccelin,br BRA,MFFW,Juventude,27,1994,4.3,11,2.56,3,3,1,1,2,1,1,0.23,0,1,0,0,0,0,Matches,d63fb6a8
452,Moisés,br BRA,DF,Internacional,26,1995,6.5,13,1.99,10,0,0,1,1,1,0,0,0,0,0,0,0,0,Matches,a40af810
453,Moises,br BRA,FWMF,Fortaleza,25,1996,25,83,3.32,50,1,15,11,5,1,10,0.4,6,0,1,2,1,0,Matches,ddd07a25
454,Rodrigo Moledo,br BRA,DF,Internacional,34,1987,13.5,7,0.52,3,0,0,3,1,0,1,0.07,0,0,0,1,0,0,Matches,ce536c37
455,Jacob Montes,us USA,MF,Botafogo (RJ),23,1998,1,4,4.19,3,0,1,0,0,0,0,0,0,0,0,0,0,0,Matches,69678c84
456,Moraes,br BRA,DFMF,Juventude,24,1997,15.2,35,2.31,21,8,1,1,3,1,2,0.13,1,0,0,1,0,0,Matches,9b974a99
457,Airton Moraes,br BRA,GK,América (MG),27,1994,1,0,0,0,0,0,0,0,0,0,0,0,0,0,0,0,0,Matches,5e8682b0
458,Júnior Moraes,ua UKR,FW,Corinthians,34,1987,4.5,6,1.34,5,0,0,1,0,0,1,0.22,1,0,0,0,0,0,Matches,c43e5e7e
459,Wesley Moraes,br BRA,FW,Internacional,25,1996,3.3,15,4.47,12,0,0,2,1,0,0,0,0,0,0,0,0,0,Matches,bfae110f
460,Morato,br BRA,FWMF,Avaí,29,1992,7.3,23,3.15,16,1,3,1,2,0,5,0.68,2,0,1,1,1,0,Matches,96b49b3b
461,João Moreira,pt POR,DF,São Paulo,17,2004,3.2,9,2.79,7,0,2,0,0,0,2,0.62,1,0,1,0,0,0,Matches,b3be99e3
462,Lucas Moreira,br BRA,MFFW,Cuiabá,21,2000,1.4,4,2.77,4,0,0,0,0,0,0,0,0,0,0,0,0,0,Matches,b9d412ff
463,Gustavo Mosquito,br BRA,FWMF,Corinthians,24,1997,12.6,34,2.71,17,6,5,1,5,0,4,0.32,2,1,1,0,0,0,Matches,c9ed46c4
464,Hugo Moura,br BRA,MF,Atl Paranaense,24,1998,19.4,31,1.59,25,0,0,2,2,2,2,0.1,2,0,0,0,0,0,Matches,14100165
465,Alex Muralha,br BRA,GK,Coritiba,32,1989,19,2,0.11,2,0,0,0,0,0,0,0,0,0,0,0,0,0,Matches,38082f12
466,Muriqui,br BRA,FWMF,Avaí,35,1986,14.3,30,2.09,26,0,0,0,4,0,4,0.28,2,0,0,0,2,0,Matches,a55ac46c
467,Andrey Ramos do Nascimento,br BRA,MF,Coritiba,23,1998,5.4,26,4.82,20,0,1,1,3,1,3,0.56,2,0,0,0,1,0,Matches,eb55ab5a
468,Matheus Nascimento,br BRA,FWMF,Botafogo (RJ),17,2004,6.8,15,2.2,10,0,1,3,1,0,2,0.29,0,0,0,1,1,0,Matches,e744c3de
469,Natan,br BRA,DF,Bragantino,20,2001,32,27,0.84,25,0,1,1,0,0,2,0.06,2,0,0,0,0,0,Matches,94bccc82
470,Natanael,br BRA,DF,Coritiba,20,2002,16,22,1.38,20,0,0,0,2,0,2,0.13,2,0,0,0,0,0,Matches,0b618504
471,Natanael,br BRA,DFFW,Avaí,31,1990,13.4,22,1.64,13,6,2,0,0,1,4,0.3,3,1,0,0,0,0,Matches,ed560575
472,Léo Natel,br BRA,FW,Corinthians,24,1997,0.3,0,0,0,0,0,0,0,0,0,0,0,0,0,0,0,0,Matches,cd8d04a2
473,Nathan,br BRA,DF,Santos,20,2001,6.9,10,1.45,7,0,2,0,1,0,1,0.14,1,0,0,0,0,0,Matches,9fb6420e
474,Nathan,br BRA,MF,Goiás,20,2001,0,0,0,0,0,0,0,0,0,0,0,0,0,0,0,0,0,Matches,eb61284b
475,Nathan,br BRA,MFFW,Fluminense,25,1996,10.7,44,4.09,34,4,2,4,0,0,7,0.65,5,0,0,2,0,0,Matches,fa00f0c9
476,Nathan,br BRA,FWMF,Avaí,22,1999,1.1,2,1.86,1,0,0,1,0,0,0,0,0,0,0,0,0,0,Matches,e0d5a5e9
477,Rafael Navarro,br BRA,FWMF,Palmeiras,21,2000,8,12,1.5,6,0,1,3,2,0,0,0,0,0,0,0,0,0,Matches,4b5ab509
478,Kaiky Naves,br BRA,DFMF,Palmeiras,19,2002,0.4,0,0,0,0,0,0,0,0,0,0,0,0,0,0,0,0,Matches,621576f9
479,Bruno Nazário,br BRA,MF,Juventude,26,1995,6.5,27,4.15,16,8,2,1,0,0,0,0,0,0,0,0,0,0,Matches,dc1d79a5
480,Neílton,br BRA,FWDF,Coritiba,27,1994,0.9,9,9.53,4,2,1,0,2,0,0,0,0,0,0,0,0,0,Matches,689299a6
481,Gabriel Neris,br BRA,MF,Juventude,20,2001,2.4,5,2.1,3,0,0,0,2,0,0,0,0,0,0,0,0,0,Matches,54fe5551
482,Gustavo Nescau,br BRA,FW,Cuiabá,21,2000,0.3,0,0,0,0,0,0,0,0,0,0,0,0,0,0,0,0,Matches,0682693b
483,Rodrigo Nestor,br BRA,MF,São Paulo,21,2000,23.6,80,3.39,47,16,3,10,2,2,6,0.25,5,0,0,1,0,0,Matches,c04ebe99
484,Gabriel Neves,uy URU,MF,São Paulo,24,1997,6.3,11,1.74,9,0,1,0,0,1,2,0.32,2,0,0,0,0,0,Matches,2a03fb5f
485,Nicolas,br BRA,FWMF,Goiás,32,1989,11.1,32,2.89,23,1,1,2,4,1,4,0.36,3,0,0,1,0,0,Matches,0e74a520
486,Nikão,br BRA,FWMF,São Paulo,29,1992,5.8,29,4.98,16,10,0,0,2,1,1,0.17,1,0,0,0,0,0,Matches,a34bb194
487,Nino,br BRA,DF,Fluminense,24,1997,27.9,28,1,24,1,0,3,0,0,2,0.07,2,0,0,0,0,0,Matches,d4fa2207
488,Gabriel Noga,br BRA,DF,Atl Goianiense,20,2002,0,,,,,,,,,,,,,,,,,Matches,aa306af5
489,Ygor Nogueira,br BRA,DF,Juventude,26,1995,5,3,0.6,3,0,0,0,0,0,1,0.2,1,0,0,0,0,0,Matches,38466ef3
490,Nonato,br BRA,MF,Fluminense,23,1998,12.1,47,3.88,39,4,0,1,2,1,5,0.41,4,0,0,1,0,0,Matches,b91a6912
491,Nonoca,br BRA,MF,Avaí,23,1998,11.5,28,2.43,21,0,3,1,3,0,1,0.09,1,0,0,0,0,0,Matches,06c062d4
492,Gabriel Novaes,br BRA,FWMF,Bragantino,22,1999,4.3,7,1.64,3,0,0,1,3,0,1,0.23,0,0,0,0,1,0,Matches,297a324a
493,Thales Oleques,br BRA,DF,Avaí,27,1994,6.2,12,1.94,10,2,0,0,0,0,1,0.16,0,1,0,0,0,0,Matches,a30f8286
494,Bruno Oliveira,br BRA,MFFW,Santos,23,1998,5,28,5.64,17,6,1,0,3,1,2,0.4,2,0,0,0,0,0,Matches,d46904eb
495,Yuri Oliveira Lima,br BRA,MF,Juventude,27,1994,16.8,38,2.26,36,1,0,1,0,0,4,0.24,4,0,0,0,0,0,Matches,bcf3d64e
496,Pedro Oliveira,br BRA,MFFW,Goiás,17,2004,3.3,12,3.36,9,0,0,1,2,0,2,0.56,2,0,0,0,0,0,Matches,089b56d8
497,Leo Ortiz,br BRA,DF,Bragantino,26,1996,21.4,39,1.83,34,0,1,3,0,1,7,0.33,6,0,0,0,0,1,Matches,53834fa2
498,Kelvin Osorio,co COL,MFDF,Cuiabá,28,1993,10.5,39,3.72,27,11,0,1,0,0,0,0,0,0,0,0,0,0,Matches,1247ace9
499,Otávio,br BRA,MF,Atlético Mineiro,27,1994,12.9,11,0.85,8,0,1,0,0,2,1,0.08,1,0,0,0,0,0,Matches,243f4a0b
500,Luiz Otávio,br BRA,DF,Ceará,33,1988,21.2,14,0.69,10,1,0,1,2,0,0,0,0,0,0,0,0,0,Matches,ed976dd9
501,Rómulo Otero,ve VEN,MFFW,Fortaleza,29,1992,2.6,16,6.26,8,6,0,0,2,0,1,0.39,1,0,0,0,0,0,Matches,96fdc3c0
502,Luis Oyama,br BRA,MF,Botafogo (RJ),25,1997,12,33,2.74,28,0,3,0,1,1,0,0,0,0,0,0,0,0,Matches,ed0c094b
503,Pablo,br BRA,FW,Atl Paranaense,29,1992,16.6,43,2.59,31,0,1,4,5,2,2,0.12,2,0,0,0,0,0,Matches,1ad394c5
504,Pablo,br BRA,DF,Flamengo,30,1991,21.6,11,0.51,9,0,0,2,0,0,1,0.05,1,0,0,0,0,0,Matches,29d8ad3f
505,Juan Pablo,br BRA,DFMF,Goiás,19,2002,1.9,4,2.09,3,0,1,0,0,0,0,0,0,0,0,0,0,0,Matches,f40465af
506,Juan Pablo Ramírez,co COL,MFFW,América (MG),24,1997,4.5,19,4.26,11,0,4,2,1,1,2,0.45,1,0,1,0,0,0,Matches,20a17a29
507,Bruno Pacheco,br BRA,DF,Ceará,30,1991,26.1,,,,,,,,,,,,,,,,,Matches,9b7976e6
508,Igor Paixão,br BRA,FWMF,Coritiba,21,2000,17.2,72,4.18,40,11,11,5,5,0,7,0.41,5,0,2,0,0,0,Matches,089c7323
509,Pará,br BRA,MF,Juventude,19,2002,0.9,0,0,0,0,0,0,0,0,0,0,0,0,0,0,0,0,Matches,5b1cd0cc
510,Nino Paraíba,br BRA,DF,Ceará,36,1986,24.6,77,3.13,60,4,6,2,5,0,3,0.12,2,0,1,0,0,0,Matches,403ef062
511,Guilherme Parede,br BRA,FWMF,Juventude,26,1995,6.6,,,,,,,,,,,,,,,,,Matches,2da1c94c
512,Weslley Patati,br BRA,FW,Santos,18,2003,0.2,,,,,,,,,,,,,,,,,Matches,0df16cd7
513,Patrick,br BRA,MFFW,São Paulo,29,1992,21.8,53,2.43,44,0,2,6,0,1,10,0.46,6,0,1,2,0,1,Matches,92add14e
514,Alan Patrick,br BRA,MFFW,Internacional,30,1991,17.5,99,5.65,65,18,6,8,2,0,12,0.69,9,1,0,2,0,0,Matches,672021
515,Luan Patrick,br BRA,DF,América (MG),20,2002,9,15,1.67,15,0,0,0,0,0,0,0,0,0,0,0,0,0,Matches,dd5d1c85
516,Patryck,br BRA,DF,São Paulo,19,2003,0.3,0,0,0,0,0,0,0,0,0,0,0,0,0,0,0,0,Matches,8dcbd7af
517,Giuliano de Paula,br BRA,MF,Corinthians,31,1990,18.4,60,3.27,49,4,3,2,2,0,5,0.27,4,0,0,1,0,0,Matches,ab1b205d
518,Patrick de Paula,br BRA,MF,Botafogo (RJ),22,1999,11.3,24,2.12,14,1,4,0,3,2,3,0.27,2,0,0,0,1,0,Matches,9f12fbb7
519,Paulão,br BRA,DF,Cuiabá,35,1986,8,3,0.37,2,0,0,1,0,0,0,0,0,0,0,0,0,0,Matches,20587790
520,Paulinho,br BRA,FWMF,América (MG),23,1998,3.2,13,4.08,6,3,2,0,2,0,2,0.63,0,1,0,0,1,0,Matches,bc486f0e
521,Paulinho,br BRA,MF,Corinthians,33,1988,1.8,3,1.67,3,0,0,0,0,0,1,0.56,1,0,0,0,0,0,Matches,bb7337cc
522,Caio Paulista,br BRA,DF,Fluminense,23,1998,17.9,50,2.8,33,2,6,4,5,0,6,0.34,3,0,1,1,1,0,Matches,701bb051
523,Wellington Paulista,br BRA,FW,América (MG),37,1984,5.7,8,1.39,7,0,0,1,0,0,0,0,0,0,0,0,0,0,Matches,f2eece5b
524,João Paulo,br BRA,DF,América (MG),35,1986,3.9,8,2.07,5,2,0,1,0,0,1,0.26,1,0,0,0,0,0,Matches,ce208556
525,João Paulo,br BRA,GK,Santos,26,1995,37,4,0.11,4,0,0,0,0,0,0,0,0,0,0,0,0,0,Matches,d0102ca0
526,Marcos Paulo,br BRA,DF,Flamengo,19,2003,0.3,1,3.1,1,0,0,0,0,0,0,0,0,0,0,0,0,0,Matches,4dd6bb79
527,Cristian Pavón,ar ARG,FWMF,Atlético Mineiro,26,1996,7.7,34,4.42,21,2,8,1,2,0,1,0.13,0,0,0,0,1,0,Matches,a664b026
528,Pedrinho,br BRA,FWMF,América (MG),22,1999,10.8,38,3.53,30,2,4,1,1,0,3,0.28,3,0,0,0,0,0,Matches,035341ba
529,Pedrinho,br BRA,DFFW,Atl Paranaense,19,2002,15.4,35,2.27,23,5,4,1,2,0,4,0.26,3,1,0,0,0,0,Matches,64aadf6b
530,Pedrinho,br BRA,MFFW,Atlético Mineiro,23,1998,2.5,18,7.11,16,0,1,0,0,1,1,0.39,1,0,0,0,0,0,Matches,6.80E+287
531,Pedrinho,br BRA,FW,Flamengo,18,2003,0.1,1,10,1,0,0,0,0,0,0,0,0,0,0,0,0,0,Matches,118d25ee
532,Pedro,br BRA,FW,Flamengo,24,1997,13,33,2.53,19,0,6,4,4,0,5,0.38,3,0,0,2,0,0,Matches,1ab6fad3
533,João Pedro,br BRA,DFFW,Corinthians,25,1996,1.3,0,0,0,0,0,0,0,0,0,0,0,0,0,0,0,0,Matches,31d1ed52
534,João Pedro Pepê,br BRA,MF,Cuiabá,24,1998,25.8,93,3.61,66,16,5,2,2,2,2,0.08,2,0,0,0,0,0,Matches,d75471eb
535,Peglow,br BRA,FWMF,Atl Goianiense,20,2002,2.6,13,5,5,3,2,2,1,0,2,0.77,1,1,0,0,0,0,Matches,8a861bc5
536,Pegorari,br BRA,GK,Juventude,30,1991,12.7,3,0.24,3,0,0,0,0,0,0,0,0,0,0,0,0,0,Matches,2ad9d2e3
537,Matheus Peixoto,br BRA,FW,Ceará,26,1995,5.2,14,2.68,7,0,1,2,4,0,1,0.19,0,0,0,1,0,0,Matches,5160796
538,Douglas Pelé,br BRA,FWDF,Goiás,22,1999,1,2,2,2,0,0,0,0,0,0,0,0,0,0,0,0,0,Matches,7c6ac38f
539,Léo Pelé,br BRA,DF,São Paulo,25,1996,27.6,40,1.45,34,1,0,3,0,2,7,0.25,5,0,0,2,0,0,Matches,77980eb9
540,Carlos de Pena,uy URU,MFFW,Internacional,29,1992,29.3,105,3.59,66,29,0,4,2,4,15,0.51,9,3,0,1,0,2,Matches,6b915aa1
541,Andreas Pereira,br BRA,MF,Flamengo,26,1996,8.8,32,3.64,24,5,1,1,1,0,1,0.11,1,0,0,0,0,0,Matches,6639e500
542,Egídio Pereira Júnior,br BRA,DFMF,Coritiba,35,1986,14,47,3.36,29,13,1,2,2,0,4,0.29,2,1,0,1,0,0,Matches,6c5b3d31
543,Léo Pereira,br BRA,DF,Flamengo,26,1996,12.4,19,1.54,17,0,0,2,0,0,2,0.16,1,0,0,1,0,0,Matches,bd247251
544,Hernán Pérez,py PAR,FW,Coritiba,32,1989,1.1,1,0.94,1,0,0,0,0,0,0,0,0,0,0,0,0,0,Matches,e1cea3f7
545,Lucas Perri,br BRA,GK,Botafogo (RJ),24,1997,3.8,0,0,0,0,0,0,0,0,0,0,0,0,0,0,0,0,Matches,5dbd461a
546,Petterson,br BRA,FWMF,Flamengo,18,2004,0.3,0,0,0,0,0,0,0,0,0,0,0,0,0,0,0,0,Matches,9943597e
547,Yan Phillipe,br BRA,FW,Atlético Mineiro,17,2004,0.2,1,4.74,1,0,0,0,0,0,0,0,0,0,0,0,0,0,Matches,03d01a35
548,Lucas Piazon,br BRA,FWMF,Botafogo (RJ),28,1994,8.3,22,2.64,18,3,0,1,0,0,0,0,0,0,0,0,0,0,Matches,f201798c
549,Yago Pikachu,br BRA,DFMF,Fortaleza,29,1992,13.4,48,3.58,30,10,2,2,4,0,2,0.15,1,1,0,0,0,0,Matches,462f1e13
550,Mario Pineida,ec ECU,DF,Fluminense,29,1992,3.7,7,1.9,5,0,1,0,1,0,0,0,0,0,0,0,0,0,Matches,2990a468
551,Joaquín Piquerez,uy URU,DF,Palmeiras,23,1998,24.7,57,2.3,48,4,2,1,1,1,4,0.16,3,0,1,0,0,0,Matches,46009f44
552,Gabriel Pirani,br BRA,FWMF,Santos,19,2002,0.5,0,0,0,0,0,0,0,0,0,0,0,0,0,0,0,0,Matches,17205abf
553,Gabriel Pirani,br BRA,MFFW,Cuiabá,19,2002,4.9,17,3.48,15,1,1,0,0,0,0,0,0,0,0,0,0,0,Matches,17205abf
554,Felipe Pires,br BRA,MFFW,Juventude,26,1995,7.4,25,3.37,16,2,1,0,6,0,2,0.27,2,0,0,0,0,0,Matches,2cd3d3ce
555,Rafael Pires,br BRA,GK,Atlético Mineiro,32,1989,1,0,0,0,0,0,0,0,0,0,0,0,0,0,0,0,0,Matches,539f6761
556,Lucas Piton,br BRA,DFFW,Corinthians,21,2000,19.7,36,1.83,27,3,2,4,0,0,5,0.25,4,1,0,0,0,0,Matches,defce7f1
557,Isidro Pitta,py PAR,FW,Juventude,22,1999,26.8,62,2.31,41,0,8,9,3,1,6,0.22,5,0,0,1,0,0,Matches,e9fc7295
558,Luan Polli,br BRA,GK,Atl Goianiense,28,1993,2,0,0,0,0,0,0,0,0,0,0,0,0,0,0,0,0,Matches,96aa89c4
559,Diego Porfirio,br BRA,DF,Coritiba,22,1999,5,8,1.6,6,1,0,0,1,0,1,0.2,0,0,0,0,1,0,Matches,8512d219
560,William Pottker,br BRA,FWMF,Avaí,28,1993,21.9,79,3.62,58,2,8,3,7,1,8,0.37,2,0,1,1,4,0,Matches,214a16c5
561,Bruno Praxedes,br BRA,MF,Bragantino,19,2002,6.5,17,2.61,13,3,0,1,0,0,2,0.31,0,2,0,0,0,0,Matches,5dd520a8
562,Erick Pulgar,cl CHI,MF,Flamengo,28,1994,3.9,10,2.54,7,2,0,0,0,1,0,0,0,0,0,0,0,0,Matches,4.61E+31
563,Jean Pyerre,br BRA,MF,Avaí,23,1998,8.4,43,5.12,38,2,0,3,0,0,5,0.6,4,0,0,1,0,0,Matches,b41dc073
564,Du Queiroz,br BRA,MF,Corinthians,22,2000,28.9,56,1.94,48,0,6,0,1,1,6,0.21,3,0,3,0,0,0,Matches,8440b0cb
565,Igor Rabello,br BRA,DF,Atlético Mineiro,26,1995,6.7,8,1.2,7,0,0,0,0,1,3,0.45,3,0,0,0,0,0,Matches,48048864
566,Rafael,br BRA,DF,Botafogo (RJ),31,1990,3.1,12,3.88,8,3,0,0,1,0,0,0,0,0,0,0,0,0,Matches,9a1f2e1c
567,Caio Rafael,br BRA,FW,Ceará,17,2004,0.4,2,5.45,1,1,0,0,0,0,1,2.73,0,1,0,0,0,0,Matches,b7cda839
568,Léo Rafael,br BRA,FWMF,Ceará,20,2001,1,3,3.1,2,1,0,0,0,0,0,0,0,0,0,0,0,0,Matches,ef1df474
569,Zé Rafael,br BRA,MF,Palmeiras,28,1993,28.5,75,2.63,52,2,6,11,2,2,7,0.25,3,0,1,3,0,0,Matches,634b1413
570,Rafinha,br BRA,DF,São Paulo,36,1985,28.5,54,1.9,47,2,0,1,2,2,7,0.25,7,0,0,0,0,0,Matches,d003e213
571,Eric Ramires,br BRA,MFFW,Bragantino,21,2000,12.9,32,2.49,27,0,1,0,3,1,2,0.16,1,0,0,0,1,0,Matches,37faa4cb
572,Lucas Ramires,br BRA,DF,Juventude,19,2002,0.3,0,0,0,0,0,0,0,0,0,0,0,0,0,0,0,0,Matches,32395c13
573,Ramon,br BRA,DF,Bragantino,20,2001,8,10,1.25,7,3,0,0,0,0,1,0.12,0,1,0,0,0,0,Matches,fdf88bc0
574,Lucas Ramos,br BRA,MFFW,Internacional,21,2001,0.9,1,1.17,0,0,0,1,0,0,0,0,0,0,0,0,0,0,Matches,c0163100
575,Rafael Ramos,pt POR,DF,Corinthians,27,1995,14.5,25,1.73,21,2,0,0,1,1,1,0.07,1,0,0,0,0,0,Matches,f8ddf51c
576,Raniele,br BRA,MFDF,Avaí,25,1996,31.3,60,1.92,34,0,7,3,14,2,7,0.22,3,0,1,0,3,0,Matches,a025365f
577,Wellington Rato,br BRA,FWMF,Atl Goianiense,29,1992,30.9,115,3.72,74,18,9,9,4,1,8,0.26,6,0,0,2,0,0,Matches,598917cf
578,Raul,br BRA,MF,Bragantino,25,1996,27.5,50,1.82,43,0,1,0,4,2,4,0.15,3,0,0,0,1,0,Matches,c2f9cf65
579,Pedro Raul,br BRA,FW,Goiás,25,1996,30.5,55,1.8,36,0,6,7,6,0,4,0.13,2,0,1,0,1,0,Matches,ed074559
580,Leonardo Realpe,ec ECU,DF,Bragantino,20,2001,7.4,6,0.81,6,0,0,0,0,0,0,0,0,0,0,0,0,0,Matches,57701cbd
581,Rafinha Rech,br BRA,FWMF,Juventude,19,2002,4.2,12,2.84,6,0,2,3,1,0,0,0,0,0,0,0,0,0,Matches,a8f19786
582,Régis,br BRA,MF,Coritiba,29,1992,8.5,28,3.29,19,3,1,0,3,2,4,0.47,0,1,0,0,2,1,Matches,0e2331f3
583,Reinaldo,br BRA,DFFW,São Paulo,32,1989,16.3,81,4.98,51,21,6,2,1,0,8,0.49,5,3,0,0,0,0,Matches,ab3edc87
584,César Reis,br BRA,GK,Juventude,26,1995,24.3,6,0.25,5,1,0,0,0,0,1,0.04,1,0,0,0,0,0,Matches,76d4135b
585,Renan,br BRA,DF,Bragantino,19,2002,3.2,3,0.93,2,1,0,0,0,0,0,0,0,0,0,0,0,0,Matches,80c738be
586,Robert Renan,br BRA,DF,Corinthians,18,2003,10,4,0.4,4,0,0,0,0,0,0,0,0,0,0,0,0,0,Matches,168a2e81
587,Renato,br BRA,DFMF,Avaí,32,1990,11.3,28,2.48,13,11,1,1,2,0,0,0,0,0,0,0,0,0,Matches,8fe5bdcd
588,Renê,br BRA,DF,Internacional,29,1992,27.5,54,1.96,42,8,0,1,2,1,1,0.04,1,0,0,0,0,0,Matches,d000ffc7
589,Réver,br BRA,DF,Atlético Mineiro,37,1985,10.5,3,0.29,3,0,0,0,0,0,0,0,0,0,0,0,0,0,Matches,1938fd6a
590,Rhaldney,br BRA,MFFW,Atl Goianiense,23,1998,2,2,1.02,2,0,0,0,0,0,0,0,0,0,0,0,0,0,Matches,ae3ef77f
591,Everton Ribeiro,br BRA,MFFW,Flamengo,32,1989,19.9,90,4.53,71,7,2,0,9,1,8,0.4,8,0,0,0,0,0,Matches,68fb50a2
592,Lucas Ribeiro,br BRA,DFMF,Ceará,23,1999,5.6,4,0.71,4,0,0,0,0,0,0,0,0,0,0,0,0,0,Matches,607d64c6
593,Matheus Ribeiro,br BRA,DF,Avaí,28,1993,0.2,0,0,0,0,0,0,0,0,0,0,0,0,0,0,0,0,Matches,7ae055bb
594,Wesley Ribeiro,br BRA,MFFW,Corinthians,16,2005,0.1,0,0,0,0,0,0,0,0,0,0,0,0,0,0,0,0,Matches,acf5672b
595,Ricardinho,br BRA,FW,Atl Goianiense,20,2001,2.6,2,0.78,1,0,0,1,0,0,0,0,0,0,0,0,0,0,Matches,45a1777c
596,João Ricardo Riedi,br BRA,GK,Ceará,33,1988,35,11,0.31,9,2,0,0,0,0,0,0,0,0,0,0,0,0,Matches,4729d71a
597,Vitor Ricardo,br BRA,DF,Fortaleza,21,2000,1.3,4,3.1,4,0,0,0,0,0,0,0,0,0,0,0,0,0,Matches,1f3906c9
598,Zé Ricardo,br BRA,MF,América (MG),25,1996,2.6,2,0.78,2,0,0,0,0,0,0,0,0,0,0,0,0,0,Matches,352f938e
599,Richard,br BRA,GK,Ceará,30,1991,1,0,0,0,0,0,0,0,0,0,0,0,0,0,0,0,0,Matches,f2c12e8d
600,Richard,br BRA,MF,Ceará,27,1994,26.3,44,1.67,38,1,1,2,1,1,3,0.11,2,0,0,1,0,0,Matches,e90aa5da
601,Richardson,br BRA,MF,Ceará,30,1991,23,33,1.43,27,1,1,0,3,1,1,0.04,1,0,0,0,0,0,Matches,ef6b8a6b
602,Rickson,br BRA,MFFW,Atl Goianiense,23,1998,0.8,2,2.54,1,1,0,0,0,0,0,0,0,0,0,0,0,0,Matches,96a35d1b
603,Emiliano Rigoni,ar ARG,FWMF,São Paulo,28,1993,2.7,12,4.41,8,4,0,0,0,0,0,0,0,0,0,0,0,0,Matches,a1216563
604,Rikelme,br BRA,DF,Cuiabá,18,2003,0.2,1,5.29,0,0,0,0,1,0,0,0,0,0,0,0,0,0,Matches,637cdc49
605,Rikelmi,br BRA,DF,Botafogo (RJ),20,2001,0,1,30,1,0,0,0,0,0,0,0,0,0,0,0,0,0,Matches,b2ffcf77
606,Cristian Rivas,ve VEN,MF,Cuiabá,25,1997,2.4,7,2.94,7,0,0,0,0,0,0,0,0,0,0,0,0,0,Matches,bc4d05c0
607,Zé Roberto,br BRA,FW,Ceará,28,1993,8.2,28,3.42,18,1,2,1,6,0,3,0.37,0,1,0,0,2,0,Matches,810033a1
608,Robinho,br BRA,MF,Coritiba,34,1987,9.8,48,4.87,31,13,0,1,2,1,4,0.41,2,2,0,0,0,0,Matches,8f8809b9
609,Robson,br BRA,FWMF,Fortaleza,30,1991,16.1,50,3.11,30,1,5,6,8,0,5,0.31,3,0,1,1,0,0,Matches,e29eff7a
610,Felipe Rocha,br BRA,FW,Avaí,19,2002,0.5,1,2.14,0,0,0,0,1,0,0,0,0,0,0,0,0,0,Matches,a961e1c4
611,Kaique Rocha,br BRA,DF,Internacional,20,2001,5,2,0.4,1,0,0,1,0,0,0,0,0,0,0,0,0,0,Matches,b31d385e
612,Marcos Rocha,br BRA,DF,Palmeiras,33,1988,25,83,3.33,73,4,2,0,2,2,8,0.32,7,0,0,0,1,0,Matches,fdd2f275
613,Pedro Rocha Neves,br BRA,FW,Atl Paranaense,27,1994,3.1,12,3.87,7,2,2,0,0,1,2,0.65,1,1,0,0,0,0,Matches,b33e0095
614,Pedro Rocha Neves,br BRA,FWMF,Fortaleza,27,1994,7.7,37,4.79,24,0,7,3,3,0,8,1.04,3,0,3,1,1,0,Matches,b33e0095
615,Rodinei,br BRA,DF,Flamengo,30,1992,9.8,26,2.66,20,0,5,0,1,0,3,0.31,3,0,0,0,0,0,Matches,7696cc85
616,Rodrigo,br BRA,FWMF,São Paulo,17,2004,0.8,2,2.61,2,0,0,0,0,0,0,0,0,0,0,0,0,0,Matches,1126f4e2
617,Rodrigo,br BRA,DF,Avaí,23,1998,5.3,4,0.76,4,0,0,0,0,0,1,0.19,1,0,0,0,0,0,Matches,cdfb04f5
618,Élton Rodrigues Brandão,br BRA,FW,Cuiabá,36,1985,3.3,10,3.04,9,0,0,1,0,0,1,0.3,0,0,0,1,0,0,Matches,e59be3c8
619,Raphael Rodrigues,br BRA,DF,Avaí,23,1999,1.4,0,0,0,0,0,0,0,0,0,0,0,0,0,0,0,0,Matches,548640cf
620,Rodriguinho,br BRA,MF,América (MG),18,2003,2.1,7,3.33,1,6,0,0,0,0,0,0,0,0,0,0,0,0,Matches,4565dde3
621,Romarinho,br BRA,FWMF,Fortaleza,27,1994,14.6,47,3.23,32,1,6,3,5,0,3,0.21,3,0,0,0,0,0,Matches,1e7d2cc0
622,Braian Romero,ar ARG,FW,Internacional,30,1991,3.8,3,0.78,2,0,0,1,0,0,0,0,0,0,0,0,0,0,Matches,c5cc3130
623,Silvio Romero,ar ARG,FW,Fortaleza,33,1988,12.9,23,1.78,15,0,2,3,3,0,2,0.16,2,0,0,0,0,0,Matches,6a00c4b0
624,Rômulo,br BRA,FW,Atl Paranaense,19,2002,13.3,25,1.88,16,0,1,6,1,1,3,0.23,1,0,0,1,0,1,Matches,03dd053e
625,Romulo,br BRA,DF,Juventude,21,2000,1.9,3,1.58,3,0,0,0,0,0,1,0.53,1,0,0,0,0,0,Matches,395e0e95
626,Rômulo,br BRA,FWMF,Avaí,26,1995,4.7,15,3.19,10,0,1,2,2,0,0,0,0,0,0,0,0,0,Matches,9a6eb94c
627,Ronald,br BRA,MFFW,Fortaleza,24,1997,11.7,24,2.06,21,2,1,0,0,0,1,0.09,1,0,0,0,0,0,Matches,cc119c66
628,Ronaldo,br BRA,GK,Atl Goianiense,25,1996,18,4,0.22,4,0,0,0,0,0,0,0,0,0,0,0,0,0,Matches,711c08dc
629,Budiga Roni,br BRA,MF,Corinthians,22,1999,8.3,13,1.56,9,0,1,2,0,1,2,0.24,2,0,0,0,0,0,Matches,af433614
630,Rony,br BRA,FW,Palmeiras,26,1995,26.5,61,2.3,39,0,4,6,12,0,8,0.3,3,0,1,2,2,0,Matches,bffd5e50
631,Vitor Roque,br BRA,FW,Atl Paranaense,16,2005,14.6,39,2.67,17,0,6,4,12,0,9,0.62,2,0,4,0,3,0,Matches,cb00f1e6
632,Ruan,br BRA,FWMF,Juventude,16,2005,2.5,9,3.67,5,0,1,1,1,1,1,0.41,0,0,0,1,0,0,Matches,07c41bf4
633,Rubens,br BRA,DFMF,Atlético Mineiro,20,2001,13.7,37,2.71,24,1,5,2,1,4,2,0.15,1,0,0,1,0,0,Matches,ae23d044
634,Óscar Ruiz,py PAR,MFFW,Juventude,30,1991,11,30,2.72,19,5,3,0,2,1,3,0.27,2,0,0,0,0,1,Matches,620ce7b1
635,Rwan,br BRA,FWMF,Santos,20,2001,5.2,20,3.87,15,0,2,2,1,0,1,0.19,1,0,0,0,0,0,Matches,568a75fd
636,João Victor Santos Sá,br BRA,FW,Botafogo (RJ),27,1994,19.4,66,3.24,54,0,5,2,5,0,0,0,0,0,0,0,0,0,Matches,1a1033a1
637,Matheus Sales,br BRA,MFDF,Goiás,26,1995,19.9,12,0.6,9,0,0,1,2,0,0,0,0,0,0,0,0,0,Matches,c3c175c4
638,Philipe Sampaio,br BRA,DF,Botafogo (RJ),27,1994,12.5,4,0.32,3,0,0,1,0,0,1,0.08,0,0,0,1,0,0,Matches,72733d93
639,Carlos Sánchez,uy URU,MF,Santos,37,1984,8.7,26,2.99,11,13,0,2,0,0,3,0.35,0,2,0,1,0,0,Matches,a6dbad80
640,Sandry,br BRA,MF,Santos,19,2002,7.7,32,4.14,30,2,0,0,0,0,3,0.39,3,0,0,0,0,0,Matches,8ceeabef
641,Alex Santana,br BRA,MF,Atl Paranaense,26,1995,9.9,28,2.83,25,1,0,1,0,1,5,0.51,4,0,0,1,0,0,Matches,e75dc411
642,Santos,br BRA,GK,Flamengo,31,1990,19,3,0.16,2,1,0,0,0,0,1,0.05,0,1,0,0,0,0,Matches,b8d0b69c
643,Ademir Santos,br BRA,FWMF,Atlético Mineiro,26,1995,16.6,75,4.52,49,2,6,3,15,0,3,0.18,2,0,0,0,1,0,Matches,4b7d58c2
644,Chayene Santos,br BRA,MFFW,Botafogo (RJ),31,1990,6.5,16,2.48,8,3,3,0,2,0,0,0,0,0,0,0,0,0,Matches,64a427b4
645,Fábio Santos,br BRA,DF,Corinthians,36,1985,17.4,18,1.03,17,1,0,0,0,0,1,0.06,1,0,0,0,0,0,Matches,d0d786fd
646,Guilherme Santos,br BRA,FWMF,Bragantino,20,2001,0.5,0,0,0,0,0,0,0,0,0,0,0,0,0,0,0,0,Matches,6eae9de6
647,Gustavo Santos,br BRA,FW,Avaí,19,2002,0.2,,,,,,,,,,,,,,,,,Matches,93913c8e
648,Juan Santos,br BRA,FW,São Paulo,19,2002,0.6,0,0,0,0,0,0,0,0,0,0,0,0,0,0,0,0,Matches,ad89aa96
649,Júnior Santos,br BRA,FWMF,Botafogo (RJ),27,1994,11.9,22,1.85,18,0,2,1,1,0,2,0.17,2,0,0,0,0,0,Matches,9109e933
650,Luis Eduardo Marques dos Santos,br BRA,DF,Atl Goianiense,24,1997,18.2,51,2.81,34,8,3,2,4,0,2,0.11,2,0,0,0,0,0,Matches,5c5a0d4d
651,Matheus Santos,br BRA,MF,Goiás,23,1998,0.1,0,0,0,0,0,0,0,0,0,0,0,0,0,0,0,0,Matches,48125180
652,Rafael Santos,br BRA,DF,Coritiba,23,1998,12.7,25,1.97,14,8,0,1,1,1,1,0.08,0,1,0,0,0,0,Matches,c72a6057
653,Mateus Sarará,br BRA,MF,Avaí,19,2002,4.8,5,1.05,4,0,0,0,0,1,0,0,0,0,0,0,0,0,Matches,1b4c1c9c
654,Renzo Saravia,ar ARG,DFMF,Botafogo (RJ),28,1993,20.2,39,1.93,22,4,3,0,8,2,4,0.2,2,0,1,0,1,0,Matches,cf316639
655,Eduardo Sasha,br BRA,FWMF,Atlético Mineiro,29,1992,14.3,50,3.49,39,0,2,3,5,1,2,0.14,1,0,0,0,1,0,Matches,b938b871
656,Lucas Sasha,br BRA,MF,Fortaleza,31,1990,14.1,21,1.49,18,1,0,0,0,2,2,0.14,2,0,0,0,0,0,Matches,2e2ec9cf
657,Gustavo Sauer,br BRA,FWMF,Botafogo (RJ),28,1993,3.2,12,3.78,7,1,3,1,0,0,0,0,0,0,0,0,0,0,Matches,fd53959e
658,Jefferson Savarino,ve VEN,FW,Atlético Mineiro,25,1996,1,4,4,2,0,2,0,0,0,1,1,0,0,1,0,0,0,Matches,91721722
659,Sávio,br BRA,FWMF,Atlético Mineiro,17,2004,2.4,9,3.84,6,0,0,1,1,1,0,0,0,0,0,0,0,0,Matches,fe6e7156
660,Savio,br BRA,DF,Goiás,26,1995,9.4,27,2.86,13,13,1,0,0,0,2,0.21,1,1,0,0,0,0,Matches,3e8c6e2c
661,Gustavo Scarpa,br BRA,MFFW,Palmeiras,28,1994,28.6,205,7.17,86,80,9,14,16,0,19,0.66,11,6,0,2,0,0,Matches,2964fd20
662,Cleiton Schwengber,br BRA,GK,Bragantino,24,1997,37,9,0.24,5,4,0,0,0,0,0,0,0,0,0,0,0,0,Matches,d24ae824
663,Shaylon,br BRA,FWMF,Atl Goianiense,24,1997,15,55,3.65,39,12,0,3,0,1,3,0.2,3,0,0,0,0,0,Matches,69c11ef0
664,Sidcley,br BRA,DFMF,Cuiabá,28,1993,3.7,11,2.97,9,0,1,0,1,0,1,0.27,0,0,1,0,0,0,Matches,a5e96539
665,Sidimar,br BRA,DF,Goiás,29,1992,5,0,0,0,0,0,0,0,0,0,0,0,0,0,0,0,0,Matches,080fc1f0
666,Sidnei,br BRA,DF,Goiás,32,1989,3.3,2,0.62,2,0,0,0,0,0,1,0.31,1,0,0,0,0,0,Matches,b14d0c5d
667,Pablo Siles,uy URU,MF,Atl Paranaense,24,1997,1.8,1,0.57,1,0,0,0,0,0,0,0,0,0,0,0,0,0,Matches,cca1e0b5
668,Aderlan Silva,br BRA,DF,Bragantino,31,1990,29.7,113,3.8,83,16,4,3,4,3,7,0.24,5,0,0,2,0,0,Matches,48371573
669,Bruno Silva,br BRA,MF,Avaí,35,1986,28.9,45,1.56,38,0,2,2,1,2,2,0.07,1,0,0,1,0,0,Matches,6efbf91e
670,Da Silva,br BRA,DF,Goiás,20,2001,6.3,0,0,0,0,0,0,0,0,0,0,0,0,0,0,0,0,Matches,4772a037
671,Cristiano da Silva Leite,br BRA,DF,Fluminense,28,1993,8.3,16,1.92,12,3,1,0,0,0,3,0.36,3,0,0,0,0,0,Matches,2567b7b6
672,Felipe Silva Lipe,br BRA,DF,Avaí,19,2002,3,4,1.33,3,0,0,1,0,0,1,0.33,0,0,0,1,0,0,Matches,6b2bfcda
673,Lucas Silva,br BRA,FWMF,Avaí,24,1998,1.2,3,2.45,1,0,0,1,1,0,0,0,0,0,0,0,0,0,Matches,aa47c6ce
674,Marcão Silva,br BRA,MFDF,Cuiabá,31,1991,14.1,17,1.21,15,0,0,2,0,0,0,0,0,0,0,0,0,0,Matches,e7f8bf4a
675,Márcio Silva,br BRA,DF,Coritiba,20,2001,2,0,0,0,0,0,0,0,0,0,0,0,0,0,0,0,0,Matches,7ee2ea5b
676,Nathan Silva,br BRA,DF,Atlético Mineiro,24,1997,19.2,17,0.88,15,0,0,1,0,1,1,0.05,1,0,0,0,0,0,Matches,369d907c
677,Ricardo Silva,br BRA,DF,América (MG),29,1992,8.3,4,0.48,3,0,0,1,0,0,1,0.12,1,0,0,0,0,0,Matches,a5075276
678,Miguel Silveira,br BRA,MFFW,Bragantino,18,2003,6.3,24,3.82,16,4,0,2,2,0,5,0.8,3,0,0,1,1,0,Matches,281942c4
679,Vinicius Silvestre,br BRA,GK,Palmeiras,27,1994,1,1,1,1,0,0,0,0,0,0,0,0,0,0,0,0,0,Matches,1944518a
680,Jailson Siqueira,br BRA,MF,Palmeiras,26,1995,0.2,0,0,0,0,0,0,0,0,0,0,0,0,0,0,0,0,Matches,b4819112
681,Everton Soares,br BRA,FWMF,Flamengo,25,1996,15.7,65,4.13,41,3,10,6,5,0,11,0.7,7,0,2,2,0,0,Matches,b1cbc666
682,Tiquinho Soares,br BRA,FW,Botafogo (RJ),31,1991,13.7,40,2.91,21,0,6,6,6,1,3,0.22,2,0,0,1,0,0,Matches,4d982baf
683,Fernando Sobral,br BRA,MF,Ceará,27,1994,11.2,32,2.87,26,0,3,1,2,0,1,0.09,1,0,0,0,0,0,Matches,c012aacd
684,Yeferson Soteldo,ve VEN,FWMF,Santos,24,1997,6.3,32,5.09,25,1,3,1,2,0,1,0.16,1,0,0,0,0,0,Matches,bbb6c951
685,Yan Souto,br BRA,DF,Goiás,20,2001,6.8,4,0.59,4,0,0,0,0,0,0,0,0,0,0,0,0,0,Matches,2dffc479
686,Hugo Souza,br BRA,GK,Flamengo,23,1999,14.3,1,0.07,1,0,0,0,0,0,0,0,0,0,0,0,0,0,Matches,c02e5af1
687,Igor Vinícius de Souza,br BRA,DFFW,São Paulo,24,1997,12.9,40,3.1,29,7,3,0,0,1,5,0.39,4,0,0,0,0,1,Matches,ec95088d
688,Bruno Tabata,br BRA,FW,Palmeiras,24,1997,5.2,,,,,,,,,,,,,,,,,Matches,33fdf90d
689,Tadeu,br BRA,GK,Goiás,29,1992,38,11,0.29,5,6,0,0,0,0,1,0.03,1,0,0,0,0,0,Matches,8445554f
690,Tailson,br BRA,FWDF,Santos,22,1999,0.4,0,0,0,0,0,0,0,0,0,0,0,0,0,0,0,0,Matches,200b381d
691,Taison,br BRA,MFFW,Internacional,34,1988,8.1,34,4.22,29,4,1,0,0,0,3,0.37,2,1,0,0,0,0,Matches,7272a72a
692,Tchê Tchê,br BRA,MF,Botafogo (RJ),29,1992,25.7,30,1.17,23,0,1,1,5,0,1,0.04,0,0,0,0,1,0,Matches,5f2caf8f
693,David Terans,uy URU,MF,Atl Paranaense,27,1994,22.3,79,3.54,42,18,7,10,2,0,8,0.36,4,0,1,3,0,0,Matches,d3d89d8d
694,Miguel Terceros,bo BOL,FW,Santos,17,2004,0.3,3,11.25,2,0,0,1,0,0,0,0,0,0,0,0,0,0,Matches,d66ed604
695,Thiago,br BRA,GK,São Paulo,22,1999,2.7,2,0.74,2,0,0,0,0,0,0,0,0,0,0,0,0,0,Matches,602d20ae
696,Guilherme Tinga,br BRA,DF,Fortaleza,28,1993,13.1,32,2.45,24,6,1,0,0,1,6,0.46,5,0,1,0,0,0,Matches,a8331ab0
697,Titi,br BRA,DF,Fortaleza,33,1988,31.1,14,0.45,13,1,0,0,0,0,2,0.06,2,0,0,0,0,0,Matches,ea41ddf7
698,Igor Torres,br BRA,FWMF,Fortaleza,21,2000,0.1,0,0,0,0,0,0,0,0,0,0,0,0,0,0,0,0,Matches,cc9b11b1
699,Jesús Trindade,uy URU,MF,Coritiba,28,1993,14.6,37,2.54,21,13,1,0,1,1,2,0.14,1,1,0,0,0,0,Matches,066e9f5d
700,Bruno Tubarão,br BRA,FWMF,Bragantino,26,1995,5,15,2.99,10,0,1,2,0,2,3,0.6,1,0,1,1,0,0,Matches,5411ef4f
701,Uendel,br BRA,DF,Cuiabá,33,1988,14.7,36,2.45,29,3,2,1,1,0,3,0.2,2,0,0,1,0,0,Matches,0bd9e045
702,Valdemir,br BRA,MF,Coritiba,24,1997,6.9,13,1.9,11,0,2,0,0,0,2,0.29,2,0,0,0,0,0,Matches,82cca681
703,Valdívia,br BRA,MFFW,Cuiabá,27,1994,15.4,54,3.52,34,5,7,4,3,1,2,0.13,1,0,0,1,0,0,Matches,e12be458
704,Vanderlan,br BRA,DF,Palmeiras,19,2002,7.2,15,2.07,14,0,0,0,1,0,1,0.14,1,0,0,0,0,0,Matches,bd8432ff
705,Guillermo Varela,uy URU,DF,Flamengo,28,1993,2.9,4,1.38,3,0,0,0,1,0,0,0,0,0,0,0,0,0,Matches,5c961282
706,Eduardo Vargas,cl CHI,FW,Atlético Mineiro,32,1989,12.7,39,3.08,35,0,1,1,2,0,3,0.24,3,0,0,0,0,0,Matches,bd603c00
707,Matheus de Vargas,br BRA,MF,Fortaleza,25,1996,4.6,16,3.44,9,0,2,1,4,0,1,0.22,1,0,0,0,0,0,Matches,e43a07d4
708,Jhon Vasquez,co COL,FWMF,Ceará,26,1995,4.6,6,1.31,5,0,0,0,1,0,1,0.22,0,0,0,0,1,0,Matches,b6832e5e
709,Rafael Vaz,br BRA,DF,Avaí,33,1988,15.5,13,0.84,12,0,0,1,0,0,1,0.06,1,0,0,0,0,0,Matches,244fc074
710,Raphael Veiga,br BRA,MF,Palmeiras,26,1995,14,54,3.86,29,13,4,5,2,1,6,0.43,3,2,0,1,0,0,Matches,6e5a3bc7
711,Emiliano Velázquez,uy URU,DF,Santos,27,1994,6,4,0.66,4,0,0,0,0,0,1,0.17,1,0,0,0,0,0,Matches,5efb80d5
712,Fausto Vera,ar ARG,MF,Corinthians,21,2000,14.5,30,2.07,27,0,0,1,2,0,1,0.07,1,0,0,0,0,0,Matches,8b3b381b
713,Gabriel Veron,br BRA,FWMF,Palmeiras,19,2002,6.3,22,3.5,17,0,2,2,1,0,4,0.64,3,0,0,0,1,0,Matches,6bc49da7
714,João Vialle,br BRA,DF,Atl Paranaense,19,2002,0.3,0,0,0,0,0,0,0,0,0,0,0,0,0,0,0,0,Matches,c63a8bf0
715,João Victor,br BRA,MF,Ceará,17,2004,0.2,1,5.29,1,0,0,0,0,0,0,0,0,0,0,0,0,0,Matches,e78d763e
716,João Victor,br BRA,DF,Corinthians,23,1998,5.4,3,0.56,2,0,0,1,0,0,1,0.19,0,0,0,1,0,0,Matches,d60cf08d
717,Marcos Victor,br BRA,DF,Ceará,20,2001,4,3,0.76,3,0,0,0,0,0,0,0,0,0,0,0,0,0,Matches,d714fc5a
718,Arturo Vidal,cl CHI,MF,Flamengo,34,1987,9.3,33,3.56,26,4,0,0,2,1,3,0.32,3,0,0,0,0,0,Matches,67cdbc0e
719,Caio Vidal,br BRA,FWMF,Internacional,21,2000,1.7,5,2.9,1,0,0,2,2,0,0,0,0,0,0,0,0,0,Matches,599ab970
720,Elvis Vieira Araújo,br BRA,MFFW,Goiás,31,1990,9.4,37,3.92,25,11,0,0,1,0,2,0.21,1,1,0,0,0,0,Matches,b5391b63
721,Gabriel Vieira,br BRA,FW,Palmeiras,19,2002,0.1,0,0,0,0,0,0,0,0,0,0,0,0,0,0,0,0,Matches,63904ba9
722,Luan Vieira,br BRA,MFFW,Santos,28,1993,5,12,2.38,8,3,0,0,1,0,1,0.2,1,0,0,0,0,0,Matches,c4f6bf06
723,Marcos Vinicios Sorriso,br BRA,FW,Bragantino,20,2001,15,22,1.47,21,0,0,1,0,0,4,0.27,4,0,0,0,0,0,Matches,e816a8ee
724,Vinícius,br BRA,FWMF,Ceará,30,1991,26.7,152,5.7,94,41,3,9,5,0,6,0.23,4,0,0,1,1,0,Matches,ee01c84d
725,Vinicius,br BRA,MFDF,Santos,22,1999,0.8,1,1.18,1,0,0,0,0,0,0,0,0,0,0,0,0,0,Matches,ab3ef9c4
726,Vinícius,br BRA,MFFW,Goiás,28,1993,21.7,70,3.23,57,1,5,3,4,0,7,0.32,5,0,1,1,0,0,Matches,b6bd2b80
727,Vinícius,br BRA,FW,Botafogo (RJ),22,1999,9.7,28,2.9,21,0,1,3,3,0,2,0.21,0,0,0,1,1,0,Matches,ecce7383
728,Caio Vinícius,br BRA,MF,Goiás,23,1999,17.3,16,0.92,12,0,0,1,1,2,0,0,0,0,0,0,0,0,Matches,8529df9f
729,Mateus Vital,br BRA,FWMF,Corinthians,23,1998,8.2,28,3.4,20,2,1,2,1,2,2,0.24,2,0,0,0,0,0,Matches,db9c8fa4
730,Vitão,br BRA,DF,Internacional,21,2000,31,6,0.19,6,0,0,0,0,0,0,0,0,0,0,0,0,0,Matches,d4f034db
731,Vitinho,br BRA,FW,Atl Paranaense,22,1999,15.9,35,2.21,21,1,7,3,2,1,1,0.06,1,0,0,0,0,0,Matches,06d4b2e4
732,Vitinho,br BRA,FWMF,Flamengo,28,1993,5.3,18,3.37,15,2,0,1,0,0,2,0.37,1,0,0,1,0,0,Matches,a9e68c94
733,Vitinho,br BRA,FWMF,Avaí,21,2000,4,11,2.73,6,0,2,0,3,0,0,0,0,0,0,0,0,0,Matches,5e5cc7a9
734,João Vitor,br BRA,MF,Coritiba,21,2000,0.1,0,0,0,0,0,0,0,0,0,0,0,0,0,0,0,0,Matches,b8d3d5ee
735,Vladimir,br BRA,GK,Avaí,32,1989,22.5,3,0.13,1,2,0,0,0,0,0,0,0,0,0,0,0,0,Matches,bbae502c
736,Max Walef,br BRA,GK,Fortaleza,28,1993,5,0,0,0,0,0,0,0,0,0,0,0,0,0,0,0,0,Matches,6411a48d
737,Walter,br BRA,GK,Cuiabá,34,1987,27.4,1,0.04,1,0,0,0,0,0,0,0,0,0,0,0,0,0,Matches,8bae322b
738,Wanderson,br BRA,DF,Atl Goianiense,30,1991,27.2,10,0.37,9,0,0,1,0,0,0,0,0,0,0,0,0,0,Matches,f612025c
739,Wanderson,br BRA,FWMF,Internacional,27,1994,17.8,66,3.7,46,1,6,8,3,2,6,0.34,5,0,0,1,0,0,Matches,5da33b33
740,Warley,br BRA,FWMF,Coritiba,22,1999,6.2,13,2.09,12,0,1,0,0,0,0,0,0,0,0,0,0,0,Matches,8f385e2e
741,Welington,br BRA,DFFW,São Paulo,20,2001,18.6,78,4.2,49,14,8,1,4,2,10,0.54,7,1,2,0,0,0,Matches,a7f95b1f
742,José Welison,br BRA,MF,Fortaleza,26,1995,19.1,40,2.09,31,2,1,3,2,1,3,0.16,3,0,0,0,0,0,Matches,b6cb4d16
743,Weliton,cl CHI,MF,Juventude,16,2005,0,0,0,0,0,0,0,0,0,0,0,0,0,0,0,0,0,Matches,721322fb
744,Wellington,br BRA,DF,Avaí,26,1995,3,2,0.67,1,1,0,0,0,0,0,0,0,0,0,0,0,0,Matches,ed36f825
745,Welliton,br BRA,MFFW,Bragantino,21,2000,1.1,7,6.12,4,1,2,0,0,0,0,0,0,0,0,0,0,0,Matches,d1a7e953
746,Wendell,br BRA,MF,Ceará,19,2002,0.1,2,16.36,1,0,0,0,0,1,0,0,0,0,0,0,0,0,Matches,82b7e058
747,Werik,br BRA,FW,Bragantino,20,2001,5.7,6,1.05,3,0,2,0,1,0,1,0.17,0,0,1,0,0,0,Matches,8b20ba5f
748,Werton,br BRA,FW,Flamengo,18,2003,0.3,0,0,0,0,0,0,0,0,0,0,0,0,0,0,0,0,Matches,d07bde9d
749,Wescley,br BRA,MF,Ceará,30,1991,0.8,2,2.65,2,0,0,0,0,0,1,1.32,1,0,0,0,0,0,Matches,5a43c680
750,Wesley,br BRA,FW,Palmeiras,22,1999,7.2,30,4.16,18,2,4,2,3,1,3,0.42,3,0,0,0,0,0,Matches,434de3a3
751,Weverson,br BRA,MF,Bragantino,21,2000,0.5,2,4,1,1,0,0,0,0,0,0,0,0,0,0,0,0,Matches,b9829bf7
752,Weverton,br BRA,DF,Internacional,22,1999,0.5,2,4,0,1,0,0,1,0,0,0,0,0,0,0,0,0,Matches,6ae59cc2
753,Wéverton,br BRA,GK,Palmeiras,34,1987,34,3,0.09,2,1,0,0,0,0,0,0,0,0,0,0,0,0,Matches,81be82e9
754,Rafael William,br BRA,GK,Coritiba,20,2001,6,1,0.17,0,1,0,0,0,0,1,0.17,0,1,0,0,0,0,Matches,eb9f6c10
755,Willian,br BRA,FWMF,Fluminense,35,1986,5.3,15,2.85,9,1,3,1,1,0,3,0.57,2,0,1,0,0,0,Matches,1f85d0c8
756,Willian,br BRA,FW,Corinthians,33,1988,9.2,40,4.35,22,3,6,2,5,2,4,0.44,2,0,0,0,1,1,Matches,8b9ebd03
757,Xavier,br BRA,MF,Corinthians,21,2000,1.8,3,1.65,3,0,0,0,0,0,0,0,0,0,0,0,0,0,Matches,f16ed217
758,Samuel Xavier,br BRA,DF,Fluminense,31,1990,31.4,81,2.58,75,2,0,1,3,0,8,0.25,7,0,0,0,1,0,Matches,0c870df5
759,Yago,br BRA,MFDF,Fluminense,26,1995,12.6,32,2.54,22,5,0,2,3,0,4,0.32,3,0,0,1,0,0,Matches,e2add0e7
760,Ytalo,br BRA,FW,Bragantino,34,1988,6.9,16,2.31,13,0,0,1,2,0,0,0,0,0,0,0,0,0,Matches,423e3d0b
761,Marcos Ytalo,br BRA,DF,Ceará,25,1996,1.8,5,2.8,2,2,0,0,0,1,1,0.56,1,0,0,0,0,0,Matches,70053afc
762,Vinícius Zanocelo,br BRA,MF,Santos,21,2001,22.3,64,2.88,47,0,5,10,0,2,3,0.13,2,0,0,1,0,0,Matches,2.75E+87
763,Federico Zaracho,ar ARG,MFFW,Atlético Mineiro,23,1998,20.9,66,3.15,56,0,2,6,1,1,6,0.29,5,0,0,1,0,0,Matches,803d5265