﻿,,,,,,,,Touches,Touches,Touches,Touches,Touches,Touches,Touches,Take-Ons,Take-Ons,Take-Ons,Take-Ons,Take-Ons,Carries,Carries,Carries,Carries,Carries,Carries,Carries,Carries,Receiving,Receiving,,#NAME?
Rk,Player,Nation,Pos,Squad,Age,Born,90s,Touches,Def Pen,Def 3rd,Mid 3rd,Att 3rd,Att Pen,Live,Att,Succ,Succ%,Tkld,Tkld%,Carries,TotDist,PrgDist,PrgC,3-Jan,CPA,Mis,Dis,Rec,PrgR,Matches,-9999
1,Max Aarons,eng ENG,DF,Norwich City,21,2000,32,1841,160,721,703,440,23,1841,68,34,50,34,50,953,6454,3377,78,47,12,38,23,1030,85,Matches,774cf58b
2,Che Adams,sct SCO,FW,Southampton,25,1996,22.7,712,22,81,293,344,94,712,35,20,57.1,15,42.9,394,1804,651,19,13,13,59,34,537,153,Matches,f2bf1b0f
3,Rayan Aït Nouri,fr FRA,DFMF,Wolves,20,2001,20.3,1293,49,459,458,392,39,1293,81,42,51.9,39,48.1,659,3744,1969,60,38,19,44,27,736,127,Matches,9b398aea
4,Kristoffer Ajer,no NOR,DF,Brentford,23,1998,22.2,1101,108,442,484,181,31,1101,18,13,72.2,5,27.8,488,2991,1717,30,25,2,25,7,530,29,Matches,a8c0acb7
5,Nathan Aké,nl NED,DF,Manchester City,26,1995,10.3,956,56,332,525,103,10,956,2,0,0,2,100,677,3333,2158,12,12,0,4,3,741,8,Matches,eaeca114
6,Marc Albrighton,eng ENG,FWDF,Leicester City,31,1989,12.6,705,35,166,302,243,12,705,40,15,37.5,25,62.5,357,1616,691,21,14,2,21,8,397,56,Matches,b827d5b3
7,Thiago Alcántara,es ESP,MF,Liverpool,30,1991,17,1700,32,247,1106,362,20,1700,32,20,62.5,12,37.5,1039,5003,2393,24,43,1,16,13,1279,45,Matches,77e84962
8,Trent Alexander-Arnold,eng ENG,DF,Liverpool,22,1998,31.7,3036,71,602,1386,1070,83,3036,39,19,48.7,20,51.3,1504,5687,2824,53,55,14,41,19,1897,201,Matches,cd1acf9d
9,Alisson,br BRA,GK,Liverpool,28,1992,36,1469,1042,1452,17,0,0,1469,1,1,100,0,0,873,3573,2223,0,0,0,1,0,836,0,Matches,7a2e46a8
10,Allan,br BRA,MF,Everton,30,1991,24.3,1259,77,324,763,191,7,1259,31,21,67.7,10,32.3,650,3118,1603,26,24,4,38,24,672,18,Matches,cc700722
11,Dele Alli,eng ENG,MF,Tottenham,25,1996,7.3,339,24,74,188,82,14,338,27,12,44.4,15,55.6,184,923,358,8,8,0,13,19,203,22,Matches,cea4ee8f
12,Dele Alli,eng ENG,MFFW,Everton,25,1996,3.8,225,13,50,107,71,13,225,14,5,35.7,9,64.3,108,708,290,7,8,3,15,6,132,21,Matches,cea4ee8f
13,Miguel Almirón,py PAR,MFFW,Newcastle Utd,27,1994,19.1,728,22,135,302,307,43,728,39,26,66.7,13,33.3,446,2959,1319,44,21,12,44,24,471,85,Matches,862a1c15
14,Marcos Alonso,es ESP,DF,Chelsea,30,1990,24.1,1791,72,451,626,730,69,1791,35,15,42.9,20,57.1,882,4325,2172,51,32,10,43,25,1037,192,Matches,f4290206
15,Steven Alzate,co COL,MF,Brighton,22,1998,4.5,292,14,79,165,50,3,292,8,6,75,2,25,148,650,330,3,7,1,8,3,177,6,Matches,ad1f61f3
16,Daniel Amartey,gh GHA,DF,Leicester City,26,1994,23.6,1752,246,872,832,52,6,1752,7,6,85.7,1,14.3,1133,5040,2786,14,12,1,7,1,1278,0,Matches,1a4ef233
17,Joachim Andersen,dk DEN,DF,Crystal Palace,25,1996,32.4,2614,425,1538,1005,80,32,2614,9,7,77.8,2,22.2,1604,8191,4478,14,5,2,8,8,1865,4,Matches,e34fc66d
18,Michail Antonio,jm JAM,FW,West Ham,31,1990,33,1095,17,59,398,663,159,1094,93,50,53.8,43,46.2,681,4270,1921,77,46,35,136,72,885,246,Matches,ac05f970
19,Cameron Archer,eng ENG,FWMF,Aston Villa,20,2001,0.3,11,0,1,3,7,1,11,1,0,0,1,100,7,44,10,0,1,0,1,2,7,1,Matches,05e8ca6d
20,Alphonse Areola,fr FRA,GK,West Ham,28,1993,1,42,40,42,0,0,0,42,0,0,,0,,20,85,41,0,0,0,0,0,20,0,Matches,2f965a72
21,Adam Armstrong,eng ENG,FW,Southampton,24,1997,15.7,493,9,40,184,275,75,493,42,16,38.1,26,61.9,287,1882,768,39,24,22,45,13,335,105,Matches,68c720b5
22,Stuart Armstrong,sct SCO,MF,Southampton,29,1992,16.4,946,22,124,408,428,41,946,54,27,50,27,50,595,4052,1934,63,50,12,40,27,661,78,Matches,97333cf5
23,Kepa Arrizabalaga,es ESP,GK,Chelsea,26,1994,4,146,125,146,0,0,0,146,0,0,,0,,101,389,218,0,0,0,0,0,80,0,Matches,28d596a0
24,Harrison Ashby,sct SCO,DF,West Ham,19,2001,0.1,9,1,3,1,5,0,9,0,0,,0,,5,35,6,0,0,0,0,0,6,0,Matches,b391383a
25,Pierre-Emerick Aubameyang,ga GAB,FW,Arsenal,32,1989,11.5,319,2,33,117,171,50,317,7,2,28.6,5,71.4,142,779,456,21,9,10,16,4,220,47,Matches,d5dd5f1f
26,Jordan Ayew,gh GHA,FW,Crystal Palace,29,1991,22.4,1087,15,149,514,450,67,1087,71,34,47.9,37,52.1,696,4590,2316,98,49,24,84,77,779,151,Matches,da052c14
27,Luke Ayling,eng ENG,DF,Leeds United,29,1991,25.2,1884,178,905,758,244,35,1884,37,23,62.2,14,37.8,1002,5566,3583,45,23,2,42,10,1147,51,Matches,420d7c7d
28,César Azpilicueta,es ESP,DF,Chelsea,31,1989,23,2017,112,616,932,480,53,2017,19,15,78.9,4,21.1,1098,4607,2789,49,33,7,21,10,1420,132,Matches,53cad200
29,Daniel Bachmann,at AUT,GK,Watford,27,1994,12,401,325,399,2,0,0,401,1,1,100,0,0,214,1241,835,0,0,0,0,0,148,0,Matches,1c0eea98
30,Leon Bailey,jm JAM,FWMF,Aston Villa,23,1997,8.5,348,3,29,119,206,35,348,29,13,44.8,16,55.2,232,1679,693,34,14,10,33,24,244,61,Matches,3a233281
31,Eric Bailly,ci CIV,DF,Manchester Utd,27,1994,2.4,114,25,73,38,3,0,114,1,0,0,1,100,55,340,155,1,0,0,3,1,59,0,Matches,a1232f4e
32,Folarin Balogun,eng ENG,FW,Arsenal,20,2001,0.8,22,1,2,7,13,6,22,2,0,0,2,100,8,22,8,0,0,0,4,0,14,4,Matches,31822f8c
33,Patrick Bamford,eng ENG,FW,Leeds United,27,1993,6.2,173,10,15,83,76,33,173,7,4,57.1,3,42.9,92,486,196,8,4,3,18,3,111,24,Matches,93feac6e
34,Shandon Baptiste,gd GRN,MF,Brentford,23,1998,10.1,418,15,83,216,126,15,418,28,19,67.9,9,32.1,252,1225,603,14,13,4,21,12,269,29,Matches,2886c9b5
35,Ross Barkley,eng ENG,MFFW,Chelsea,27,1993,2,153,0,6,49,98,7,153,8,7,87.5,1,12.5,94,715,373,14,10,0,3,7,124,17,Matches,3a24769f
36,Ashley Barnes,eng ENG,FW,Burnley,31,1989,9,302,6,22,163,120,25,301,8,5,62.5,3,37.5,139,530,215,5,5,1,37,22,224,47,Matches,2691c772
37,Harvey Barnes,eng ENG,FWMF,Leicester City,23,1997,23.3,1052,17,115,361,589,130,1052,75,31,41.3,44,58.7,732,5181,2962,107,61,48,58,43,834,237,Matches,3ea50f67
38,Lewis Bate,eng ENG,MF,Leeds United,18,2002,1.6,86,3,27,51,9,0,86,5,1,20,4,80,47,267,57,0,2,0,9,2,53,1,Matches,cd4256d3
39,Mads Bech Sørensen,dk DEN,DF,Brentford,22,1999,9.3,576,65,291,218,71,6,576,1,0,0,1,100,296,1631,1014,9,4,0,2,0,325,4,Matches,30db8574
40,Jan Bednarek,pl POL,DF,Southampton,25,1996,29.2,1828,206,865,904,72,33,1828,1,1,100,0,0,873,3515,1642,0,8,0,7,4,993,5,Matches,4115ce4e
41,Donny van de Beek,nl NED,MF,Manchester Utd,24,1997,0.8,56,2,22,19,17,3,56,5,1,20,4,80,25,116,27,0,1,0,3,3,31,4,Matches,50dc94ce
42,Donny van de Beek,nl NED,MF,Everton,24,1997,5.4,306,11,56,179,74,7,306,9,3,33.3,6,66.7,149,568,264,3,4,0,5,6,180,10,Matches,50dc94ce
43,Asmir Begović,ba BIH,GK,Everton,34,1987,3,97,90,97,0,0,0,97,0,0,,0,,34,240,138,0,0,0,0,0,26,0,Matches,7b4de647
44,Saïd Benrahma,dz ALG,FWMF,West Ham,25,1995,24.1,1121,12,136,422,577,87,1121,80,37,46.3,43,53.8,725,4411,2034,73,42,26,62,30,807,222,Matches,5a04fd92
45,Rodrigo Bentancur,uy URU,MF,Tottenham,24,1997,15.1,1184,59,255,747,193,15,1184,20,14,70,6,30,760,3623,1781,20,21,2,12,13,898,11,Matches,3b8674e6
46,Christian Benteke,be BEL,FW,Crystal Palace,30,1990,12.7,450,38,61,196,197,72,450,13,9,69.2,4,30.8,203,947,391,15,8,9,39,17,345,79,Matches,ab070c55
47,Jóhann Berg Guðmundsson,is ISL,MF,Burnley,30,1990,12.2,474,20,77,176,229,22,474,22,14,63.6,8,36.4,270,1466,653,27,20,3,15,19,295,75,Matches,f72293fc
48,Steven Bergwijn,nl NED,FWMF,Tottenham,23,1997,6.3,258,5,33,91,142,40,258,20,10,50,10,50,171,1294,728,26,16,10,28,14,203,53,Matches,a29b1131
49,Ryan Bertrand,eng ENG,DF,Leicester City,31,1989,3.7,229,16,65,113,53,4,229,0,0,,0,,101,412,192,2,2,1,6,4,124,8,Matches,1226327
50,Mads Bidstrup,dk DEN,MF,Brentford,20,2001,0.5,20,2,8,10,2,0,20,0,0,,0,,6,21,10,0,0,0,2,1,9,0,Matches,407db0d5
51,Yves Bissouma,ml MLI,MF,Brighton,24,1996,23.5,1505,90,373,902,249,13,1505,51,34,66.7,17,33.3,839,5063,2211,40,39,7,32,25,978,16,Matches,6c203af0
52,Willy Boly,ci CIV,DF,Wolves,30,1991,10,663,76,373,278,17,6,663,6,3,50,3,50,367,1637,853,6,7,1,3,3,432,0,Matches,a4ac4b8f
53,Jarrod Bowen,eng ENG,FW,West Ham,24,1996,33.1,1225,27,171,460,625,139,1225,88,50,56.8,38,43.2,710,4968,1928,74,43,43,65,52,769,204,Matches,79c84d1c
54,Jarrad Branthwaite,eng ENG,DF,Everton,19,2002,4.3,158,24,77,79,5,2,158,2,1,50,1,50,62,242,125,1,0,0,4,1,72,0,Matches,c1949191
55,Armando Broja,al ALB,FW,Southampton,19,2001,21.9,673,15,51,278,360,101,673,70,33,47.1,37,52.9,364,2447,1247,56,28,33,68,50,488,114,Matches,97220da2
56,Josh Brownhill,eng ENG,MF,Burnley,25,1995,32.8,1528,77,321,828,401,32,1528,30,15,50,15,50,614,2557,992,18,29,6,40,18,749,37,Matches,47369df8
57,Lewis Brunt,eng ENG,MF,Leicester City,20,2000,0.3,26,0,0,22,4,1,26,1,1,100,0,0,22,99,36,1,0,0,1,2,22,2,Matches,a2081c6b
58,Bryan,es ESP,FWMF,Tottenham,20,2001,1,79,2,10,13,56,3,79,6,4,66.7,2,33.3,53,350,220,6,4,0,6,2,60,17,Matches,7b5ab7f2
59,Emi Buendía,ar ARG,MFFW,Aston Villa,24,1996,21.1,1146,27,134,548,476,69,1146,64,40,62.5,24,37.5,673,3378,1622,40,41,7,42,41,806,84,Matches,66b76d44
60,Dan Burn,eng ENG,DF,Newcastle Utd,29,1992,16,782,129,417,326,42,22,782,0,0,,0,,340,1761,738,6,3,1,4,3,384,2,Matches,b2d31e83
61,Dan Burn,eng ENG,DF,Brighton,29,1992,11.4,797,92,378,378,45,12,797,3,0,0,3,100,455,1946,1030,9,8,1,7,1,506,3,Matches,b2d31e83
62,Jack Butland,eng ENG,GK,Crystal Palace,28,1993,8.5,296,259,295,1,0,0,296,0,0,,0,,162,755,337,0,0,0,0,0,138,0,Matches,cc70a1d5
63,Sam Byram,eng ENG,DF,Norwich City,27,1993,11.4,669,82,309,250,115,15,669,8,3,37.5,5,62.5,317,1495,692,11,7,2,8,4,332,16,Matches,1bf811d4
64,Willy Caballero,ar ARG,GK,Southampton,39,1981,2,69,47,69,0,0,0,69,0,0,,0,,31,215,112,0,0,0,0,0,32,0,Matches,a179d516
65,Moisés Caicedo,ec ECU,MF,Brighton,19,2001,7.3,358,21,81,193,91,13,358,10,7,70,3,30,179,736,405,9,9,1,10,10,206,8,Matches,16264a81
66,Dominic Calvert-Lewin,eng ENG,FW,Everton,24,1997,14.3,448,15,41,194,213,52,445,11,2,18.2,9,81.8,194,879,217,9,3,2,50,13,328,50,Matches,59e6e5bf
67,Chem Campbell,wls WAL,MF,Wolves,18,2002,0.1,11,0,0,3,8,1,11,0,0,,0,,5,30,11,0,0,0,0,0,9,4,Matches,6f711f67
68,João Cancelo,pt POR,DF,Manchester City,27,1994,35.9,3769,67,618,1931,1245,101,3769,106,56,52.8,50,47.2,2411,11313,5785,125,129,36,45,24,2749,270,Matches,bd6351cd
69,Sergi Canós,es ESP,DFFW,Brentford,24,1997,23.1,1070,64,303,444,339,50,1070,50,23,46,27,54,581,3331,1833,52,44,12,47,25,601,100,Matches,1137759d
70,Todd Cantwell,eng ENG,FWMF,Norwich City,23,1998,4.9,205,4,48,102,56,5,205,10,5,50,5,50,128,604,200,2,5,1,15,8,143,17,Matches,f63d8a4b
71,Matty Cash,pl POL,DF,Aston Villa,23,1997,37.5,2093,140,713,868,538,92,2093,59,33,55.9,26,44.1,1007,5923,2897,89,54,20,56,31,1030,174,Matches,2389cdc2
72,Timothy Castagne,be BEL,DF,Leicester City,25,1995,23.6,1600,98,551,757,295,21,1600,19,6,31.6,13,68.4,781,3239,1657,32,22,0,27,11,947,115,Matches,197640fd
73,Jonny Castro,es ESP,DF,Wolves,27,1994,11.4,735,22,194,348,202,21,735,25,14,56,11,44,404,2109,1081,25,16,9,21,20,483,56,Matches,e28868f3
74,Craig Cathcart,nir NIR,DF,Watford,32,1989,26.6,1209,204,662,497,55,11,1209,1,0,0,1,100,554,2073,917,6,6,0,6,2,636,0,Matches,89e4b358
75,Edinson Cavani,uy URU,FW,Manchester Utd,34,1987,8.5,298,12,54,131,114,30,298,5,4,80,1,20,144,358,111,2,5,2,12,4,217,32,Matches,527f063d
76,Kayky Chagas,br BRA,FW,Manchester City,18,2003,0.1,3,0,0,1,2,0,3,0,0,,0,,3,38,20,1,1,0,1,0,3,1,Matches,17734ea0
77,Trevoh Chalobah,eng ENG,DF,Chelsea,22,1999,16.1,1442,68,478,833,138,10,1442,12,10,83.3,2,16.7,816,3176,1703,24,34,0,10,7,1070,14,Matches,5515376c
78,Calum Chambers,eng ENG,DF,Arsenal,26,1995,1.9,123,17,51,56,17,1,123,0,0,,0,,60,164,81,0,1,0,1,1,67,5,Matches,dc6f5bdd
79,Calum Chambers,eng ENG,DF,Aston Villa,26,1995,9.2,573,100,328,224,25,8,573,1,0,0,1,100,344,1525,910,3,1,0,3,1,356,1,Matches,dc6f5bdd
80,Daniel Chesters,eng ENG,MF,West Ham,19,2002,0,0,0,0,0,0,0,0,0,0,,0,,0,0,0,0,0,0,0,0,0,0,Matches,240c8ab6
81,Ben Chilwell,eng ENG,DF,Chelsea,24,1996,6,420,9,85,143,195,24,420,6,3,50,3,50,207,925,485,14,7,4,13,3,258,46,Matches,d2424d1b
82,Chiquinho,pt POR,DFFW,Wolves,21,2000,2.3,147,2,23,52,75,16,147,17,10,58.8,7,41.2,92,650,236,10,4,6,9,6,101,35,Matches,dc6c2f02
83,Hamza Choudhury,eng ENG,DFMF,Leicester City,23,1997,3.2,206,18,94,105,8,2,206,3,2,66.7,1,33.3,94,359,118,0,4,1,8,2,124,1,Matches,7d2d3329
84,Andreas Christensen,dk DEN,DF,Chelsea,25,1996,16.6,1477,147,645,772,68,5,1477,4,4,100,0,0,823,3835,2215,14,15,0,3,1,1058,5,Matches,1cb49278
85,Carney Chukwuemeka,eng ENG,MFFW,Aston Villa,17,2003,3.3,167,3,22,89,58,11,167,10,6,60,4,40,111,710,323,9,6,5,9,6,123,14,Matches,b2f9c73e
86,Ciaran Clark,ie IRL,DF,Newcastle Utd,31,1989,11.3,464,73,258,175,33,22,464,5,4,80,1,20,231,807,361,2,3,0,3,2,259,6,Matches,2b91cf8e
87,Tom Cleverley,eng ENG,MF,Watford,31,1989,18,803,34,176,394,241,10,803,6,3,50,3,50,348,1052,397,8,13,5,16,16,440,40,Matches,6cdd8245
88,Nathaniel Clyne,eng ENG,DF,Crystal Palace,30,1991,15,827,39,310,384,140,1,827,6,4,66.7,2,33.3,377,1769,840,14,9,0,10,4,443,25,Matches,0442183b
89,Conor Coady,eng ENG,DF,Wolves,28,1993,37.3,1971,419,1300,649,31,19,1971,1,1,100,0,0,1144,5288,2626,6,3,1,6,1,1373,3,Matches,2928dca2
90,Séamus Coleman,ie IRL,DF,Everton,32,1988,29.5,1549,123,501,733,335,32,1549,49,34,69.4,15,30.6,697,3773,1872,40,30,4,30,20,713,77,Matches,0420d84f
91,Nathan Collins,ie IRL,DF,Burnley,20,2001,18.6,882,149,433,376,81,38,882,8,5,62.5,3,37.5,382,2003,944,7,6,2,10,4,375,8,Matches,a8c19eb8
92,Aaron Connolly,ie IRL,FWMF,Brighton,21,2000,1.7,33,0,0,13,20,4,33,2,0,0,2,100,22,121,38,3,0,0,2,2,22,7,Matches,27c01749
93,Liam Cooper,sct SCO,DF,Leeds United,29,1991,20.2,1405,152,857,530,27,13,1405,4,3,75,1,25,748,3635,2147,7,3,0,9,1,822,2,Matches,dc64b8b3
94,Jack Cork,eng ENG,MF,Burnley,32,1989,18.6,740,39,130,492,121,10,740,13,7,53.8,6,46.2,309,1204,430,12,7,0,18,20,389,12,Matches,74e12f1e
95,Maxwel Cornet,ci CIV,FWMF,Burnley,24,1996,19.6,664,17,95,212,364,81,663,38,13,34.2,25,65.8,355,1771,790,28,13,11,61,33,424,125,Matches,beb391dd
96,Hélder Costa,ao ANG,MF,Leeds United,27,1994,0.2,9,0,2,4,3,0,9,0,0,,0,,6,18,1,0,0,0,1,0,6,2,Matches,f13d02a6
97,Vladimír Coufal,cz CZE,DF,West Ham,28,1992,24.5,1681,110,454,700,539,30,1681,23,15,65.2,8,34.8,778,4242,1992,51,38,5,30,15,888,119,Matches,fdf3cb77
98,Philippe Coutinho,br BRA,MFFW,Aston Villa,29,1992,14.8,815,7,57,441,330,47,815,43,21,48.8,22,51.2,568,3066,1595,48,36,9,35,20,632,62,Matches,0ef89a37
99,Aaron Cresswell,eng ENG,DF,West Ham,31,1989,30.3,2312,126,674,1078,576,22,2312,17,8,47.1,9,52.9,1305,5741,2727,54,45,2,14,4,1497,99,Matches,4f974391
100,Charlie Cresswell,eng ENG,DF,Leeds United,18,2002,1.6,124,11,71,50,3,1,124,0,0,,0,,68,394,271,1,0,0,1,0,77,0,Matches,4654e5f5
101,Cucho,co COL,FWMF,Watford,22,1999,12.7,545,19,78,196,277,39,545,39,18,46.2,21,53.8,308,1647,797,22,19,5,23,14,352,85,Matches,71b47ab9
102,Marc Cucurella,es ESP,DF,Brighton,23,1998,34.3,2717,115,683,1205,848,53,2717,55,28,50.9,27,49.1,1431,6642,4085,104,64,8,40,15,1638,208,Matches,1daec722
103,Luke Cundle,eng ENG,MF,Wolves,19,2002,2,116,3,30,68,18,1,116,1,0,0,1,100,48,188,103,3,1,0,2,1,86,3,Matches,cc3b8e78
104,Patson Daka,zm ZAM,FW,Leicester City,22,1998,12.9,370,10,31,170,171,50,370,16,3,18.8,13,81.3,195,766,299,10,4,3,42,18,244,66,Matches,ca45605e
105,Stuart Dallas,nir NIR,DFMF,Leeds United,30,1991,32.4,2056,103,665,923,504,28,2056,43,29,67.4,14,32.6,985,5629,3146,82,53,8,39,25,1113,79,Matches,67ca8566
106,Diogo Dalot,pt POR,DF,Manchester Utd,22,1999,20,1422,86,450,649,337,27,1422,25,17,68,8,32,734,3825,2193,53,29,13,25,8,826,75,Matches,d9565625
107,Karl Darlow,eng ENG,GK,Newcastle Utd,30,1990,8,266,214,262,4,0,0,266,0,0,,0,,137,793,437,0,0,0,0,0,92,0,Matches,cde3309f
108,Josh Dasilva,eng ENG,MFFW,Brentford,22,1998,2.9,123,10,28,54,42,6,123,11,7,63.6,4,36.4,74,562,333,10,6,3,5,5,66,10,Matches,60344e4f
109,Ben Davies,wls WAL,DF,Tottenham,28,1993,28.2,1888,140,727,906,266,31,1888,11,7,63.6,4,36.4,1211,7055,4295,62,61,0,22,10,1344,60,Matches,44781702
110,Tom Davies,eng ENG,MF,Everton,23,1998,2.6,124,10,31,62,32,9,124,3,2,66.7,1,33.3,59,206,79,1,0,1,6,1,68,3,Matches,9228b07c
111,Keinan Davis,eng ENG,FW,Aston Villa,23,1998,0.1,5,0,0,3,2,0,5,0,0,,0,,7,13,6,0,0,0,2,1,7,1,Matches,9deaf2c8
112,Craig Dawson,eng ENG,DF,West Ham,31,1990,30.6,1606,273,844,691,73,45,1606,4,4,100,0,0,892,3899,2085,4,4,0,10,5,970,3,Matches,3e9e06cb
113,Kevin De Bruyne,be BEL,MF,Manchester City,30,1991,24.5,1821,25,127,685,1027,107,1821,55,31,56.4,24,43.6,1126,5397,3213,84,85,20,40,20,1350,175,Matches,e46012d4
114,Troy Deeney,eng ENG,FW,Watford,33,1988,0.3,12,2,2,1,9,5,12,0,0,,0,,2,5,3,0,0,0,1,0,10,5,Matches,82e34b69
115,Liam Delap,eng ENG,FW,Manchester City,18,2003,0.1,1,0,0,1,0,0,1,0,0,,0,,1,1,0,0,0,0,0,0,1,0,Matches,dd897ee7
116,Fabian Delph,eng ENG,MF,Everton,31,1989,7.4,382,20,103,231,50,0,382,7,5,71.4,2,28.6,215,868,337,2,2,0,8,0,226,3,Matches,111c3236
117,Leander Dendoncker,be BEL,MF,Wolves,26,1995,21.7,1024,59,282,542,203,33,1024,10,5,50,5,50,461,1863,722,9,14,0,25,9,651,45,Matches,5a7301ae
118,Emmanuel Dennis,ng NGA,FWMF,Watford,23,1997,28.7,1078,22,134,414,556,131,1078,156,68,43.6,88,56.4,644,4553,2346,90,53,48,107,63,706,172,Matches,2c44a35d
119,Kiernan Dewsbury-Hall,eng ENG,MF,Leicester City,22,1998,23.4,1516,47,286,756,498,41,1516,49,30,61.2,19,38.8,910,5877,3083,82,66,7,56,46,1076,98,Matches,5c74c0f5
120,Ibrahima Diallo,fr FRA,MF,Southampton,22,1999,11.4,546,23,93,318,143,10,546,21,16,76.2,5,23.8,321,1717,855,17,24,1,18,13,360,20,Matches,11ff3d56
121,Rúben Dias,pt POR,DF,Manchester City,24,1997,26.7,2471,151,777,1606,92,33,2471,4,2,50,2,50,1715,9468,6448,33,17,0,9,3,1977,4,Matches,31c69ef1
122,Luis Díaz,co COL,FW,Liverpool,24,1997,10.6,595,4,32,219,349,77,595,49,31,63.3,18,36.7,399,2712,1293,53,22,31,27,26,476,127,Matches,4a1a9578
123,Eric Dier,eng ENG,DF,Tottenham,27,1994,34.1,2610,421,1452,1111,57,23,2610,2,1,50,1,50,1737,9384,5011,13,13,3,5,2,1971,6,Matches,ac861941
124,Lucas Digne,fr FRA,DF,Aston Villa,28,1993,14.1,978,63,285,332,369,21,978,13,3,23.1,10,76.9,495,2252,1148,34,28,3,13,13,544,121,Matches,1b84dbe1
125,Lucas Digne,fr FRA,DF,Everton,28,1993,13,829,44,277,305,258,15,829,17,8,47.1,9,52.9,356,2006,936,25,16,1,9,6,389,47,Matches,1b84dbe1
126,Issa Diop,fr FRA,DF,West Ham,24,1997,10.7,572,81,312,254,11,7,572,0,0,,0,,311,1630,859,4,0,0,2,1,353,1,Matches,a712ca2b
127,Moussa Djenepo,ml MLI,MF,Southampton,23,1998,5.1,246,7,32,93,123,26,246,29,12,41.4,17,58.6,155,1221,522,20,8,13,23,9,150,30,Matches,254147d4
128,Lewis Dobbin,eng ENG,FWMF,Everton,18,2003,0.4,13,0,1,7,5,2,13,1,0,0,1,100,10,75,41,1,0,2,1,1,8,2,Matches,e814e1cf
129,Matt Doherty,ie IRL,DF,Tottenham,29,1992,9.7,644,35,183,260,204,32,644,10,6,60,4,40,382,2090,1017,29,16,9,17,6,420,80,Matches,d557d734
130,Gabriel Dos Santos,br BRA,DF,Arsenal,23,1997,34,2343,312,1150,1106,100,47,2343,4,4,100,0,0,1554,8318,5214,12,14,1,18,5,1700,9,Matches,67ac5bb8
131,Abdoulaye Doucouré,ml MLI,MF,Everton,28,1993,28.2,1390,63,329,745,339,44,1390,41,21,51.2,20,48.8,694,3500,1770,33,28,6,43,22,764,54,Matches,02b29014
132,Kieran Dowell,eng ENG,FWMF,Norwich City,23,1997,10.1,415,6,60,171,189,13,415,14,7,50,7,50,218,1086,437,14,8,3,13,15,284,49,Matches,2f6ec02a
133,Cody Drameh,eng ENG,DFMF,Leeds United,19,2001,1.4,101,4,40,42,19,2,101,4,2,50,2,50,37,216,78,3,2,0,5,0,45,3,Matches,e0d1510a
134,Martin Dúbravka,sk SVK,GK,Newcastle Utd,32,1989,26,895,688,887,9,0,0,895,0,0,,0,,462,2679,1338,0,0,0,0,0,324,0,Matches,3a949a25
135,Shane Duffy,ie IRL,DF,Brighton,29,1992,16,1218,189,678,492,52,31,1218,1,1,100,0,0,627,2379,1312,3,7,0,7,0,851,3,Matches,7314bba4
136,Paul Dummett,wls WAL,DF,Newcastle Utd,29,1991,2.2,96,9,33,51,12,0,96,0,0,,0,,33,128,36,0,1,0,1,0,37,2,Matches,3fe6bd8c
137,Lewis Dunk,eng ENG,DF,Brighton,29,1991,28.6,2197,281,1180,949,76,37,2197,4,4,100,0,0,1306,5934,2863,14,7,2,11,3,1575,3,Matches,282f75f3
138,Ederson,br BRA,GK,Manchester City,27,1993,37,1169,906,1159,10,0,0,1169,0,0,,0,,795,3425,2214,0,0,0,0,0,714,0,Matches,3bb7b8b4
139,Odsonne Édouard,fr FRA,FW,Crystal Palace,23,1998,17.4,679,20,71,303,316,82,678,67,30,44.8,37,55.2,381,2143,1122,42,24,16,62,27,479,109,Matches,0562b7f1
140,CJ Egan-Riley,eng ENG,DF,Manchester City,18,2003,0,1,1,1,0,0,0,1,0,0,,0,,0,0,0,0,0,0,0,0,0,0,Matches,d313e8ff
141,Anthony Elanga,se SWE,FW,Manchester Utd,19,2002,13.5,619,11,111,214,296,56,619,31,11,35.5,20,64.5,354,2063,993,32,24,10,37,15,447,114,Matches,2fba6108
142,Harvey Elliott,eng ENG,MF,Liverpool,18,2003,3.8,302,1,23,130,151,19,302,9,2,22.2,7,77.8,174,882,486,10,15,2,8,0,226,38,Matches,c8387671
143,Mohamed Elneny,eg EGY,MF,Arsenal,29,1992,9,630,33,145,391,97,3,630,1,0,0,1,100,365,1508,713,5,4,1,4,3,467,2,Matches,47a34c4f
144,Mohamed Elyounoussi,no NOR,MFFW,Southampton,26,1994,22.7,933,37,133,370,443,84,933,45,28,62.2,17,37.8,485,3240,1513,59,52,13,63,38,594,124,Matches,68dc0dac
145,Emerson,br BRA,DFMF,Tottenham,22,1999,25.4,1765,98,579,666,530,56,1765,34,17,50,17,50,911,4344,2277,68,28,8,27,18,1019,175,Matches,df8b52a5
146,Christian Eriksen,dk DEN,MF,Brentford,29,1992,10.4,740,18,137,374,238,12,740,16,8,50,8,50,409,1889,1044,21,16,3,18,9,475,22,Matches,980522ec
147,Oghenekaro Etebo,ng NGA,MF,Watford,25,1995,4.5,204,15,65,130,12,0,204,10,6,60,4,40,106,548,248,3,1,0,3,2,123,1,Matches,b579e83d
148,Jonny Evans,nir NIR,DF,Leicester City,33,1988,15,1147,154,632,484,38,12,1147,3,2,66.7,1,33.3,657,2803,1537,1,3,0,4,0,747,4,Matches,f8fcd2a5
149,Eberechi Eze,eng ENG,MFFW,Crystal Palace,23,1998,6.7,376,4,48,190,143,11,376,23,14,60.9,9,39.1,222,1381,662,20,16,3,20,10,262,38,Matches,ae4fc6a4
150,Łukasz Fabiański,pl POL,GK,West Ham,36,1985,37,1084,978,1081,3,0,0,1084,0,0,,0,,593,3722,2293,0,0,0,0,1,414,0,Matches,9328b835
151,Fabinho,br BRA,MF,Liverpool,27,1993,25.7,1788,42,343,1175,281,21,1786,15,11,73.3,4,26.7,942,3953,1874,18,27,1,24,13,1231,37,Matches,7f3b388c
152,Kiko Femenía,es ESP,DF,Watford,30,1991,23.8,1431,101,455,569,418,11,1431,14,7,50,7,50,611,3099,1626,40,34,6,41,7,667,48,Matches,e5d01ecf
153,Evan Ferguson,ie IRL,MF,Brighton,16,2004,0.3,7,0,0,2,5,1,7,0,0,,0,,1,0,0,0,0,0,1,0,7,1,Matches,4596da74
154,Nathan Ferguson,eng ENG,DF,Crystal Palace,20,2000,0.1,5,0,4,1,0,0,5,0,0,,0,,1,5,0,0,0,0,0,0,1,0,Matches,2f8d27bc
155,Bruno Fernandes,pt POR,MF,Manchester Utd,26,1994,34.6,2445,64,359,1135,965,100,2443,52,26,50,26,50,1450,6657,3514,78,65,24,46,40,1799,190,Matches,507c7bdf
156,Álvaro Fernández,es ESP,GK,Brentford,23,1998,12,546,422,540,6,0,0,546,0,0,,0,,340,1672,890,0,0,0,1,0,280,0,Matches,f127d782
157,Federico Fernández,ar ARG,DF,Newcastle Utd,32,1989,5.8,265,53,157,100,11,8,265,0,0,,0,,152,619,311,0,0,0,1,0,169,1,Matches,f25b010f
158,Fernandinho,br BRA,MFDF,Manchester City,36,1985,10.7,927,35,172,622,137,17,927,11,9,81.8,2,18.2,637,2931,1483,16,18,0,6,7,742,11,Matches,101da2b5
159,Roberto Firmino,br BRA,FW,Liverpool,29,1991,11,664,4,49,302,322,68,664,33,17,51.5,16,48.5,370,1882,883,27,24,6,33,25,500,100,Matches,4c370d81
160,Junior Firpo,es ESP,DFMF,Leeds United,24,1996,19,1152,60,346,562,257,38,1152,28,16,57.1,12,42.9,585,2858,1718,36,29,2,17,7,670,72,Matches,24f59bb2
161,Ashley Fletcher,eng ENG,FW,Watford,25,1995,0.3,14,1,2,5,7,2,14,0,0,,0,,10,53,31,1,1,1,1,1,10,1,Matches,eeb6551f
162,Phil Foden,eng ENG,FW,Manchester City,21,2000,23.6,1303,6,66,426,820,137,1303,58,37,63.8,21,36.2,872,4436,1941,71,43,39,48,34,1023,248,Matches,ed1e53f3
163,Wesley Fofana,fr FRA,DF,Leicester City,20,2000,7,594,55,305,275,19,5,594,3,3,100,0,0,434,2958,1710,10,9,1,5,2,439,1,Matches,132a82f1
164,Pablo Fornals,es ESP,FWMF,West Ham,25,1996,31.1,1731,33,262,819,665,65,1731,54,23,42.6,31,57.4,981,4917,2219,49,37,11,47,28,1184,200,Matches,82927de4
165,Adam Forshaw,eng ENG,MF,Leeds United,29,1991,17,995,25,265,578,167,9,995,19,12,63.2,7,36.8,539,2507,1137,19,12,2,24,11,629,26,Matches,9f1938ab
166,Marcus Forss,fi FIN,FWMF,Brentford,22,1999,2.3,69,0,2,39,28,6,69,4,1,25,3,75,29,126,44,2,0,0,9,1,37,12,Matches,82c215a0
167,Fraser Forster,eng ENG,GK,Southampton,33,1988,19,673,513,669,4,0,0,673,0,0,,0,,336,2160,1197,0,0,0,0,0,260,0,Matches,c3e39f12
168,Ben Foster,eng ENG,GK,Watford,38,1983,26,940,719,925,16,0,0,940,1,1,100,0,0,450,2800,1448,0,0,0,0,0,338,0,Matches,d0b3ceb9
169,Tariqe Fosu,gh GHA,DF,Brentford,25,1995,0.2,10,0,0,3,7,3,10,0,0,,0,,7,62,53,3,1,1,0,0,8,4,Matches,3dcef539
170,Ryan Fraser,sct SCO,FWMF,Newcastle Utd,27,1994,16.3,590,22,102,192,301,42,590,4,1,25,3,75,370,1823,970,35,23,11,22,11,410,86,Matches,d56543a0
171,Fred,br BRA,MF,Manchester Utd,28,1993,22.5,1623,65,392,965,275,17,1623,36,21,58.3,15,41.7,840,3252,1564,17,16,1,41,25,1093,41,Matches,b853e0ad
172,Ryan Fredericks,eng ENG,DF,West Ham,28,1992,3.4,172,14,50,78,44,2,172,1,0,0,1,100,87,343,188,4,3,0,2,1,99,14,Matches,c067631c
173,Leo Fuhr Hjelde,no NOR,MFDF,Leeds United,17,2003,1.7,130,9,55,60,16,1,130,0,0,,0,,59,178,89,1,1,0,2,0,63,4,Matches,d102b8a2
174,Conor Gallagher,eng ENG,MF,Crystal Palace,21,2000,31.6,1578,45,285,737,579,80,1578,75,42,56,33,44,829,3922,1514,42,23,12,62,50,933,118,Matches,c2731c10
175,Alejandro Garnacho,es ESP,FWMF,Manchester Utd,17,2004,0.1,3,0,0,2,1,0,3,0,0,,0,,3,20,10,0,0,0,0,0,3,0,Matches,7aa8adfe
176,Dwight Gayle,eng ENG,FWDF,Newcastle Utd,30,1990,0.4,22,0,0,10,12,3,22,0,0,,0,,8,34,26,0,1,0,1,0,17,4,Matches,e58a03c6
177,Jean-Philippe Gbamin,ci CIV,MF,Everton,25,1995,0.7,31,1,7,23,1,0,31,3,2,66.7,1,33.3,15,106,51,1,0,0,2,2,21,0,Matches,6bd603db
178,David de Gea,es ESP,GK,Manchester Utd,30,1990,38,1020,928,1019,1,0,0,1020,0,0,,0,,466,2450,1468,0,0,0,0,0,371,0,Matches,7ba6d84e
179,Joe Gelhardt,eng ENG,FWMF,Leeds United,19,2002,8.3,274,5,17,123,137,44,274,29,17,58.6,12,41.4,158,869,463,17,12,11,30,19,199,55,Matches,01962d0d
180,Anwar El Ghazi,nl NED,FWMF,Aston Villa,26,1995,4.3,181,4,18,58,110,14,180,10,4,40,6,60,114,754,314,13,7,5,22,7,134,38,Matches,ffa90327
181,Anwar El Ghazi,nl NED,FWMF,Everton,26,1995,0.1,14,0,1,5,8,2,14,1,0,0,1,100,6,96,14,2,0,2,1,0,8,2,Matches,ffa90327
182,Saman Ghoddos,ir IRN,MFDF,Brentford,27,1993,6,296,17,60,125,118,19,296,7,5,71.4,2,28.6,147,591,337,7,3,1,14,4,159,40,Matches,f7b1d4e0
183,Dimitris Giannoulis,gr GRE,DF,Norwich City,25,1995,13,894,68,339,395,173,10,894,46,29,63,17,37,479,2788,1726,33,16,4,24,11,484,58,Matches,112c495e
184,Morgan Gibbs-White,eng ENG,DFFW,Wolves,21,2000,0.1,14,0,4,3,7,3,14,0,0,,0,,4,6,4,0,0,0,0,0,7,2,Matches,32f60ed8
185,Ben Gibson,eng ENG,DF,Norwich City,28,1993,27.7,1640,336,1009,591,46,22,1640,7,5,71.4,2,28.6,966,4380,2686,11,8,0,6,2,1071,0,Matches,bcfb0142
186,Billy Gilmour,sct SCO,MF,Norwich City,20,2001,20.6,1423,44,359,778,301,5,1423,22,15,68.2,7,31.8,841,4409,1888,30,23,0,29,11,958,17,Matches,df10e27c
187,Ben Godfrey,eng ENG,DF,Everton,23,1998,22.5,1080,141,499,443,148,23,1080,12,9,75,3,25,456,2466,1280,23,24,0,24,4,521,26,Matches,9f7c837d
188,André Gomes,pt POR,MF,Everton,28,1993,6.9,376,14,64,211,107,6,376,18,12,66.7,6,33.3,196,858,445,6,8,1,21,16,224,13,Matches,1961b2aa
189,Toti Gomes,pt POR,DF,Wolves,22,1999,4,255,30,114,126,18,4,255,6,5,83.3,1,16.7,148,783,474,2,3,1,3,2,153,2,Matches,f0caab96
190,Joe Gomez,eng ENG,DF,Liverpool,24,1997,3.7,332,4,64,168,103,6,332,8,4,50,4,50,163,757,338,11,10,2,5,2,206,29,Matches,7a11550b
191,Charlie Goode,eng ENG,DF,Brentford,25,1995,5,339,20,114,160,66,10,339,7,5,71.4,2,28.6,145,755,419,5,3,0,3,1,164,9,Matches,7aee4dd3
192,Anthony Gordon,eng ENG,MFFW,Everton,20,2001,25.4,1116,21,163,386,592,78,1116,80,38,47.5,42,52.5,602,4905,2291,74,53,31,74,37,674,137,Matches,2bd83368
193,Kaide Gordon,eng ENG,FW,Liverpool,16,2004,0.1,7,0,0,4,3,0,7,1,0,0,1,100,3,34,14,1,0,0,0,1,6,3,Matches,19a9cb70
194,Dan Gosling,eng ENG,MF,Watford,31,1990,1.8,83,9,29,38,18,4,83,2,2,100,0,0,45,262,102,2,1,1,2,1,50,5,Matches,7fec31a0
195,Demarai Gray,eng ENG,MFFW,Everton,25,1996,26,1093,18,117,377,624,87,1093,106,55,51.9,50,47.2,655,5185,2405,93,59,38,70,36,717,169,Matches,4468ec10
196,Jack Grealish,eng ENG,FW,Manchester City,25,1995,21.3,1173,15,68,359,761,162,1173,68,40,58.8,28,41.2,906,7308,3915,153,74,83,31,29,997,267,Matches,b0b4fd3e
197,Mason Greenwood,eng ENG,FWMF,Manchester Utd,19,2001,14.1,652,6,78,277,310,60,652,52,32,61.5,20,38.5,425,3069,1586,48,31,23,26,16,509,109,Matches,58eee997
198,Sam Greenwood,eng ENG,MFFW,Leeds United,19,2002,2.6,106,2,14,61,33,6,106,5,2,40,3,60,55,252,88,3,2,1,1,0,59,10,Matches,f3354c07
199,Pascal Groß,de GER,MFDF,Brighton,30,1991,22.6,1537,43,227,697,618,61,1536,18,9,50,9,50,796,3313,1486,39,35,7,27,15,1001,141,Matches,8aec0537
200,Vicente Guaita,es ESP,GK,Crystal Palace,34,1987,29.5,1033,912,1030,3,0,0,1033,0,0,,0,,622,3147,1886,0,0,0,1,0,485,0,Matches,ab13a5aa
201,Marc Guéhi,eng ENG,DF,Crystal Palace,21,2000,35.8,2654,376,1512,1070,82,32,2654,13,12,92.3,1,7.7,1663,7932,4727,17,15,0,14,7,1925,7,Matches,d0706b27
202,Bruno Guimarães,br BRA,MF,Newcastle Utd,23,1997,11.5,701,31,162,377,176,21,701,40,22,55,18,45,426,2333,795,18,15,4,24,29,462,15,Matches,82518f62
203,İlkay Gündoğan,de GER,MF,Manchester City,30,1990,20.6,1522,25,157,785,599,82,1522,35,24,68.6,11,31.4,902,4727,2052,60,45,13,25,19,1209,107,Matches,819b3158
204,Angus Gunn,eng ENG,GK,Norwich City,25,1996,9,343,290,341,2,0,0,343,0,0,,0,,166,909,488,0,0,0,0,0,112,0,Matches,e082af5b
205,Grant Hanley,sct SCO,DF,Norwich City,29,1991,32.2,1702,369,1104,552,53,35,1702,3,1,33.3,2,66.7,850,3128,1390,2,5,0,9,1,942,3,Matches,e9254eec
206,Jack Harrison,eng ENG,FWMF,Leeds United,24,1996,29.3,1448,30,260,558,651,95,1448,114,54,47.4,60,52.6,858,5585,2996,120,60,35,87,66,948,234,Matches,aa849a12
207,Kortney Hause,eng ENG,DF,Aston Villa,26,1995,4.4,266,34,136,119,14,9,266,4,3,75,1,25,158,906,517,2,2,1,4,1,151,3,Matches,bf8fad51
208,Kai Havertz,de GER,FWMF,Chelsea,22,1999,20.1,943,34,90,352,506,128,943,42,18,42.9,24,57.1,537,3107,1419,64,23,34,66,32,739,203,Matches,fed7cb61
209,Isaac Hayden,eng ENG,MFDF,Newcastle Utd,26,1995,11.1,467,42,179,228,68,10,467,15,9,60,6,40,221,849,276,3,8,1,16,8,248,10,Matches,c951a6df
210,Hwang Hee-chan,kr KOR,FWMF,Wolves,25,1996,20.2,844,13,116,404,337,72,844,69,33,47.8,36,52.2,548,3734,1722,66,36,27,47,24,651,114,Matches,169fd162
211,Jordan Henderson,eng ENG,MF,Liverpool,31,1990,28.9,2444,34,292,1468,694,38,2444,25,16,64,9,36,1405,6113,2738,54,47,5,28,12,1859,116,Matches,935e6b8f
212,Jeff Hendrick,ie IRL,MF,Newcastle Utd,29,1992,0.8,37,1,3,26,8,1,37,1,0,0,1,100,22,95,28,1,0,0,2,1,26,1,Matches,989d5705
213,Wayne Hennessey,wls WAL,GK,Burnley,34,1987,2,84,59,80,4,0,0,84,0,0,,0,,35,156,74,0,0,0,0,0,22,0,Matches,76eca7e2
214,Rico Henry,eng ENG,DF,Brentford,24,1997,30.8,1542,95,502,620,436,40,1542,60,27,45,33,55,783,4164,1967,61,39,12,40,34,836,131,Matches,8a3c1dc7
215,Son Heung-min,kr KOR,MFFW,Tottenham,29,1992,33.4,1545,15,146,564,867,146,1545,92,51,55.4,40,43.5,912,6351,3123,116,68,50,75,46,1078,242,Matches,92e7e919
216,Ki-Jana Hoever,nl NED,DFMF,Wolves,19,2002,3.4,200,9,52,97,51,3,200,7,4,57.1,3,42.9,86,520,280,9,2,4,2,4,106,22,Matches,9a71e978
217,Rob Holding,eng ENG,DF,Arsenal,25,1995,9.4,587,84,299,275,15,7,587,1,0,0,1,100,331,1150,661,4,1,0,4,3,368,0,Matches,d79a8c87
218,Mason Holgate,eng ENG,DF,Everton,24,1996,23.7,1091,156,546,495,58,14,1091,4,2,50,2,50,477,2469,1334,4,7,1,3,7,507,2,Matches,d0042ab9
219,Callum Hudson-Odoi,eng ENG,MFFW,Chelsea,20,2000,10.7,497,8,37,166,303,56,497,26,16,61.5,10,38.5,344,2593,1577,67,31,30,22,20,400,102,Matches,15f3ec41
220,Will Hughes,eng ENG,MF,Crystal Palace,26,1995,11.7,653,24,162,358,143,4,653,12,8,66.7,4,33.3,324,1412,595,5,12,0,15,9,383,7,Matches,a0666d3e
221,Pierre Højbjerg,dk DEN,MF,Tottenham,25,1995,35.5,2903,115,714,1776,444,30,2903,60,42,70,18,30,1765,8364,4032,46,42,7,32,22,2102,47,Matches,8b04d6c1
222,Adam Idah,ie IRL,FWMF,Norwich City,20,2001,6.9,232,11,27,92,116,30,232,20,12,60,8,40,138,924,245,11,3,3,23,13,163,48,Matches,291e3ec3
223,Kelechi Iheanacho,ng NGA,FW,Leicester City,24,1996,14,531,11,46,232,260,50,531,33,16,48.5,17,51.5,314,1599,677,28,18,11,52,21,396,85,Matches,c92e1a31
224,Danny Ings,eng ENG,FW,Aston Villa,29,1992,21.1,617,21,63,246,314,112,616,31,10,32.3,21,67.7,321,1568,625,24,15,8,50,21,394,117,Matches,07802f7f
225,Tim Iroegbunam,eng ENG,MF,Aston Villa,18,2003,1,36,1,7,26,3,1,36,0,0,,0,,16,109,60,1,0,0,0,0,14,0,Matches,84c5ceea
226,Alex Iwobi,ng NGA,MFDF,Everton,25,1996,22.6,1052,40,234,396,436,61,1052,57,32,56.1,25,43.9,581,3314,1660,44,37,19,44,27,638,104,Matches,6ca5ec4b
227,Daniel James,wls WAL,FW,Manchester Utd,23,1997,1.4,52,1,2,20,30,8,52,1,0,0,1,100,26,214,97,5,2,1,4,3,34,16,Matches,c931d9f9
228,Daniel James,wls WAL,FWMF,Leeds United,23,1997,26.3,757,19,83,261,424,106,757,53,21,39.6,32,60.4,459,3337,1666,69,32,36,54,22,512,186,Matches,c931d9f9
229,Reece James,eng ENG,DF,Chelsea,21,1999,20.7,1881,35,326,800,773,69,1881,47,36,76.6,11,23.4,1122,5150,2381,52,51,19,26,22,1343,203,Matches,1265a93a
230,Vitaly Janelt,de GER,MF,Brentford,23,1998,25.5,1253,62,365,597,296,46,1253,15,13,86.7,2,13.3,605,2731,1369,25,24,4,35,11,739,60,Matches,8449d35e
231,Pontus Jansson,se SWE,DF,Brentford,30,1991,36.9,1893,389,1176,650,71,57,1893,2,2,100,0,0,919,3896,2019,4,5,1,10,5,1025,5,Matches,172e52d8
232,Mathias Jensen,dk DEN,MF,Brentford,25,1996,17.8,968,30,191,488,304,27,968,24,15,62.5,9,37.5,482,2100,1008,14,21,0,26,15,559,54,Matches,0f134faf
233,Gabriel Jesus,br BRA,FW,Manchester City,24,1997,20.9,1023,12,81,315,634,161,1022,71,46,64.8,25,35.2,667,3637,1501,51,20,32,66,27,798,220,Matches,b66315ae
234,Raúl Jiménez,mx MEX,FW,Wolves,30,1991,29.2,1150,35,106,601,456,126,1149,87,36,41.4,51,58.6,644,3407,1278,40,37,21,99,57,850,163,Matches,b561db50
235,João Pedro,br BRA,FWMF,Watford,19,2001,18.3,885,19,76,404,426,79,885,106,62,58.5,44,41.5,519,3595,1487,54,45,19,63,58,634,102,Matches,e8832875
236,Joelinton,br BRA,MFFW,Newcastle Utd,24,1996,28.4,1395,83,297,692,429,78,1395,70,37,52.9,33,47.1,719,4203,1946,45,42,10,85,60,836,90,Matches,c17bfb65
237,Ben Johnson,eng ENG,DF,West Ham,21,2000,15.5,952,85,337,410,212,9,952,10,7,70,3,30,455,2021,922,23,23,1,23,9,510,67,Matches,9319781b
238,Curtis Jones,eng ENG,MF,Liverpool,20,2001,9.5,685,8,85,380,226,17,685,33,25,75.8,8,24.2,476,2572,1152,25,18,3,17,18,565,54,Matches,4fb9c88f
239,Phil Jones,eng ENG,DF,Manchester Utd,29,1992,1.8,101,17,48,50,4,0,101,1,1,100,0,0,58,214,103,1,0,0,1,0,63,0,Matches,def899bd
240,Jorginho,it ITA,MF,Chelsea,29,1991,25.3,2106,51,422,1299,399,13,2099,21,16,76.2,5,23.8,1175,4913,2414,18,27,1,22,19,1581,19,Matches,45db685d
241,Diogo Jota,pt POR,FW,Liverpool,24,1996,26.3,1097,13,87,434,596,182,1097,69,27,39.1,42,60.9,649,3861,2029,74,52,34,63,33,844,191,Matches,178ae8f8
242,James Justin,eng ENG,DF,Leicester City,23,1998,11.1,798,43,263,357,182,15,798,15,5,33.3,10,66.7,405,1922,911,23,18,1,5,10,470,52,Matches,fb614c44
243,Mathias Jørgensen,dk DEN,DF,Brentford,31,1990,5.8,388,25,153,173,64,5,388,1,0,0,1,100,166,766,544,5,3,0,1,3,200,1,Matches,0db5d2c8
244,Ozan Kabak,tr TUR,DF,Norwich City,21,2000,10.2,532,63,326,201,13,5,532,20,16,80,4,20,281,1619,896,9,4,1,4,6,336,0,Matches,2d61d13a
245,Christian Kabasele,be BEL,DF,Watford,30,1991,13.3,615,102,376,224,17,11,615,3,1,33.3,2,66.7,300,1255,555,5,0,0,7,1,336,1,Matches,914ab9a1
246,Samuel Kalu,ng NGA,FW,Watford,23,1997,2.5,98,4,16,32,52,6,98,10,4,40,6,60,57,307,140,7,5,3,7,5,70,18,Matches,b8d22478
247,Hassane Kamara,ci CIV,DF,Watford,27,1994,18,1182,79,547,488,158,9,1182,30,15,50,15,50,529,2922,1403,32,14,2,16,6,505,25,Matches,19a12bed
248,Harry Kane,eng ENG,FW,Tottenham,28,1993,35.9,1387,51,137,632,639,170,1383,100,54,54,46,46,891,5061,2208,87,57,31,97,61,1095,212,Matches,21a66f6a
249,N'Golo Kanté,fr FRA,MF,Chelsea,30,1991,19.7,1545,23,275,772,515,29,1545,48,35,72.9,13,27.1,916,5063,2743,72,65,10,35,28,1156,62,Matches,b9fbae28
250,Edo Kayembe,cd COD,MF,Watford,23,1998,8.9,531,26,162,311,62,1,531,17,12,70.6,5,29.4,303,1625,716,9,6,0,10,11,326,8,Matches,f99b71de
251,Moise Kean,it ITA,FW,Everton,21,2000,0,1,0,0,1,0,0,1,0,0,,0,,1,8,0,0,1,0,0,1,2,0,Matches,3d50bcdb
252,Michael Keane,eng ENG,DF,Everton,28,1993,31,1541,232,776,717,59,32,1541,8,7,87.5,1,12.5,726,3617,1751,9,6,1,7,2,822,4,Matches,c5b7c315
253,Naby Keïta,gn GUI,MF,Liverpool,26,1995,13,933,13,121,518,303,30,933,24,15,62.5,9,37.5,514,2819,1592,39,30,8,30,10,658,42,Matches,f25c8e3a
254,Caoimhín Kelleher,ie IRL,GK,Liverpool,22,1998,2,95,71,95,0,0,0,95,0,0,,0,,64,205,126,0,0,0,0,0,58,0,Matches,62d7ef38
255,Kenedy,br BRA,DF,Chelsea,25,1996,0.6,62,1,13,21,30,4,62,1,1,100,0,0,49,253,89,2,2,1,2,3,46,10,Matches,5eebbfdf
256,Jonjoe Kenny,eng ENG,DF,Everton,24,1997,11.3,583,33,162,280,148,8,583,9,4,44.4,5,55.6,278,1113,556,9,13,2,8,3,287,25,Matches,099e666f
257,Max Kilman,eng ENG,DF,Wolves,24,1997,29.9,1846,206,925,844,92,22,1846,20,17,85,3,15,1039,5650,3243,31,23,0,21,5,1221,7,Matches,d0f72bf1
258,Joshua King,no NOR,FW,Watford,29,1992,25,837,41,106,356,389,105,836,67,30,44.8,37,55.2,430,2638,1122,41,25,20,84,42,569,157,Matches,43458538
259,Kristoffer Klaesson,no NOR,GK,Leeds United,20,2000,0.4,13,10,13,0,0,0,13,0,0,,0,,7,45,37,0,0,0,0,0,4,0,Matches,3f70db80
260,Mateusz Klich,pl POL,MF,Leeds United,31,1990,23,1253,29,259,626,386,53,1253,35,20,57.1,15,42.9,717,3666,1747,45,33,9,39,22,834,129,Matches,282679b4
261,Robin Koch,de GER,MFDF,Leeds United,25,1996,17.5,889,118,397,408,88,18,889,8,5,62.5,3,37.5,376,1538,673,3,7,1,16,6,518,14,Matches,ea6bc03a
262,Sead Kolašinac,ba BIH,DF,Arsenal,28,1993,1,23,2,13,10,0,0,23,0,0,,0,,12,21,2,0,0,0,0,0,10,0,Matches,3935e52e
263,Ibrahima Konaté,fr FRA,DF,Liverpool,22,1999,11,855,69,341,496,20,6,855,3,2,66.7,1,33.3,497,2286,1467,7,2,0,4,1,581,2,Matches,5ed9b537
264,Ezri Konsa,eng ENG,DF,Aston Villa,23,1997,27.5,1237,201,713,463,70,37,1237,9,6,66.7,3,33.3,714,2992,1722,8,5,1,10,6,789,7,Matches,0313a347
265,Cheikhou Kouyaté,sn SEN,MF,Crystal Palace,31,1989,21.9,1058,72,389,581,100,7,1058,17,13,76.5,4,23.5,477,1839,778,7,7,0,30,11,529,9,Matches,8d3c902d
266,Mateo Kovačić,hr CRO,MF,Chelsea,27,1994,17.3,1368,22,217,826,343,15,1368,51,38,74.5,13,25.5,875,5069,2523,42,63,3,18,22,1076,37,Matches,79c0821a
267,Emil Krafth,se SWE,DF,Newcastle Utd,26,1994,18.2,961,76,388,387,192,9,961,4,2,50,2,50,370,1754,1016,29,21,3,9,4,425,24,Matches,77cf6852
268,Alex Král,cz CZE,MF,West Ham,23,1998,0,2,0,0,2,0,0,2,0,0,,0,,1,2,2,0,0,0,0,0,1,0,Matches,e717705a
269,Tim Krul,nl NED,GK,Norwich City,33,1988,29,1149,953,1128,21,1,0,1149,0,0,,0,,621,3149,2036,0,0,0,1,0,506,0,Matches,f23f9d20
270,Juraj Kucka,sk SVK,MF,Watford,34,1987,21.3,1030,74,297,521,223,31,1030,33,17,51.5,16,48.5,458,2360,1013,21,20,2,48,19,514,31,Matches,5aaef9ef
271,Dejan Kulusevski,se SWE,MFFW,Tottenham,21,2000,14,643,4,97,258,297,67,643,44,25,56.8,19,43.2,399,2594,1264,51,27,24,38,18,449,100,Matches,df3cda47
272,Alexandre Lacazette,fr FRA,FW,Arsenal,30,1991,19.8,638,4,58,273,317,106,635,33,19,57.6,14,42.4,349,1538,611,19,15,13,43,29,489,106,Matches,9dbb75ca
273,Adam Lallana,eng ENG,MF,Brighton,33,1988,17.3,1123,40,243,632,255,35,1123,23,14,60.9,9,39.1,618,2312,1084,17,21,2,24,15,793,47,Matches,99813635
274,Tariq Lamptey,gh GHA,DFFW,Brighton,20,2000,17.3,1008,31,197,378,452,40,1008,61,29,47.5,32,52.5,642,4275,2285,81,51,15,46,21,695,153,Matches,f4e433d4
275,Manuel Lanzini,ar ARG,MFFW,West Ham,28,1993,19.8,1402,23,217,820,379,35,1399,36,25,69.4,11,30.6,889,4207,1876,29,37,6,31,16,1026,57,Matches,26f6dca8
276,Aymeric Laporte,es ESP,DF,Manchester City,27,1994,31.4,3135,210,1048,1937,158,42,3135,8,6,75,2,25,2325,12799,9256,51,49,0,4,7,2550,8,Matches,119b9a8e
277,Jamaal Lascelles,eng ENG,DF,Newcastle Utd,27,1993,22.9,949,221,624,262,67,52,949,2,1,50,1,50,413,1575,687,0,2,1,9,2,483,5,Matches,450ab6fc
278,Pierre Lees-Melou,fr FRA,MF,Norwich City,28,1993,25.2,1265,76,360,616,308,23,1265,30,19,63.3,11,36.7,742,3433,1533,33,26,6,27,17,822,60,Matches,f5044e54
279,Aaron Lennon,eng ENG,MFFW,Burnley,34,1987,17.2,542,21,85,222,243,42,542,30,13,43.3,17,56.7,286,1641,738,38,10,20,25,13,334,77,Matches,2ff964a0
280,Bernd Leno,de GER,GK,Arsenal,29,1992,4,125,100,125,0,0,0,125,0,0,,0,,61,326,179,0,0,0,0,0,49,0,Matches,2628fd2b
281,Jamal Lewis,nir NIR,DF,Newcastle Utd,23,1998,2.9,131,8,54,45,32,1,131,3,0,0,3,100,59,251,100,3,0,0,1,7,66,7,Matches,efb9215a
282,Victor Lindelöf,se SWE,DF,Manchester Utd,27,1994,26.2,1595,221,881,680,46,10,1595,3,3,100,0,0,919,5814,3385,14,17,3,8,1,1025,3,Matches,f5deef4c
283,Jesse Lingard,eng ENG,FWMF,Manchester Utd,28,1992,4.1,200,2,18,89,93,8,200,6,2,33.3,4,66.7,127,542,311,9,5,1,12,5,152,22,Matches,810e3c74
284,Valentino Livramento,eng ENG,DF,Southampton,18,2002,24.5,1486,74,407,675,441,47,1486,55,30,54.5,25,45.5,742,5095,2722,79,54,16,52,19,763,118,Matches,afed6722
285,Diego Llorente,es ESP,DF,Leeds United,27,1993,26,1654,193,897,720,49,11,1654,13,8,61.5,5,38.5,980,6495,4314,20,2,1,20,3,1015,1,Matches,bba30585
286,Hugo Lloris,fr FRA,GK,Tottenham,34,1986,38,1046,951,1043,3,0,0,1046,0,0,,0,,544,3199,1979,0,0,0,2,0,377,0,Matches,8f62b6ee
287,Giovani Lo Celso,ar ARG,MFFW,Tottenham,25,1996,2.6,210,1,23,100,90,10,210,15,9,60,6,40,121,831,340,10,11,2,11,3,155,15,Matches,d7553721
288,Jürgen Locadia,nl NED,MFFW,Brighton,27,1993,0.3,3,0,0,1,2,0,3,0,0,,0,,3,16,0,0,0,0,1,1,3,0,Matches,6cc47ae1
289,Ruben Loftus-Cheek,eng ENG,MFDF,Chelsea,25,1996,15.5,1172,20,182,682,327,40,1172,60,42,70,18,30,724,4399,2651,69,50,9,27,33,887,53,Matches,e97fd090
290,Kevin Long,ie IRL,DF,Burnley,30,1990,4.6,141,25,81,53,7,7,141,0,0,,0,,52,286,125,1,0,0,2,0,69,0,Matches,5a4280b1
291,Shane Long,ie IRL,FW,Southampton,34,1987,3.4,129,2,8,47,75,18,129,4,1,25,3,75,61,247,68,5,3,2,12,11,104,24,Matches,9f472354
292,Sean Longstaff,eng ENG,MF,Newcastle Utd,23,1997,16.3,775,43,201,439,138,14,775,11,6,54.5,5,45.5,372,1366,429,2,7,1,22,18,430,15,Matches,a2b105e0
293,Ademola Lookman,ng NGA,FWMF,Leicester City,23,1997,16.1,755,7,93,327,345,88,755,58,38,65.5,20,34.5,501,2680,1278,43,26,24,59,52,558,139,Matches,7c104bb7
294,Jonas Lössl,dk DEN,GK,Brentford,32,1989,2,64,46,62,2,0,0,64,0,0,,0,,37,186,103,0,0,0,0,0,34,0,Matches,939bc634
295,Imran Louza,ma MAR,MF,Watford,22,1999,15.7,911,42,236,538,160,10,911,24,14,58.3,10,41.7,385,2088,949,17,9,2,19,9,446,24,Matches,e1df6989
296,Matthew Lowton,eng ENG,DF,Burnley,32,1989,19.7,1090,94,314,507,279,5,1090,21,10,47.6,11,52.4,419,1585,915,21,14,0,11,6,481,39,Matches,9a9c05db
297,Douglas Luiz,br BRA,MF,Aston Villa,23,1998,30.2,1823,84,459,1060,319,8,1823,43,24,55.8,19,44.2,1006,5053,2345,28,16,1,50,17,1116,44,Matches,6f7d826d
298,Romelu Lukaku,be BEL,FW,Chelsea,28,1993,17.7,483,21,29,198,259,90,482,25,13,52,12,48,237,1184,570,29,15,17,37,25,360,125,Matches,5eae500a
299,Lyanco,br BRA,DF,Southampton,24,1997,10.1,530,104,272,245,19,4,530,4,4,100,0,0,280,1232,536,3,1,0,5,2,265,1,Matches,b5bf1770
300,Alexis Mac Allister,ar ARG,MFFW,Brighton,22,1998,23.6,1368,41,222,652,510,49,1365,42,21,50,21,50,719,3238,1502,30,38,2,43,23,854,66,Matches,83d074ff
301,James Maddison,eng ENG,MFFW,Leicester City,24,1996,27.3,1343,19,173,648,535,73,1343,48,31,64.6,17,35.4,851,4504,1981,53,43,13,42,32,973,141,Matches,ee38d9c5
302,Harry Maguire,eng ENG,DF,Manchester Utd,28,1993,27.9,1843,236,851,903,102,42,1843,5,4,80,1,20,1068,6087,3525,22,15,1,13,5,1212,5,Matches,d8931174
303,Riyad Mahrez,dz ALG,FW,Manchester City,30,1991,16.6,1135,11,81,318,746,127,1130,50,26,52,24,48,775,4744,2037,74,35,44,42,21,847,234,Matches,892d5bb1
304,Ainsley Maitland-Niles,eng ENG,MF,Arsenal,23,1997,3,171,8,41,97,34,0,171,8,4,50,4,50,87,393,171,2,5,0,4,5,110,8,Matches,e3a5814e
305,Sadio Mané,sn SEN,FW,Liverpool,29,1992,31.3,1492,20,94,617,806,201,1492,77,47,61,29,37.7,1027,5897,2663,105,57,45,104,59,1218,305,Matches,c691bfe2
306,Javier Manquillo,es ESP,DF,Newcastle Utd,27,1994,14,573,56,244,215,119,8,573,18,10,55.6,8,44.4,214,1018,442,6,11,0,14,3,230,25,Matches,758dd7f0
307,Fernando Marçal,br BRA,MFDF,Wolves,32,1989,16.1,1093,59,348,443,312,24,1093,14,7,50,7,50,526,2466,1447,39,26,4,25,6,624,98,Matches,9ae9eaea
308,Solly March,eng ENG,DFFW,Brighton,27,1994,19.4,961,45,149,336,488,60,961,38,23,60.5,15,39.5,545,3555,1747,71,30,20,26,29,608,148,Matches,bb5fbd2b
309,Pablo Marí,es ESP,DF,Arsenal,27,1993,2,120,14,46,71,4,3,120,0,0,,0,,68,363,202,0,0,0,2,0,67,0,Matches,aa54ec6f
310,Anthony Martial,fr FRA,FW,Manchester Utd,25,1995,2.4,109,1,8,38,65,14,109,7,4,57.1,3,42.9,74,478,274,10,5,4,6,4,97,32,Matches,8b788c01
311,Martinelli,br BRA,FWMF,Arsenal,20,2001,20.7,898,25,102,256,556,117,897,79,45,57,34,43,554,4204,2058,79,32,43,58,34,593,207,Matches,48a5a5d6
312,Emiliano Martínez,ar ARG,GK,Aston Villa,28,1992,36,1158,987,1140,19,0,0,1158,0,0,,0,,642,3642,2252,0,0,0,0,0,454,0,Matches,7956236f
313,Adam Masina,ma MAR,DF,Watford,27,1994,12,680,61,268,296,122,5,680,11,9,81.8,2,18.2,271,1311,645,9,11,0,10,1,316,12,Matches,de0f152c
314,Arthur Masuaku,cd COD,DFFW,West Ham,27,1993,7.2,479,26,138,198,145,9,479,17,10,58.8,7,41.2,223,1001,525,16,8,5,8,9,272,26,Matches,57df7a11
315,Juan Mata,es ESP,MF,Manchester Utd,33,1988,2.6,245,0,38,124,85,7,245,6,3,50,3,50,157,821,355,8,8,0,6,2,194,13,Matches,29733c72
316,Jean-Philippe Mateta,fr FRA,FW,Crystal Palace,24,1997,12.7,387,16,36,194,160,63,387,17,10,58.8,7,41.2,199,882,366,16,6,7,28,23,273,46,Matches,50e6dc35
317,Nemanja Matić,rs SRB,MF,Manchester Utd,32,1988,15.4,1215,55,335,709,182,8,1215,22,17,77.3,5,22.7,715,4173,2561,32,32,2,19,21,851,7,Matches,eb7822d7
318,Joël Matip,cm CMR,DF,Liverpool,29,1991,31,2651,232,991,1489,185,63,2651,10,9,90,1,10,1612,9763,7174,55,62,2,13,7,1837,7,Matches,b217ef29
319,Neal Maupay,fr FRA,FW,Brighton,24,1996,25.3,843,8,40,338,474,108,841,41,21,51.2,20,48.8,499,2081,808,21,34,7,53,51,615,164,Matches,4bcf39f6
320,Bryan Mbeumo,cm CMR,FW,Brentford,21,1999,32.3,1188,18,126,427,655,137,1187,80,39,48.8,41,51.3,713,4405,2052,81,39,33,87,57,828,273,Matches,6afaebf2
321,James McArthur,sct SCO,MF,Crystal Palace,33,1987,16,1127,45,271,641,226,19,1127,30,21,70,9,30,629,3305,1472,29,26,4,22,14,699,22,Matches,cee31595
322,James Mcatee,eng ENG,MFFW,Manchester City,18,2002,0.2,16,0,1,10,5,3,16,1,1,100,0,0,7,55,30,2,0,1,1,2,12,3,Matches,9.66E+93
323,Kasey McAteer,eng ENG,FW,Leicester City,19,2001,0,2,0,1,0,1,0,2,0,0,,0,,2,1,0,0,0,0,1,0,2,0,Matches,b2c66859
324,Liam McCarron,sct SCO,FW,Leeds United,20,2001,0.1,3,0,1,2,0,0,3,0,0,,0,,2,15,6,0,0,0,0,0,1,0,Matches,076bb352
325,Alex McCarthy,eng ENG,GK,Southampton,31,1989,17,536,427,533,3,0,0,536,0,0,,0,,278,1311,913,0,0,0,0,0,231,0,Matches,36c2ca73
326,John McGinn,sct SCO,MF,Aston Villa,26,1994,34.3,1754,70,346,962,466,26,1754,68,44,64.7,24,35.3,991,4882,2410,52,32,7,48,28,1075,67,Matches,90f91999
327,Stuart McKinstry,sct SCO,MF,Leeds United,18,2002,0,5,0,1,4,0,0,5,0,0,,0,,3,14,12,0,0,0,0,0,3,1,Matches,1000a059
328,Kenny McLean,sct SCO,MF,Norwich City,29,1992,30.1,1387,71,363,715,328,44,1387,30,19,63.3,11,36.7,776,3976,1631,32,25,4,41,14,903,61,Matches,471f16b3
329,Dwight McNeil,eng ENG,MF,Burnley,21,1999,34.5,1620,46,280,731,668,57,1620,150,90,60,60,40,933,6787,2598,93,81,16,79,51,942,112,Matches,fc15fb84
330,Scott McTominay,sct SCO,MF,Manchester Utd,24,1996,26.5,1585,92,386,919,297,27,1585,47,36,76.6,11,23.4,902,5275,2529,40,36,3,44,32,997,37,Matches,d93c2511
331,Ben Mee,eng ENG,DF,Burnley,31,1989,20.4,980,137,477,463,47,31,980,5,4,80,1,20,437,1967,957,3,1,0,4,0,446,2,Matches,8df7a2fb
332,Hannibal Mejbri,tn TUN,FW,Manchester Utd,18,2003,0.8,32,0,6,13,14,0,32,2,1,50,1,50,18,111,28,0,2,0,1,1,23,4,Matches,ca22ccb0
333,Benjamin Mendy,fr FRA,DF,Manchester City,27,1994,0.9,100,0,13,64,23,1,100,3,2,66.7,1,33.3,67,335,253,4,4,0,1,0,73,4,Matches,5271c8f1
334,Edouard Mendy,sn SEN,GK,Chelsea,29,1992,34,1017,880,1012,5,0,0,1017,0,0,,0,,580,2341,1233,0,0,0,2,0,527,0,Matches,33887998
335,Nampalys Mendy,sn SEN,MF,Leicester City,29,1992,11.5,725,21,186,486,58,0,725,4,4,100,0,0,470,2378,989,9,12,0,12,9,542,8,Matches,1598599e
336,Illan Meslier,fr FRA,GK,Leeds United,21,2000,37.6,1489,1295,1483,7,0,0,1489,2,2,100,0,0,856,4644,2876,0,0,0,4,0,721,0,Matches,6b625ac2
337,Luka Milivojević,rs SRB,MF,Crystal Palace,30,1991,8.6,562,21,138,315,113,1,562,2,2,100,0,0,285,1005,464,2,7,0,3,3,338,4,Matches,2ce2508a
338,James Milner,eng ENG,MFDF,Liverpool,35,1986,9.5,903,39,166,488,252,12,903,6,2,33.3,4,66.7,492,1686,798,9,9,1,12,5,624,38,Matches,2f90f6b8
339,Yerry Mina,co COL,DF,Everton,26,1994,9.4,458,85,262,172,26,14,458,0,0,,0,,218,1094,538,1,0,0,2,1,251,2,Matches,6d5701f2
340,Takumi Minamino,jp JPN,FWMF,Liverpool,26,1995,2.1,93,1,8,36,50,9,93,5,1,20,4,80,58,241,92,2,1,2,2,5,75,15,Matches,f833a830
341,Tyrone Mings,eng ENG,DF,Aston Villa,28,1993,35.4,2031,321,1168,774,108,51,2031,12,11,91.7,1,8.3,1212,6651,3776,23,17,2,17,4,1242,17,Matches,8397a50c
342,Tyrick Mitchell,eng ENG,DF,Crystal Palace,21,1999,34.5,2320,137,905,945,490,26,2320,29,16,55.2,13,44.8,1074,4380,2208,41,37,4,45,26,1188,116,Matches,5cbd1eb0
343,Jakub Moder,pl POL,MF,Brighton,22,1999,18.9,1058,36,189,432,451,61,1058,29,12,41.4,17,58.6,567,2737,1277,42,42,8,50,19,729,102,Matches,f230bc30
344,Wesley Moraes,br BRA,FW,Aston Villa,24,1996,0,3,0,0,0,3,0,3,0,0,,0,,2,5,3,0,0,0,0,0,3,0,Matches,bfae110f
345,Tyler Morton,eng ENG,MF,Liverpool,18,2002,0.7,41,0,2,33,6,0,41,0,0,,0,,24,54,12,0,1,0,2,0,23,0,Matches,2bc28bb9
346,Mason Mount,eng ENG,MF,Chelsea,22,1999,26.3,1564,17,125,524,928,137,1563,42,18,42.9,24,57.1,920,4706,2525,92,79,26,70,34,1175,276,Matches,9674002f
347,Lucas Moura,br BRA,FWMF,Tottenham,28,1992,19.7,1021,21,103,510,428,62,1021,92,56,60.9,36,39.1,649,3811,1802,48,61,9,59,33,772,87,Matches,2b622f01
348,João Moutinho,pt POR,MF,Wolves,34,1986,33,2324,63,524,1338,482,12,2324,21,16,76.2,5,23.8,1195,5504,2719,42,43,2,30,20,1486,37,Matches,f5a00fa4
349,Bali Mumba,eng ENG,DF,Norwich City,19,2001,0.5,19,8,13,3,3,0,19,1,0,0,1,100,9,44,16,1,1,0,0,0,8,0,Matches,2d760d7b
350,Jacob Murphy,eng ENG,FWDF,Newcastle Utd,26,1995,16.4,795,33,215,300,298,57,795,29,13,44.8,16,55.2,405,2839,1419,51,28,21,29,21,421,80,Matches,de112b84
351,Enock Mwepu,zm ZAM,MF,Brighton,23,1998,11.1,549,22,108,274,179,34,549,23,15,65.2,8,34.8,305,1661,867,22,16,3,26,9,339,44,Matches,1d5cab82
352,Vitaliy Mykolenko,ua UKR,DF,Everton,22,1999,11.7,603,43,197,212,200,13,603,9,3,33.3,6,66.7,227,999,433,8,6,1,11,4,241,27,Matches,30d4a2e5
353,Marvelous Nakamba,zw ZIM,MF,Aston Villa,27,1994,10,494,40,161,287,51,0,494,16,14,87.5,2,12.5,279,1135,423,5,5,0,14,10,261,0,Matches,de5b5570
354,Wilfred Ndidi,ng NGA,MFDF,Leicester City,24,1996,18,1196,97,423,653,134,17,1196,17,11,64.7,6,35.3,600,2471,992,14,10,1,25,15,659,13,Matches,6b47c5db
355,Tanguy Ndombele,fr FRA,MF,Tottenham,24,1996,5.4,339,5,43,211,92,11,339,20,11,55,9,45,216,1172,531,14,19,5,20,20,272,25,Matches,5cdddffa
356,Reiss Nelson,eng ENG,FW,Arsenal,21,1999,0.2,16,0,0,5,11,2,16,0,0,,0,,10,21,8,0,0,0,0,0,11,4,Matches,c5bdb6e3
357,Pedro Neto,pt POR,FWMF,Wolves,21,2000,5.2,308,1,21,117,174,24,308,23,12,52.2,11,47.8,206,1499,719,27,22,10,21,12,237,49,Matches,7ba2eaa9
358,Rúben Neves,pt POR,MF,Wolves,24,1997,29.6,2281,90,553,1424,332,6,2281,32,26,81.3,6,18.8,1300,5392,2607,34,34,1,33,17,1607,19,Matches,44bfb6c5
359,Jeremy Ngakia,eng ENG,DF,Watford,20,2000,10,567,41,234,226,113,2,567,17,9,52.9,8,47.1,245,1240,685,18,9,1,10,5,259,20,Matches,3631ad41
360,Saúl Ñíguez,es ESP,DFMF,Chelsea,26,1994,5.3,430,11,110,219,102,13,430,3,2,66.7,1,33.3,202,887,351,4,4,1,9,11,297,27,Matches,c14bc029
361,Eddie Nketiah,eng ENG,FW,Arsenal,22,1999,9.3,358,8,35,137,188,61,358,30,14,46.7,16,53.3,210,1478,708,27,20,11,26,11,271,66,Matches,a53649b7
362,Nicolas Nkoulou,cm CMR,DF,Watford,31,1990,1.9,73,9,36,35,2,0,73,1,1,100,0,0,35,138,34,0,0,0,0,1,41,0,Matches,93cf32a8
363,Mark Noble,eng ENG,MF,West Ham,34,1987,3.7,325,5,80,210,40,2,323,4,3,75,1,25,217,869,350,2,9,0,0,4,248,3,Matches,ff527768
364,Mathias Normann,no NOR,MF,Norwich City,25,1996,18.3,990,76,331,516,156,5,990,30,17,56.7,13,43.3,522,2631,1144,16,10,2,27,17,570,8,Matches,8996350d
365,Christian Nørgaard,dk DEN,MF,Brentford,27,1994,33.9,2079,109,571,1219,308,59,2079,27,18,66.7,9,33.3,879,3316,1627,17,22,3,26,26,1104,31,Matches,df0a4c90
366,Angelo Ogbonna,it ITA,DF,West Ham,33,1988,10.2,542,63,290,242,13,6,542,1,1,100,0,0,324,1623,741,2,0,0,2,1,376,0,Matches,74b2cd7e
367,Michael Olise,fr FRA,FWMF,Crystal Palace,19,2001,12.7,829,16,102,348,396,42,829,62,28,45.2,34,54.8,500,3377,1746,55,37,10,27,21,589,110,Matches,c4486bac
368,Robin Olsen,se SWE,GK,Aston Villa,31,1990,1,47,46,47,0,0,0,47,0,0,,0,,22,132,114,0,0,0,0,0,13,0,Matches,e7ee38c3
369,Andrew Omobamidele,ie IRL,DF,Norwich City,19,2002,4.2,279,27,138,124,18,2,279,0,0,,0,,162,897,465,6,3,0,6,0,162,1,Matches,c393a6c4
370,Tyler Onyango,eng ENG,MF,Everton,18,2003,0.3,8,0,1,3,4,1,8,1,0,0,1,100,2,4,0,0,1,0,0,0,4,0,Matches,d86a1f3e
371,Frank Onyeka,ng NGA,MF,Brentford,23,1998,11.6,470,22,119,248,109,15,470,17,11,64.7,6,35.3,245,1272,615,18,7,3,22,14,270,27,Matches,2944f86f
372,Divock Origi,be BEL,FW,Liverpool,26,1995,1.5,64,2,6,13,45,15,64,3,1,33.3,2,66.7,38,174,52,3,1,1,8,3,50,9,Matches,43a166b4
373,Alex Oxlade-Chamberlain,eng ENG,MFFW,Liverpool,27,1993,8.7,508,5,45,238,231,31,508,17,12,70.6,5,29.4,319,1945,1033,34,28,8,16,10,372,63,Matches,38c7feef
374,Cole Palmer,eng ENG,FWMF,Manchester City,19,2002,1.4,76,0,1,28,48,10,76,2,1,50,1,50,45,190,80,3,2,2,7,3,62,15,Matches,dc7f8a28
375,Emerson Palmieri,it ITA,DF,Chelsea,26,1994,0.1,2,0,0,1,1,1,2,0,0,,0,,2,3,3,0,0,0,0,0,2,1,Matches,e0bc6fdc
376,Thomas Partey,gh GHA,MF,Arsenal,28,1993,22.5,1447,62,373,828,262,22,1447,43,35,81.4,8,18.6,807,3830,1971,20,29,1,34,17,1012,11,Matches,529f49ab
377,Nicolas Pépé,ci CIV,FWMF,Arsenal,26,1995,7.7,508,12,59,152,304,56,508,44,19,43.2,25,56.8,285,1424,533,20,11,15,34,18,343,97,Matches,57e3f0c7
378,Ricardo Pereira,pt POR,DF,Leicester City,27,1993,11,816,39,247,379,198,18,816,19,11,57.9,8,42.1,372,1735,1059,28,18,5,12,6,470,34,Matches,75a72a99
379,Ayoze Pérez,es ESP,MFFW,Leicester City,28,1993,4.9,233,5,39,117,83,18,233,16,10,62.5,6,37.5,128,656,365,16,10,5,16,12,156,30,Matches,819aa8e7
380,Sonny Perkins,eng ENG,FW,West Ham,17,2004,0,,,,,,,,,,,,,,,,,,,,,,,Matches,87f12e30
381,Romain Perraud,fr FRA,DF,Southampton,23,1997,18,957,53,251,386,327,25,957,18,8,44.4,10,55.6,476,2566,1221,34,24,5,31,9,502,91,Matches,6dfd8f05
382,Kalvin Phillips,eng ENG,MF,Leeds United,25,1995,17.7,1188,65,369,668,157,7,1188,12,7,58.3,5,41.7,603,2509,1021,6,5,1,32,16,708,14,Matches,4f565d77
383,Jaden Philogene Bidace,eng ENG,FW,Aston Villa,19,2002,0.1,3,0,0,2,1,0,3,0,0,,0,,3,20,0,0,1,0,0,3,3,0,Matches,19f4d211
384,Jordan Pickford,eng ENG,GK,Everton,27,1994,35,1230,951,1189,41,0,0,1230,1,1,100,0,0,640,4569,2602,0,0,0,0,0,470,0,Matches,4806ec67
385,Erik Pieters,nl NED,DF,Burnley,32,1988,8.1,475,53,163,226,91,5,475,5,3,60,2,40,170,678,413,7,6,1,14,2,178,11,Matches,1ef37668
386,Ethan Pinnock,jm JAM,DF,Brentford,28,1993,29.9,1993,263,1063,720,217,55,1993,11,9,81.8,2,18.2,830,3502,2200,11,7,0,12,7,983,18,Matches,e541326e
387,Daniel Podence,pt POR,FWMF,Wolves,25,1995,16.5,813,1,85,342,398,52,813,66,35,53,31,47,542,3651,1803,63,47,21,35,34,625,102,Matches,7fcc71d8
388,Paul Pogba,fr FRA,MFFW,Manchester Utd,28,1993,15,1078,26,161,612,318,46,1078,54,39,72.2,15,27.8,670,3319,1820,34,26,7,42,27,843,62,Matches,867239d3
389,Nick Pope,eng ENG,GK,Burnley,29,1992,36,1194,882,1162,37,0,0,1194,0,0,,0,,565,3936,2499,0,0,0,0,0,323,0,Matches,4b40d9ca
390,Isaac Price,nir NIR,MF,Everton,17,2003,0.2,5,0,1,2,2,2,5,0,0,,0,,3,10,2,0,0,0,0,1,3,1,Matches,b9403c99
391,Teemu Pukki,fi FIN,FW,Norwich City,31,1990,36.1,816,8,42,370,416,149,813,60,27,45,33,55,429,2777,1282,62,27,35,71,42,511,186,Matches,0745b37d
392,Christian Pulisic,us USA,MFFW,Chelsea,22,1998,14.3,664,7,73,258,346,69,664,57,25,43.9,32,56.1,439,2805,1233,44,31,18,50,25,511,108,Matches,1bf33a9a
393,Przemysław Płacheta,pl POL,FWMF,Norwich City,23,1998,5.6,223,7,50,79,99,14,223,19,10,52.6,9,47.4,136,1070,520,19,7,6,7,11,139,35,Matches,3c33f9d9
394,Jesuran Rak Sakyi,eng ENG,FWMF,Crystal Palace,18,2002,0.9,41,1,6,21,14,1,41,2,0,0,2,100,25,160,81,2,1,0,3,2,27,4,Matches,45685411
395,Aaron Ramsdale,eng ENG,GK,Arsenal,23,1998,34,1258,927,1245,15,0,0,1258,1,1,100,0,0,807,4165,2486,0,0,0,1,0,630,0,Matches,466fb2c5
396,Jacob Ramsey,eng ENG,MF,Aston Villa,20,2001,27.4,1361,49,243,725,406,59,1361,48,30,62.5,18,37.5,905,6506,3090,91,63,22,58,36,993,92,Matches,1544f145
397,Raphinha,br BRA,FWMF,Leeds United,24,1996,32.4,1796,46,248,753,826,130,1792,146,62,42.5,84,57.5,991,5995,2879,89,55,40,99,35,1185,286,Matches,3423f250
398,Marcus Rashford,eng ENG,FWMF,Manchester Utd,23,1997,13.7,570,6,50,219,310,69,570,53,22,41.5,31,58.5,359,2401,1184,50,30,26,39,26,463,118,Matches,a1d5bd30
399,Milot Rashica,xk KVX,FWMF,Norwich City,25,1996,24.8,911,38,178,318,434,59,911,73,16,21.9,57,78.1,526,3977,2046,76,44,21,68,38,558,138,Matches,6c6a3300
400,David Raya,es ESP,GK,Brentford,25,1995,24,1139,874,1106,33,0,0,1139,0,0,,0,,691,3813,2250,0,0,0,2,0,576,0,Matches,98ea5115
401,Nathan Redmond,eng ENG,MFFW,Southampton,27,1994,20.4,925,24,136,353,450,46,925,39,21,53.8,18,46.2,524,3452,1745,71,46,17,28,15,602,131,Matches,ab651565
402,Sergio Reguilón,es ESP,DFMF,Tottenham,24,1996,21.3,1239,67,341,480,430,48,1239,46,19,41.3,27,58.7,647,3546,1793,63,36,18,30,13,753,144,Matches,3353737a
403,Declan Rice,eng ENG,MF,West Ham,22,1999,35.3,2548,127,638,1548,400,51,2548,72,50,69.4,22,30.6,1640,11377,5857,104,99,16,26,20,1777,44,Matches,1c7012b8
404,Taylor Richards,eng ENG,MF,Brighton,20,2000,0.3,32,0,0,17,15,0,32,1,0,0,1,100,26,108,48,1,1,0,0,0,26,7,Matches,e0243d23
405,Richarlison,br BRA,FW,Everton,24,1997,28,999,37,137,347,536,135,996,82,40,48.8,41,50,576,3374,1271,44,26,16,93,54,658,146,Matches,fa031b34
406,Jaïro Riedewald,nl NED,MF,Crystal Palace,24,1996,1.3,65,3,19,37,12,1,65,2,1,50,1,50,39,155,74,1,4,0,1,1,43,2,Matches,7a1f2c08
407,Matt Ritchie,sct SCO,DF,Newcastle Utd,31,1989,14.9,828,43,257,341,237,7,828,6,4,66.7,2,33.3,372,1353,584,8,8,1,11,5,409,40,Matches,71ef519e
408,Connor Roberts,wls WAL,DF,Burnley,25,1995,18.8,1045,76,297,482,274,18,1045,12,6,50,6,50,443,2347,1324,23,20,4,10,6,502,44,Matches,24fae784
409,Tyler Roberts,wls WAL,MFFW,Leeds United,22,1999,11,430,13,62,196,177,38,430,22,12,54.5,10,45.5,252,1552,675,17,18,5,26,14,293,63,Matches,6c17e046
410,Andrew Robertson,sct SCO,DF,Liverpool,27,1994,28.2,2556,77,528,1172,882,88,2556,23,13,56.5,10,43.5,1436,7043,4330,96,85,19,24,15,1731,239,Matches,2e4f5f03
411,Joe Rodon,wls WAL,DF,Tottenham,23,1997,1,46,12,19,27,0,0,46,0,0,,0,,22,50,11,0,0,0,0,0,24,0,Matches,8d62d31a
412,Rodri,es ESP,MF,Manchester City,25,1996,32,3171,90,585,1985,622,58,3171,22,12,54.5,10,45.5,2003,8513,4473,43,54,7,18,23,2429,47,Matches,6434f10d
413,Rodrigo,es ESP,MFFW,Leeds United,30,1991,25.2,1160,29,162,570,439,77,1159,42,22,52.4,20,47.6,670,3443,1551,47,39,9,74,27,859,164,Matches,1fb1c435
414,Jay Rodriguez,eng ENG,FW,Burnley,32,1989,15.4,492,16,74,202,220,54,492,15,8,53.3,7,46.7,230,1132,445,18,18,3,29,13,336,60,Matches,4ab53cdb
415,Mads Roerslev,dk DEN,DF,Brentford,22,1999,13.8,493,45,187,181,127,12,493,15,4,26.7,11,73.3,244,1011,394,14,12,1,9,4,259,54,Matches,57c94db2
416,Cristian Romero,ar ARG,DF,Tottenham,23,1998,20.5,1581,231,811,688,100,22,1581,14,9,64.3,5,35.7,997,5247,3167,23,22,1,14,5,1044,9,Matches,a3d94a58
417,Oriol Romeu,es ESP,MF,Southampton,29,1991,32.1,2016,82,431,1224,382,51,2016,40,30,75,10,25,1036,5261,2652,38,45,7,41,16,1243,29,Matches,4b511457
418,Cristiano Ronaldo,pt POR,FW,Manchester Utd,36,1985,27.3,1168,30,102,500,573,170,1165,32,20,62.5,12,37.5,631,3252,1744,67,40,37,50,30,952,192,Matches,dea698d9
419,Salomón Rondón,ve VEN,FW,Everton,31,1989,8.8,285,12,30,113,143,42,285,10,4,40,6,60,129,492,140,5,4,1,25,10,205,41,Matches,b318a643
420,Danny Rose,eng ENG,DF,Watford,31,1990,7.7,409,30,138,178,98,3,409,15,9,60,6,40,176,986,414,12,8,1,10,1,174,19,Matches,89d10e53
421,Jon Rowe,eng ENG,FWMF,Norwich City,18,2003,2.5,112,2,17,47,49,8,112,13,4,30.8,9,69.2,76,485,211,4,2,3,6,10,77,21,Matches,8c12f884
422,John Ruddy,eng ENG,GK,Wolves,34,1986,1.5,39,37,39,0,0,0,39,0,0,,0,,13,99,45,0,0,0,0,0,11,0,Matches,da8b19e2
423,Antonio Rüdiger,de GER,DF,Chelsea,28,1993,33.7,2820,211,1014,1521,298,48,2820,12,6,50,6,50,1782,8886,5212,54,72,3,20,8,2185,21,Matches,18b896d6
424,Lukas Rupp,de GER,MF,Norwich City,30,1991,8.5,488,21,99,264,132,16,488,27,18,66.7,9,33.3,309,1521,686,17,14,1,20,19,349,23,Matches,3faa1780
425,José Sá,pt POR,GK,Wolves,28,1993,36.5,1206,1106,1198,8,0,0,1206,4,4,100,0,0,642,4203,2879,0,1,1,2,0,400,0,Matches,903b6e8b
426,Allan Saint-Maximin,fr FRA,FWMF,Newcastle Utd,24,1997,31.2,1162,7,86,476,649,111,1162,241,150,62.2,91,37.8,859,8944,4517,180,119,63,120,90,913,167,Matches,2b16cb1a
427,Romain Saïss,ma MAR,DF,Wolves,31,1990,30.1,2163,281,1188,864,118,33,2163,10,7,70,3,30,1168,4917,2771,18,20,0,10,5,1412,9,Matches,9fbbcf39
428,Bukayo Saka,eng ENG,FWMF,Arsenal,19,2001,33.1,1631,29,175,496,979,214,1629,102,43,42.2,59,57.8,1033,6525,3662,140,78,68,85,48,1182,388,Matches,bc7dc64d
429,Mohamed Salah,eg EGY,FW,Liverpool,29,1992,30.7,1552,7,55,455,1056,301,1546,124,53,42.7,71,57.3,1030,5898,2909,125,57,97,99,81,1300,451,Matches,e342ad68
430,Mohammed Salisu,gh GHA,DF,Southampton,22,1999,33,2285,277,1038,1069,194,35,2285,16,13,81.3,3,18.8,1135,6254,3429,31,20,0,16,10,1216,7,Matches,0b33f6ad
431,Albert Sambi Lokonga,be BEL,MF,Arsenal,21,1999,12.6,929,33,217,534,185,4,929,4,3,75,1,25,606,3394,1921,28,20,1,13,8,696,16,Matches,1b4f1169
432,Davinson Sánchez,co COL,DF,Tottenham,25,1996,18.1,1317,128,558,666,99,22,1317,6,4,66.7,2,33.3,853,4246,2257,21,26,0,9,2,914,8,Matches,da7b447d
433,Robert Sánchez,es ESP,GK,Brighton,23,1997,37,1612,1185,1591,21,0,0,1612,0,0,,0,,988,5245,3617,0,0,0,0,0,931,0,Matches,6a713852
434,Jadon Sancho,eng ENG,FWMF,Manchester Utd,21,2000,21.1,1188,11,146,451,610,105,1188,85,47,55.3,38,44.7,770,5515,3067,111,70,43,44,27,928,222,Matches,dbf053da
435,Morgan Sanson,fr FRA,MF,Aston Villa,26,1994,4,223,6,45,140,47,1,223,16,13,81.3,3,18.8,146,971,489,16,10,1,5,10,141,10,Matches,6e7f1353
436,Samir Santos,br BRA,DF,Watford,26,1994,18.6,872,118,549,311,18,10,872,3,2,66.7,1,33.3,405,1676,843,1,4,1,6,3,452,2,Matches,92b4758e
437,Josh Sargent,us USA,FWMF,Norwich City,21,2000,17.5,634,32,126,248,272,56,634,32,16,50,16,50,312,1723,663,21,14,6,52,25,388,88,Matches,a8d4428b
438,Jeremy Sarmiento,ec ECU,FWMF,Brighton,19,2002,0.5,31,0,2,9,21,1,31,4,1,25,3,75,18,195,103,4,1,1,4,1,19,3,Matches,ac0d576d
439,Ismaila Sarr,sn SEN,FWMF,Watford,23,1998,20.7,720,18,93,251,393,71,719,71,34,47.9,37,52.1,493,3614,1811,79,50,23,71,40,529,158,Matches,bfdb33aa
440,Malang Sarr,fr FRA,DF,Chelsea,22,1999,6.1,555,31,208,300,48,0,555,0,0,,0,,350,1458,744,9,13,1,6,2,391,15,Matches,4315f30d
441,Dane Scarlett,eng ENG,MF,Tottenham,17,2004,0,1,0,0,1,0,0,1,1,1,100,0,0,1,12,4,0,0,0,0,0,1,0,Matches,21945a9e
442,Fabian Schär,ch SUI,DF,Newcastle Utd,29,1991,24,1234,159,644,537,74,27,1234,10,6,60,4,40,645,3685,2225,20,15,0,12,5,669,2,Matches,c8aa95da
443,Jeffrey Schlupp,gh GHA,MFFW,Crystal Palace,28,1992,20.6,971,46,235,509,243,59,971,58,35,60.3,23,39.7,520,2680,1218,31,25,11,42,33,565,60,Matches,3312f911
444,Kasper Schmeichel,dk DEN,GK,Leicester City,34,1986,37,1386,1213,1373,13,0,0,1386,1,1,100,0,0,718,3805,2301,1,0,0,2,0,600,0,Matches,53af52f3
445,Ken Sema,se SWE,MFFW,Watford,27,1993,9.5,325,19,88,133,111,15,325,27,12,44.4,15,55.6,182,1221,444,19,8,4,18,25,187,36,Matches,1770bd68
446,Nélson Semedo,pt POR,MFDF,Wolves,27,1993,23.7,1487,90,416,605,481,52,1487,64,39,60.9,25,39.1,762,4570,2599,79,63,17,51,27,846,146,Matches,d04b94db
447,Ryan Sessegnon,eng ENG,DFMF,Tottenham,21,2000,11.6,574,38,166,188,223,39,574,19,6,31.6,13,68.4,302,1779,931,30,7,10,33,12,325,80,Matches,6aa3e78b
448,Jamie Shackleton,eng ENG,DFMF,Leeds United,21,1999,7.9,499,26,190,225,91,14,499,17,11,64.7,6,35.3,246,1329,719,20,13,4,5,2,276,20,Matches,8d03ca5a
449,Luke Shaw,eng ENG,DF,Manchester Utd,26,1995,17.8,1316,55,293,597,436,15,1316,14,7,50,7,50,682,3798,2191,48,42,3,11,14,836,69,Matches,9c94165b
450,Jonjo Shelvey,eng ENG,MF,Newcastle Utd,29,1992,22,1113,56,317,648,167,3,1113,12,9,75,3,25,559,2486,1011,11,12,1,19,5,640,7,Matches,3727dd3c
451,Shola Shoretire,eng ENG,MF,Manchester Utd,17,2004,0.2,6,1,2,0,4,0,6,0,0,,0,,3,17,3,0,0,0,0,0,3,1,Matches,00f0482f
452,Francisco Sierralta,cl CHI,DF,Watford,24,1997,4.7,248,60,187,59,2,2,248,2,2,100,0,0,118,587,299,1,0,0,1,0,137,0,Matches,0f933743
453,Bernardo Silva,pt POR,MFFW,Manchester City,26,1994,31.7,2283,36,290,1009,1002,179,2283,92,53,57.6,39,42.4,1552,9305,5010,146,102,34,54,25,1766,277,Matches,3eb22ec9
454,Fábio Silva,pt POR,FW,Wolves,19,2002,6.4,201,1,11,92,102,37,201,19,7,36.8,12,63.2,97,668,417,14,13,4,18,14,143,41,Matches,e7aa9d7c
455,Thiago Silva,br BRA,DF,Chelsea,36,1984,29.4,2902,363,1255,1571,84,24,2902,7,6,85.7,1,14.3,1846,9914,6409,14,24,0,7,3,2168,2,Matches,86e7deaf
456,Ellis Simms,eng ENG,FW,Everton,20,2001,0.7,18,2,3,10,5,0,18,0,0,,0,,3,9,3,0,0,0,1,1,13,2,Matches,26d3b5be
457,Moussa Sissoko,fr FRA,MF,Watford,31,1989,35.8,1554,125,417,849,325,36,1554,76,52,68.4,24,31.6,746,3992,2076,51,35,3,49,53,822,71,Matches,2acd49b9
458,Oliver Skipp,eng ENG,MF,Tottenham,20,2000,15,973,26,171,653,152,11,973,6,4,66.7,2,33.3,581,2877,1454,27,28,3,15,11,711,18,Matches,6250083a
459,William Smallbone,ie IRL,MFFW,Southampton,21,2000,1.5,54,2,11,22,22,3,54,0,0,,0,,23,145,84,4,3,0,3,0,27,7,Matches,5e105217
460,Emile Smith Rowe,eng ENG,MFFW,Arsenal,21,2000,21.3,1025,19,142,418,479,62,1025,53,32,60.4,21,39.6,636,3990,2131,65,44,20,41,25,749,139,Matches,17695062
461,Cédric Soares,pt POR,DF,Arsenal,29,1991,16.5,1252,52,320,568,376,13,1252,12,8,66.7,4,33.3,677,2841,1224,17,22,1,15,11,769,56,Matches,839c14e1
462,Tomáš Souček,cz CZE,MF,West Ham,26,1995,34,1759,151,468,963,340,86,1759,16,10,62.5,6,37.5,802,3715,1522,36,24,3,40,16,1026,54,Matches,6613c819
463,Boubakary Soumaré,fr FRA,MF,Leicester City,22,1999,12.2,664,28,174,396,101,7,664,24,14,58.3,10,41.7,359,1772,585,10,16,1,25,13,475,16,Matches,ae59b359
464,Çağlar Söyüncü,tr TUR,DF,Leicester City,25,1996,27.7,2216,284,1186,982,65,16,2216,8,4,50,4,50,1393,6984,3401,19,15,0,9,3,1509,5,Matches,21166ff4
465,Tony Springett,eng ENG,MFFW,Norwich City,18,2002,1.6,52,2,15,22,18,5,52,2,1,50,1,50,39,324,203,8,2,3,2,3,39,11,Matches,35be8087
466,Jason Steele,eng ENG,GK,Brighton,30,1990,1,41,37,41,1,0,0,41,0,0,,0,,19,98,28,0,0,0,0,0,28,0,Matches,28300a16
467,Jed Steer,eng ENG,GK,Aston Villa,28,1992,1,38,34,37,1,0,0,38,0,0,,0,,19,123,70,0,0,0,0,0,18,0,Matches,a8a3d139
468,Zack Steffen,us USA,GK,Manchester City,26,1995,1,42,38,42,0,0,0,42,0,0,,0,,19,86,40,0,0,0,0,0,20,0,Matches,42130443
469,Dale Stephens,eng ENG,MF,Burnley,32,1989,1.4,71,3,10,54,7,0,71,0,0,,0,,25,102,26,0,1,0,2,0,35,1,Matches,653ee42d
470,Jack Stephens,eng ENG,DF,Southampton,27,1994,9,566,77,288,260,21,3,566,2,2,100,0,0,307,1542,991,7,9,0,2,1,318,3,Matches,6adbc307
471,Raheem Sterling,eng ENG,FW,Manchester City,26,1994,23.6,1173,8,51,339,797,191,1170,112,53,47.3,59,52.7,886,5297,2574,108,54,65,62,54,991,317,Matches,b400bde0
472,Finley Stevens,wls WAL,DF,Brentford,18,2003,0.2,9,1,1,5,3,1,9,0,0,,0,,5,17,4,0,0,0,0,0,5,2,Matches,7e003182
473,John Stones,eng ENG,DF,Manchester City,27,1994,12.4,1072,82,356,631,91,10,1072,9,8,88.9,1,11.1,768,4519,2638,28,23,0,4,1,846,7,Matches,5eecec3d
474,Pascal Struijk,nl NED,DFMF,Leeds United,21,1999,22.8,1533,172,801,653,85,21,1533,3,2,66.7,1,33.3,803,3748,2049,8,5,0,18,5,932,10,Matches,f4d296e4
475,Crysencio Summerville,nl NED,MFFW,Leeds United,19,2001,1.4,93,1,16,26,51,9,93,7,4,57.1,3,42.9,56,309,159,5,0,0,4,2,62,16,Matches,df04eb4b
476,Jakob Sørensen,dk DEN,MFDF,Norwich City,23,1998,6.7,381,33,154,195,37,8,381,4,3,75,1,25,219,1063,524,4,1,0,2,2,233,4,Matches,953c30b0
477,Japhet Tanganga,eng ENG,DF,Tottenham,22,1999,8.2,493,45,163,241,94,10,493,7,5,71.4,2,28.6,275,1388,782,13,11,2,7,5,315,21,Matches,e9971f2d
478,Matt Targett,eng ENG,DF,Aston Villa,25,1995,15.9,984,60,293,437,259,15,984,6,1,16.7,5,83.3,466,1618,886,19,16,2,9,4,543,79,Matches,e514ab62
479,Matt Targett,eng ENG,DF,Newcastle Utd,25,1995,16,940,60,308,404,233,11,940,17,10,58.8,7,41.2,358,1217,562,11,8,2,13,5,420,40,Matches,e514ab62
480,James Tarkowski,eng ENG,DF,Burnley,28,1992,34.5,1623,276,819,702,115,67,1623,7,5,71.4,2,28.6,596,2550,1226,3,6,0,13,5,702,11,Matches,15ea812b
481,Nuno Tavares,pt POR,DF,Arsenal,21,2000,13.1,902,51,278,346,291,39,902,36,18,50,18,50,510,3094,1682,47,29,12,29,13,560,91,Matches,a65c844b
482,Charlie Taylor,eng ENG,DF,Burnley,27,1993,30.3,1744,170,591,730,442,13,1744,53,27,50.9,26,49.1,759,5150,2143,58,36,7,31,15,816,77,Matches,cc2d7ad5
483,Nathan Tella,eng ENG,MFFW,Southampton,22,1999,8.9,324,8,60,126,150,20,324,26,10,38.5,16,61.5,194,1473,671,22,22,4,40,24,183,44,Matches,f1e94cd6
484,Alex Telles,br BRA,DF,Manchester Utd,28,1992,18.4,1396,66,407,562,438,18,1396,22,12,54.5,10,45.5,745,3421,1904,36,37,1,15,10,850,102,Matches,e73c9bb2
485,Luke Thomas,eng ENG,DF,Leicester City,20,2001,21.2,1533,86,489,737,316,15,1533,23,15,65.2,8,34.8,744,2969,1632,28,28,2,33,20,882,59,Matches,fc027d02
486,Dominic Thompson,eng ENG,DF,Brentford,21,2000,1.6,57,8,31,15,12,2,57,2,0,0,2,100,25,96,37,0,0,0,2,0,29,3,Matches,235a62f8
487,Youri Tielemans,be BEL,MF,Leicester City,24,1997,29.2,2111,78,447,1219,470,36,2109,39,25,64.1,14,35.9,1127,4219,2154,31,36,5,44,30,1514,69,Matches,56f7a928
488,Kieran Tierney,sct SCO,DF,Arsenal,24,1997,21.3,1347,62,338,581,436,35,1347,23,9,39.1,14,60.9,730,3752,2187,62,32,7,18,8,832,128,Matches,fce2302c
489,Takehiro Tomiyasu,jp JPN,DF,Arsenal,22,1998,18.7,1310,73,402,632,285,20,1310,15,9,60,6,40,633,3064,1472,32,26,4,27,12,743,41,Matches,b3af9be1
490,James Tomkins,eng ENG,DF,Crystal Palace,32,1989,6.1,373,78,260,104,9,8,373,1,1,100,0,0,211,797,313,1,0,0,2,0,249,1,Matches,e7ca0439
491,Ivan Toney,eng ENG,FW,Brentford,25,1996,32.3,1198,53,144,515,550,158,1193,50,24,48,26,52,640,2577,1042,28,26,13,109,44,910,168,Matches,e09f279b
492,Ferrán Torres,es ESP,FW,Manchester City,21,2000,3.4,100,0,7,27,66,24,100,6,4,66.7,2,33.3,57,246,90,5,1,3,4,2,77,26,Matches,9e1035f8
493,Cenk Tosun,tr TUR,MF,Everton,30,1991,0.1,3,0,0,3,0,0,3,0,0,,0,,3,2,0,0,0,0,1,0,2,0,Matches,9a104dee
494,Andros Townsend,eng ENG,MFFW,Everton,30,1991,16.2,708,13,118,257,343,27,707,48,26,54.2,22,45.8,400,2570,1151,41,28,7,44,19,430,100,Matches,b28bbd58
495,Adama Traoré,es ESP,FWMF,Wolves,25,1996,11.9,474,3,47,189,265,51,474,102,83,81.4,19,18.6,341,3864,2076,84,42,25,46,29,397,85,Matches,9a28eba4
496,Bertrand Traoré,bf BFA,MFFW,Aston Villa,25,1995,2.4,125,1,6,58,63,14,125,19,10,52.6,9,47.4,92,768,271,12,4,6,12,2,94,13,Matches,c47541e0
497,Trézéguet,eg EGY,FW,Aston Villa,26,1994,0.1,10,0,0,3,7,1,10,1,1,100,0,0,9,60,19,0,0,0,2,0,9,4,Matches,3ae14ed1
498,Francisco Trincão,pt POR,FWMF,Wolves,21,1999,14.8,676,2,64,309,316,46,676,86,44,51.2,42,48.8,396,2896,1504,56,27,16,45,18,470,93,Matches,77e39b04
499,Kieran Trippier,eng ENG,DF,Newcastle Utd,30,1990,4.8,339,22,109,155,79,0,339,3,1,33.3,2,66.7,106,317,169,2,3,1,1,1,129,8,Matches,21512407
500,William Troost-Ekong,ng NGA,DF,Watford,27,1993,15.4,749,146,470,266,17,7,749,2,1,50,1,50,414,2060,1341,7,0,0,5,0,433,3,Matches,7ed4921e
501,Leandro Trossard,be BEL,FWMF,Brighton,26,1994,31.2,1535,23,146,573,834,151,1534,80,56,70,24,30,987,5847,2686,97,52,43,93,73,1163,222,Matches,38ceb24a
502,Kostas Tsimikas,gr GRE,DF,Liverpool,25,1996,9.7,809,39,170,313,332,32,809,20,8,40,12,60,430,2581,1422,48,22,7,8,5,485,109,Matches,f315ca93
503,Axel Tuanzebe,eng ENG,DF,Aston Villa,23,1997,5.6,280,42,157,117,8,6,280,0,0,,0,,177,747,423,1,0,0,3,0,181,0,Matches,2baec6ce
504,Ozan Tufan,tr TUR,MF,Watford,26,1995,3.7,155,4,22,87,47,9,155,6,3,50,3,50,70,422,136,2,3,1,5,3,90,13,Matches,17d45fb2
505,Christos Tzolis,gr GRE,FWMF,Norwich City,19,2002,3.7,140,4,25,43,73,18,140,2,0,0,2,100,90,426,213,8,7,4,10,4,100,31,Matches,9f333379
506,Yan Valery,tn TUN,DF,Southampton,22,1999,4.1,213,19,81,104,28,0,213,5,1,20,4,80,106,562,234,3,4,0,1,2,95,4,Matches,531a4aa8
507,Virgil van Dijk,nl NED,DF,Liverpool,30,1991,34,2894,300,1296,1514,90,57,2894,8,6,75,2,25,1717,6530,3379,11,4,0,5,3,2096,4,Matches,e06683ca
508,Raphaël Varane,fr FRA,DF,Manchester Utd,28,1993,20.3,1336,162,645,659,40,15,1336,3,2,66.7,1,33.3,818,4704,2662,11,8,0,7,0,897,2,Matches,9f8e9423
509,Jamie Vardy,eng ENG,FW,Leicester City,34,1987,20.1,409,18,26,152,234,104,409,22,9,40.9,13,59.1,200,1392,748,37,17,25,25,8,273,112,Matches,45963054
510,Joël Veltman,nl NED,DF,Brighton,29,1992,31.9,2235,176,811,1053,389,25,2235,32,16,50,16,50,1139,4847,2093,25,24,2,28,10,1249,65,Matches,dad4b285
511,Jannik Vestergaard,dk DEN,DF,Leicester City,28,1992,6.3,457,93,255,192,10,5,457,4,4,100,0,0,273,1189,563,2,3,0,4,0,308,0,Matches,1900032e
512,Nikola Vlašić,hr CRO,FWMF,West Ham,23,1997,6.2,277,1,31,126,126,22,277,18,9,50,9,50,179,1223,538,21,12,10,12,9,209,48,Matches,aa8e289e
513,Matěj Vydra,cz CZE,FW,Burnley,29,1992,7.5,208,9,22,64,124,36,208,13,6,46.2,7,53.8,119,452,132,2,4,2,30,9,140,43,Matches,0d4ceb32
514,Theo Walcott,eng ENG,MFFW,Southampton,32,1989,4.2,125,3,26,41,60,18,125,3,1,33.3,2,66.7,71,371,109,3,2,3,10,1,86,19,Matches,1ecb65be
515,Kyle Walker,eng ENG,DF,Manchester City,31,1990,19.5,1770,39,344,1045,387,23,1770,14,7,50,7,50,1128,4752,2145,43,36,5,15,6,1356,65,Matches,86dd77d1
516,Kyle Walker-Peters,eng ENG,DF,Southampton,24,1997,29.3,1715,86,427,714,608,76,1715,95,64,67.4,31,32.6,941,6571,3883,134,92,33,42,43,981,165,Matches,984a5a64
517,Aaron Wan-Bissaka,eng ENG,DF,Manchester Utd,23,1997,19.9,1365,75,454,565,366,28,1365,61,36,59,25,41,716,4088,2131,55,41,8,23,13,815,90,Matches,9e525177
518,Danny Ward,wls WAL,GK,Leicester City,28,1993,1,37,33,37,0,0,0,37,0,0,,0,,24,82,56,0,0,0,0,0,17,0,Matches,d3ce0e89
519,Joel Ward,eng ENG,DF,Crystal Palace,31,1989,27.6,2038,150,783,938,330,12,2038,26,20,76.9,6,23.1,1028,4386,2409,27,24,0,29,18,1212,37,Matches,8a7ff278
520,James Ward-Prowse,eng ENG,MF,Southampton,26,1994,35.7,2438,77,415,1288,748,20,2434,20,12,60,8,40,1070,3992,1726,21,29,3,20,25,1362,42,Matches,3515d404
521,Ollie Watkins,eng ENG,FW,Aston Villa,25,1995,32.8,1046,30,61,423,575,173,1045,68,37,54.4,31,45.6,630,3174,1581,74,32,49,86,53,820,226,Matches,aed3a70f
522,Adam Webster,eng ENG,DF,Brighton,26,1995,15.9,1323,120,582,661,88,13,1323,12,10,83.3,2,16.7,763,4197,2676,19,21,1,8,1,907,7,Matches,c40b6180
523,Wout Weghorst,nl NED,FW,Burnley,28,1992,16.1,626,20,67,305,257,58,626,23,13,56.5,10,43.5,291,1089,310,7,9,3,40,29,414,81,Matches,c4e87b8b
524,Danny Welbeck,eng ENG,FWMF,Brighton,30,1990,16.4,471,20,34,146,293,71,471,21,10,47.6,11,52.4,277,1341,514,22,12,8,51,22,358,105,Matches,ce5143da
525,Timo Werner,de GER,FWMF,Chelsea,25,1996,14.3,550,2,31,170,357,110,550,33,10,30.3,23,69.7,323,2246,1009,46,17,29,34,19,442,144,Matches,49fe9070
526,Ashley Westwood,eng ENG,MF,Burnley,31,1990,25.4,1415,45,223,826,379,16,1415,18,10,55.6,8,44.4,628,2394,948,12,12,3,29,14,804,27,Matches,495945ef
527,Ben White,eng ENG,DF,Arsenal,23,1997,32,2145,220,994,1051,114,19,2145,20,10,50,10,50,1295,6680,4213,38,15,1,18,11,1442,4,Matches,35e413f1
528,Brandon Williams,eng ENG,DF,Norwich City,20,2000,23.6,1415,110,524,594,318,30,1415,39,20,51.3,19,48.7,784,5226,2711,57,47,9,39,17,781,58,Matches,5e74d6c8
529,Neco Williams,wls WAL,DF,Liverpool,20,2001,0.1,10,0,1,5,4,1,10,1,1,100,0,0,7,39,29,1,0,1,0,0,9,2,Matches,dd323728
530,Joe Willock,eng ENG,MF,Newcastle Utd,21,1999,22.6,864,19,194,414,283,59,864,71,36,50.7,35,49.3,494,3203,1571,48,30,14,56,20,496,77,Matches,a3b03921
531,Callum Wilson,eng ENG,FW,Newcastle Utd,29,1992,15.4,320,12,29,125,169,69,318,21,10,47.6,11,52.4,192,829,309,14,9,15,59,27,243,52,Matches,c596fcb0
532,Harry Winks,eng ENG,MF,Tottenham,25,1996,10.1,768,21,162,473,142,2,768,15,8,53.3,7,46.7,538,2446,973,10,14,1,16,6,592,18,Matches,2f7acede
533,Yoane Wissa,cd COD,FW,Brentford,24,1996,14.3,419,12,57,175,195,47,419,30,19,63.3,11,36.7,241,1217,557,19,12,6,34,6,284,84,Matches,2500cef9
534,Chris Wood,nz NZL,FW,Burnley,29,1991,15.2,431,7,19,196,217,46,431,8,4,50,4,50,172,489,164,5,2,2,40,12,342,69,Matches,4e9a0555
535,Chris Wood,nz NZL,FW,Newcastle Utd,29,1991,14.7,461,14,41,243,178,49,460,10,2,20,8,80,193,559,144,5,7,1,44,8,356,60,Matches,4e9a0555
536,Freddie Woodman,eng ENG,GK,Newcastle Utd,24,1997,4,128,114,128,0,0,0,128,0,0,,0,,65,417,198,0,0,0,0,0,48,0,Matches,19e50035
537,Granit Xhaka,ch SUI,MFDF,Arsenal,28,1992,25.9,1786,61,311,1028,461,36,1786,26,19,73.1,7,26.9,1030,4746,2374,39,29,4,23,23,1297,67,Matches,e61b8aee
538,Andriy Yarmolenko,ua UKR,FWMF,West Ham,31,1989,3.5,147,6,23,48,76,19,147,8,3,37.5,5,62.5,92,529,271,12,3,8,4,1,117,28,Matches,849c826a
539,Ashley Young,eng ENG,DFFW,Aston Villa,36,1985,13.9,756,37,207,349,214,14,756,16,9,56.3,7,43.8,428,2105,1080,27,16,7,11,3,471,57,Matches,be927d03
540,Nathan Young-Coombes,eng ENG,MF,Brentford,18,2003,0,1,0,0,0,1,0,1,0,0,,0,,1,0,0,0,0,0,1,0,1,0,Matches,f9682888
541,Wilfried Zaha,ci CIV,FW,Crystal Palace,28,1992,30.7,1443,11,155,594,720,129,1436,152,75,49.3,77,50.7,1058,6768,3179,113,75,47,124,110,1128,265,Matches,b2bc3b1f
542,Christoph Zimmermann,de GER,DF,Norwich City,28,1993,1.7,77,10,39,35,3,1,77,1,1,100,0,0,47,336,165,1,0,0,0,0,46,0,Matches,2d5f03bf
543,Oleksandr Zinchenko,ua UKR,DF,Manchester City,24,1996,11.6,1169,24,189,622,364,21,1169,12,7,58.3,5,41.7,720,3163,1844,32,36,2,10,6,879,88,Matches,51cf8561
544,Hakim Ziyech,ma MAR,MFFW,Chelsea,28,1993,14.7,968,9,80,345,553,52,968,65,28,43.1,37,56.9,646,3238,1463,50,31,20,45,24,707,142,Matches,6622454d
545,Kurt Zouma,fr FRA,DF,West Ham,26,1994,23.1,1247,245,702,520,34,15,1247,3,1,33.3,2,66.7,712,3270,1767,11,6,0,6,0,774,2,Matches,ce4246f5
546,Martin Ødegaard,no NOR,MFFW,Arsenal,22,1998,30.9,1867,16,197,886,796,59,1867,46,25,54.3,21,45.7,1133,5740,2460,57,58,10,39,48,1375,146,Matches,79300479