﻿,,,,,,,,Touches,Touches,Touches,Touches,Touches,Touches,Touches,Take-Ons,Take-Ons,Take-Ons,Take-Ons,Take-Ons,Carries,Carries,Carries,Carries,Carries,Carries,Carries,Carries,Receiving,Receiving,,#NAME?
Rk,Player,Nation,Pos,Squad,Age,Born,90s,Touches,Def Pen,Def 3rd,Mid 3rd,Att 3rd,Att Pen,Live,Att,Succ,Succ%,Tkld,Tkld%,Carries,TotDist,PrgDist,PrgC,3-Jan,CPA,Mis,Dis,Rec,PrgR,Matches,-9999
1,Tammy Abraham,eng ENG,FW,Roma,23,1997,34.3,1064,32,73,508,495,173,1061,77,38,49.4,39,50.6,494,2592,1129,41,31,22,86,41,736,199,Matches,f586779e
2,Francesco Acerbi,it ITA,DF,Lazio,33,1988,28.2,2295,268,1102,1143,59,22,2295,6,4,66.7,2,33.3,1364,6893,4301,31,19,0,13,4,1641,10,Matches,b96b595c
3,Michel Aebischer,ch SUI,MF,Bologna,24,1997,4.9,292,12,68,171,56,8,292,4,1,25,3,75,143,635,297,2,2,2,9,5,196,9,Matches,f9c927de
4,Felix Afena-Gyan,gh GHA,FWMF,Roma,18,2003,7.4,278,0,17,91,175,39,278,20,5,25,15,75,193,1367,519,19,16,9,42,21,212,77,Matches,0154d290
5,Kevin Agudelo,co COL,MFFW,Spezia,22,1998,13.7,583,10,72,266,262,32,583,51,28,54.9,23,45.1,323,2163,1155,41,35,15,40,37,374,56,Matches,46fa7204
6,Ola Aina,ng NGA,DF,Torino,24,1996,16,950,48,227,441,294,27,950,40,18,45,22,55,483,2872,1398,42,34,7,32,10,530,78,Matches,246d153b
7,Marley Aké,fr FRA,FWMF,Juventus,20,2001,0.9,24,0,4,12,9,0,24,2,0,0,2,100,18,186,76,3,2,0,3,1,18,4,Matches,414e1f69
8,Jean-Daniel Akpa-Akpro,ci CIV,MF,Lazio,28,1992,3.5,166,10,45,88,37,1,166,10,6,60,4,40,89,417,216,5,4,0,13,4,107,8,Matches,fdf4b948
9,Luis Alberto,es ESP,MF,Lazio,28,1992,26.1,2177,16,259,1216,728,30,2177,44,27,61.4,17,38.6,1343,6796,3999,84,89,7,29,23,1682,89,Matches,5294a83f
10,Giorgio Altare,it ITA,DF,Cagliari,22,1998,16.3,1000,96,426,456,129,25,1000,10,8,80,2,20,461,1852,925,13,15,0,6,3,479,10,Matches,aa5322d5
11,Wisdom Amey,it ITA,DF,Bologna,15,2005,0.8,41,1,17,23,2,0,41,1,0,0,1,100,19,125,68,0,1,0,0,0,17,0,Matches,35b4bc62
12,Kelvin Amian,fr FRA,DF,Spezia,23,1998,29.4,1446,122,592,577,294,34,1446,37,23,62.2,14,37.8,670,3141,1537,38,25,5,27,20,739,50,Matches,bcc81786
13,Nadiem Amiri,de GER,MFFW,Genoa,24,1996,7.6,402,1,34,197,177,16,402,29,12,41.4,17,58.6,238,1400,672,17,27,2,33,13,277,34,Matches,555d5edd
14,Ethan Ampadu,wls WAL,MFDF,Venezia,20,2000,25.4,1472,125,587,706,194,12,1472,17,13,76.5,4,23.5,712,3664,1759,26,23,3,19,10,767,23,Matches,10b9fa99
15,Sofyan Amrabat,ma MAR,MF,Fiorentina,24,1996,10.5,799,28,176,530,101,0,799,12,10,83.3,2,16.7,506,2432,1014,13,9,0,9,6,572,3,Matches,5a2cb25d
16,Felipe Anderson,br BRA,FW,Lazio,28,1993,32.1,1869,31,204,846,850,130,1869,108,58,53.7,50,46.3,1091,7188,4004,142,101,48,88,38,1335,264,Matches,9f1893b9
17,Ebenezer Annan,gh GHA,DF,Bologna,18,2002,0.3,14,0,4,7,3,0,14,0,0,,0,,4,35,29,2,1,0,0,0,4,0,Matches,39aa05a7
18,Cristian Ansaldi,ar ARG,DF,Torino,34,1986,7.7,500,22,106,206,190,14,500,16,8,50,8,50,288,1532,790,24,10,7,16,4,293,40,Matches,bbafc0c4
19,Janis Antiste,fr FRA,FW,Spezia,18,2002,8.8,312,6,63,119,135,39,312,21,8,38.1,13,61.9,156,995,395,10,6,8,24,7,192,60,Matches,38d9ce53
20,Mattia Aramu,it ITA,MFFW,Venezia,26,1995,23.3,1042,22,103,438,514,36,1038,38,17,44.7,21,55.3,580,2939,1312,39,22,5,43,24,650,117,Matches,0847b5a5
21,Marko Arnautović,at AUT,FW,Bologna,32,1989,29.9,1203,19,72,525,618,154,1200,59,37,62.7,22,37.3,639,2856,903,34,21,16,81,36,941,221,Matches,459419
22,Tolgay Arslan,de GER,MF,Udinese,30,1990,18.4,866,34,166,499,216,19,866,34,22,64.7,12,35.3,463,2699,1387,35,29,4,27,15,518,35,Matches,963a328b
23,Arthur,br BRA,FW,Fiorentina,23,1998,8.3,231,10,30,116,90,42,231,14,9,64.3,5,35.7,117,797,330,8,6,4,17,8,163,27,Matches,a820e429
24,Kristoffer Askildsen,no NOR,MF,Sampdoria,20,2001,8.4,323,36,101,160,66,8,323,5,4,80,1,20,138,602,239,5,4,1,9,5,157,11,Matches,a69cc629
25,Kristjan Asllani,al ALB,MF,Empoli,19,2002,15,897,48,274,498,130,5,897,10,7,70,3,30,573,2653,1112,10,11,2,18,7,596,19,Matches,0fdcef0e
26,Emil Audero,it ITA,GK,Sampdoria,24,1997,28.4,1076,953,1074,2,0,0,1076,0,0,,0,,593,2866,1726,0,0,0,0,0,501,0,Matches,649b01d8
27,Tommaso Augello,it ITA,DF,Sampdoria,26,1994,26.6,1614,96,616,633,384,14,1614,44,23,52.3,21,47.7,867,4352,2402,60,30,2,29,13,898,100,Matches,3cd3b384
28,Ramzi Aya,it ITA,DF,Salernitana,30,1990,1.5,33,4,11,18,4,0,33,0,0,,0,,16,47,30,0,0,0,0,0,15,2,Matches,6a1f66a7
29,Kaan Ayhan,tr TUR,DF,Sassuolo,26,1994,15,999,115,477,504,21,5,999,1,1,100,0,0,574,3300,2328,19,3,0,2,0,692,2,Matches,2200181e
30,Milan Badelj,hr CRO,MF,Genoa,32,1989,31.6,1922,76,466,1186,297,25,1922,50,34,68,16,32,944,3678,1469,19,32,6,47,26,1119,24,Matches,e8c930bb
31,Nicola Bagnolini,it ITA,GK,Bologna,17,2004,0,4,4,4,0,0,0,4,0,0,,0,,2,16,15,0,0,0,0,0,0,0,Matches,ad263695
32,Issa Bah,lu LUX,FW,Venezia,19,2002,0.1,8,0,1,6,1,0,8,0,0,,0,,5,23,12,0,0,0,0,2,4,1,Matches,956a78ea
33,Nedim Bajrami,al ALB,MFFW,Empoli,22,1999,22.8,1119,10,75,444,621,89,1116,71,42,59.2,29,40.8,639,4134,2072,72,39,27,55,34,742,177,Matches,f42d6c13
34,Tiemoué Bakayoko,fr FRA,MF,Milan,26,1994,5.6,374,16,83,236,59,4,374,7,4,57.1,3,42.9,184,915,381,3,7,0,3,4,242,1,Matches,59bf127b
35,Tommaso Baldanzi,it ITA,FW,Empoli,18,2003,0.2,10,0,0,2,8,0,10,0,0,,0,,7,19,6,0,0,0,2,0,8,2,Matches,102e2599
36,Keita Baldé,sn SEN,FW,Cagliari,26,1995,13.7,411,6,23,183,209,51,411,18,6,33.3,12,66.7,234,977,342,14,12,4,49,10,305,73,Matches,509a4ccb
37,Fodé Ballo-Touré,sn SEN,DF,Milan,24,1997,5,329,9,61,162,109,14,329,10,5,50,5,50,188,1190,642,17,10,0,5,6,196,48,Matches,f449640d
38,Filippo Bandinelli,it ITA,MF,Empoli,26,1995,21.7,976,54,213,423,354,43,976,39,17,43.6,22,56.4,564,3152,1755,57,42,10,40,25,627,101,Matches,d44360be
39,Mattia Bani,it ITA,DF,Genoa,27,1993,13.5,642,129,383,240,25,18,642,1,1,100,0,0,248,1193,552,1,1,0,8,0,262,1,Matches,0821331c
40,Antonín Barák,cz CZE,MFFW,Hellas Verona,26,1994,26,1376,40,185,723,488,91,1372,55,31,56.4,24,43.6,851,4966,2391,68,51,16,42,54,1039,124,Matches,01efac19
41,Francesco Bardi,it ITA,GK,Bologna,29,1992,2,54,49,54,0,0,0,54,0,0,,0,,25,142,83,0,0,0,0,0,22,0,Matches,0acda699
42,Nicolò Barella,it ITA,MF,Inter,24,1997,32.4,2199,28,344,1133,757,95,2199,64,37,57.8,27,42.2,1427,8196,4128,114,69,15,56,38,1703,204,Matches,6928979a
43,Musa Barrow,gm GAM,FWMF,Bologna,22,1998,23.7,1193,6,118,495,600,78,1193,63,31,49.2,32,50.8,753,4411,2030,61,51,22,63,52,911,158,Matches,e5bf73f3
44,Daniele Baselli,it ITA,MFFW,Torino,29,1992,1.7,102,4,25,45,33,3,102,2,1,50,1,50,49,256,106,1,5,0,3,0,62,11,Matches,ea06dd97
45,Daniele Baselli,it ITA,MF,Cagliari,29,1992,3.2,189,5,40,89,62,2,189,9,4,44.4,5,55.6,103,502,191,4,6,0,5,8,107,5,Matches,ea06dd97
46,Toma Bašić,hr CRO,MF,Lazio,24,1996,10.9,570,27,95,331,148,24,570,14,7,50,7,50,318,1627,644,18,15,2,17,6,404,44,Matches,80556f08
47,Alessandro Bastoni,it ITA,DF,Inter,22,1999,25.7,2036,242,881,956,218,18,2036,19,11,57.9,8,42.1,1280,5399,3236,30,30,5,21,5,1448,34,Matches,75b86fb3
48,Simone Bastoni,it ITA,MFDF,Spezia,24,1996,25.4,1546,68,403,716,461,28,1546,68,42,61.8,26,38.2,804,4624,2198,50,45,6,61,32,887,89,Matches,1ac232b8
49,Rodrigo Becão,br BRA,DF,Udinese,25,1996,34.8,1755,200,852,744,175,42,1755,8,5,62.5,3,37.5,848,3867,2372,23,19,3,18,7,977,34,Matches,19e4eab9
50,Valon Behrami,ch SUI,MFFW,Genoa,36,1985,3.5,90,9,20,53,17,3,90,1,1,100,0,0,42,140,57,2,0,1,6,3,44,4,Matches,d3d758d8
51,Vid Belec,si SVN,GK,Salernitana,31,1990,21.5,629,562,628,1,0,0,629,0,0,,0,,308,2007,1375,0,0,0,1,0,180,0,Matches,4f8ce0e1
52,Raoul Bellanova,it ITA,DFFW,Cagliari,21,2000,27.7,1228,68,328,496,424,53,1228,73,39,53.4,34,46.6,720,4934,2553,81,38,10,42,22,755,146,Matches,e3756e72
53,Andrea Belotti,it ITA,FW,Torino,27,1993,15.2,551,14,27,236,293,83,548,25,15,60,10,40,318,1397,576,25,10,10,59,28,461,117,Matches,d705ba44
54,Marco Benassi,it ITA,DFMF,Fiorentina,26,1994,1.8,146,6,45,65,37,2,146,1,1,100,0,0,75,332,115,3,0,1,1,0,97,6,Matches,0000acda
55,Marco Benassi,it ITA,MF,Empoli,26,1994,4.2,216,9,27,114,78,15,216,4,1,25,3,75,119,774,382,13,7,2,5,1,145,29,Matches,0000acda
56,Filip Benković,hr CRO,DFFW,Udinese,24,1997,0.1,6,1,3,2,1,1,6,0,0,,0,,2,8,7,0,0,0,0,0,5,0,Matches,305a3820
57,Ismaël Bennacer,dz ALG,MF,Milan,23,1997,16.9,1293,44,228,838,247,12,1293,47,36,76.6,11,23.4,790,4679,2094,28,27,3,29,26,881,34,Matches,db092d3b
58,Rodrigo Bentancur,uy URU,MF,Juventus,24,1997,12.8,887,27,164,578,155,10,887,11,7,63.6,4,36.4,521,2267,1072,22,17,2,17,13,628,32,Matches,3b8674e6
59,Alessandro Berardi,it ITA,GK,Hellas Verona,30,1991,1,32,26,32,0,0,0,32,0,0,,0,,22,118,72,0,0,0,0,0,13,0,Matches,ec1f737d
60,Domenico Berardi,it ITA,FW,Sassuolo,26,1994,31.3,1804,31,184,794,859,115,1798,68,30,44.1,38,55.9,1172,6443,2824,77,67,26,63,43,1331,265,Matches,53a0e358
61,Bartosz Bereszyński,pl POL,DF,Sampdoria,29,1992,32.7,1939,113,684,846,426,31,1939,47,27,57.4,20,42.6,1011,4722,2256,52,32,5,38,17,1076,108,Matches,61b3978f
62,Etrit Berisha,al ALB,GK,Torino,32,1989,10,345,289,344,1,0,0,345,0,0,,0,,183,1125,655,0,0,0,0,0,118,0,Matches,ee833569
63,Federico Bernardeschi,it ITA,MFFW,Juventus,27,1994,16.4,776,25,135,295,359,44,776,61,32,52.5,29,47.5,468,3321,1409,40,31,19,35,14,548,111,Matches,ee93c1a9
64,Nicolò Bertola,it ITA,MFDF,Spezia,18,2003,0.4,21,3,15,4,2,0,21,0,0,,0,,5,17,15,1,1,0,1,0,4,0,Matches,04b40c58
65,Daniel Bessa,it ITA,MF,Hellas Verona,28,1993,8.5,565,16,104,303,164,13,565,16,12,75,4,25,327,1832,865,16,12,3,8,14,377,29,Matches,88895312
66,Beto,gw GNB,FW,Udinese,23,1998,24.1,719,27,47,352,338,111,719,74,40,54.1,33,44.6,383,2165,816,31,33,16,104,54,491,119,Matches,ed5c0319
67,Luis Binks,eng ENG,DF,Bologna,19,2001,7.2,415,65,223,182,14,4,415,4,2,50,2,50,187,905,425,1,2,0,1,2,229,1,Matches,36e88fbc
68,Cristiano Biraghi,it ITA,DF,Fiorentina,28,1992,35,2799,72,837,1122,862,46,2797,26,12,46.2,14,53.8,1460,6283,3246,61,52,8,25,6,1793,177,Matches,9e1577aa
69,Davide Biraschi,it ITA,DF,Genoa,27,1994,10.3,571,72,259,277,45,2,571,19,15,78.9,4,21.1,291,1425,833,15,10,2,7,2,300,11,Matches,64cd167d
70,Bjarki Bjarkason,is ISL,MF,Venezia,21,2000,0,3,0,1,1,1,0,3,0,0,,0,,3,20,19,1,0,0,0,0,3,0,Matches,f1d25de7
71,Jeremie Boga,ci CIV,FWMF,Atalanta,24,1997,8.5,531,5,44,180,315,59,531,59,31,52.5,28,47.5,366,2848,1451,64,40,27,21,18,406,77,Matches,fe012aca
72,Jeremie Boga,ci CIV,FWMF,Sassuolo,24,1997,7.4,353,1,44,162,159,34,353,48,28,58.3,20,41.7,249,2201,1239,46,27,22,19,7,292,58,Matches,fe012aca
73,Luka Bogdan,hr CRO,DF,Salernitana,25,1996,4.4,178,30,113,61,7,3,178,0,0,,0,,84,322,130,1,3,0,2,0,82,0,Matches,cb678320
74,Emil Bohinen,no NOR,MF,Salernitana,22,1999,7.8,402,26,92,226,90,7,402,17,11,64.7,6,35.3,179,1138,653,14,10,2,11,9,195,13,Matches,c83c203f
75,Giacomo Bonaventura,it ITA,MF,Fiorentina,31,1989,25.2,1419,19,213,736,490,73,1419,47,30,63.8,17,36.2,838,5099,2799,76,65,18,37,19,1087,94,Matches,d995ed27
76,Federico Bonazzoli,it ITA,FWMF,Salernitana,24,1997,20.7,781,5,65,403,325,57,779,30,15,50,15,50,463,2175,1025,25,23,1,60,25,555,85,Matches,bf57eaab
77,Kevin Bonifazi,it ITA,DF,Bologna,25,1996,13.4,833,95,384,404,61,10,833,21,17,81,4,19,458,2804,1505,18,16,0,10,4,505,4,Matches,fb77bfef
78,Leonardo Bonucci,it ITA,DF,Juventus,34,1987,22.3,1522,285,850,635,47,24,1519,7,4,57.1,3,42.9,820,3177,1550,2,3,0,11,1,1048,0,Matches,52ec54d0
79,Mehdi Bourabia,ma MAR,MF,Spezia,29,1991,3.1,163,17,64,82,20,0,163,10,6,60,4,40,67,249,127,1,3,0,6,2,73,1,Matches,0d077b88
80,Edoardo Bove,it ITA,MFDF,Roma,19,2002,0.8,44,0,7,26,11,2,44,1,1,100,0,0,24,112,49,2,1,0,4,0,29,2,Matches,ae94a6c5
81,Josip Brekalo,hr CRO,MF,Torino,23,1998,25.4,1379,10,107,587,705,57,1379,70,40,57.1,30,42.9,878,5424,2234,78,52,20,51,37,1033,186,Matches,d4a2533d
82,Gleison Bremer,br BRA,DF,Torino,24,1997,32.1,1909,198,945,893,96,54,1909,23,17,73.9,6,26.1,936,4224,1763,18,14,2,29,8,879,6,Matches,5fd5ed86
83,Marcelo Brozović,hr CRO,MF,Inter,28,1992,32.6,2911,120,793,1711,431,30,2911,37,28,75.7,9,24.3,1859,9377,3997,51,49,3,40,20,2165,36,Matches,33b8d077
84,Aleksander Buksa,pl POL,FW,Genoa,18,2003,0.7,18,1,2,11,6,1,18,0,0,,0,,7,26,15,1,1,0,2,1,12,4,Matches,59f2d958
85,Alessandro Buongiorno,it ITA,DF,Torino,22,1999,13.1,693,58,270,365,66,11,693,4,2,50,2,50,362,1684,782,8,11,0,10,5,394,3,Matches,4ae67f27
86,Gianluca Busio,us USA,MF,Venezia,19,2002,21.7,1145,63,337,621,194,18,1145,21,11,52.4,10,47.6,644,3199,1580,26,23,3,33,15,717,44,Matches,4a0b7f07
87,Jovane Cabral,cv CPV,FW,Lazio,23,1998,2.1,63,1,7,30,26,10,63,4,2,50,2,50,50,205,38,0,0,0,9,5,51,13,Matches,e34e086c
88,Liberato Cacace,nz NZL,DF,Empoli,20,2000,5.2,297,18,90,147,67,1,297,17,6,35.3,11,64.7,169,926,524,13,5,0,6,3,165,16,Matches,dd86e8e4
89,Martín Cáceres,uy URU,DF,Cagliari,34,1987,9.2,541,34,180,285,82,8,541,1,1,100,0,0,270,1273,610,8,6,0,7,2,284,7,Matches,e94d79e3
90,Felipe Caicedo,ec ECU,FW,Genoa,32,1988,3.2,112,4,9,47,56,19,112,5,1,20,4,80,49,164,67,4,0,4,8,0,84,22,Matches,93b891d1
91,Felipe Caicedo,ec ECU,FWDF,Inter,32,1988,0.3,12,0,0,4,8,1,12,0,0,,0,,10,48,36,1,1,0,1,2,11,4,Matches,93b891d1
92,Davide Calabria,it ITA,DF,Milan,24,1996,23.5,1521,43,422,756,361,26,1521,20,10,50,10,50,693,3396,2000,36,24,2,16,6,862,74,Matches,2146785a
93,Riccardo Calafiori,it ITA,DF,Genoa,19,2002,0.9,37,5,21,7,9,1,37,1,0,0,1,100,12,122,54,2,2,0,1,0,11,1,Matches,aded8e6f
94,Riccardo Calafiori,it ITA,DF,Roma,19,2002,1.9,98,2,28,40,32,1,98,3,2,66.7,1,33.3,53,296,146,3,4,0,2,0,56,6,Matches,aded8e6f
95,Mattia Caldara,it ITA,DF,Venezia,27,1994,30,1529,306,935,538,72,23,1529,7,3,42.9,4,57.1,770,3699,1932,15,7,0,12,4,808,5,Matches,ac7e640b
96,Hakan Çalhanoğlu,tr TUR,MF,Inter,27,1994,27.6,2089,27,309,1045,750,43,2085,28,13,46.4,15,53.6,1220,5763,2882,75,50,9,43,19,1464,126,Matches,cd0fa27b
97,José Callejón,es ESP,FW,Fiorentina,34,1987,14.4,697,4,76,316,307,41,697,13,7,53.8,6,46.2,411,1613,840,31,17,4,18,13,538,105,Matches,78841da9
98,Andrea Cambiaso,it ITA,DF,Genoa,21,2000,19.9,1120,69,348,481,310,33,1120,54,27,50,27,50,606,3944,2098,71,41,17,35,22,603,92,Matches,247ed022
99,Matteo Cancellieri,it ITA,MFDF,Hellas Verona,19,2002,2.5,98,0,6,46,50,10,98,12,6,50,6,50,56,425,193,7,4,3,8,2,56,13,Matches,b6a1cdf9
100,Antonio Candreva,it ITA,MFFW,Sampdoria,34,1987,34.7,2263,43,328,1007,955,80,2261,51,21,41.2,30,58.8,1424,7478,3352,105,97,23,58,35,1627,223,Matches,356c9002
101,Leonardo Capezzi,it ITA,MF,Salernitana,26,1995,1.9,76,7,14,40,22,1,76,2,2,100,0,0,35,129,56,1,1,0,7,5,33,5,Matches,07ea0ef2
102,Gianluca Caprari,it ITA,MFFW,Hellas Verona,28,1993,30.4,1667,10,133,714,850,139,1665,119,65,54.6,54,45.4,1072,5946,2937,117,76,51,93,54,1258,270,Matches,54e53b7e
103,Francesco Caputo,it ITA,FW,Sampdoria,33,1987,31,790,11,53,363,378,140,789,27,13,48.1,14,51.9,454,1965,715,30,16,23,57,16,623,196,Matches,5bd72174
104,Francesco Caputo,it ITA,FW,Sassuolo,33,1987,1.7,46,0,2,22,22,10,46,1,0,0,1,100,30,99,18,1,0,0,2,2,38,10,Matches,5bd72174
105,Andrea Carboni,it ITA,DF,Cagliari,20,2001,24.6,1349,143,588,636,137,14,1349,10,4,40,6,60,678,3532,2171,29,27,0,14,5,765,18,Matches,f7e2af2c
106,Nicolò Casale,it ITA,DF,Hellas Verona,23,1998,28.7,1494,138,643,703,167,21,1494,19,9,47.4,10,52.6,690,3782,2022,40,17,1,21,8,776,29,Matches,3f5f38fb
107,Francesco Cassata,it ITA,MF,Genoa,24,1997,0.1,2,0,0,1,1,0,2,0,0,,0,,2,10,8,0,0,0,0,0,1,1,Matches,96960855
108,Samu Castillejo,es ESP,FWMF,Milan,26,1995,1.4,88,2,5,31,53,8,88,2,0,0,2,100,52,337,187,4,3,1,5,3,62,13,Matches,130a7a3f
109,Gaetano Castrovilli,it ITA,MF,Fiorentina,24,1997,15.5,705,13,106,329,283,44,705,29,25,86.2,4,13.8,425,2754,1309,40,30,9,43,19,483,59,Matches,0728bebe
110,Danilo Cataldi,it ITA,MF,Lazio,26,1994,19,1540,54,338,1004,206,2,1540,15,10,66.7,5,33.3,844,3194,1177,9,12,0,11,6,1089,16,Matches,ba3d3bea
111,Pietro Ceccaroni,it ITA,DF,Venezia,25,1995,34.7,2068,389,1311,650,117,26,2068,12,5,41.7,7,58.3,1157,6279,3804,37,17,1,15,4,1300,12,Matches,4d1efb48
112,Federico Ceccherini,it ITA,DF,Hellas Verona,29,1992,26.2,1471,108,604,728,155,33,1471,21,14,66.7,7,33.3,813,3512,1626,20,21,3,30,12,864,41,Matches,d9624b51
113,Emil Ceide,no NOR,FWMF,Sassuolo,19,2001,0.6,36,0,4,14,18,4,36,4,1,25,3,75,23,209,115,5,2,2,4,6,26,9,Matches,98a84572
114,Luca Ceppitelli,it ITA,DF,Cagliari,31,1989,16.1,954,120,451,460,46,14,954,2,2,100,0,0,482,1892,1087,3,6,0,8,3,570,5,Matches,7d50454d
115,Damir Ceter,co COL,FW,Cagliari,23,1997,0.1,2,0,0,1,1,0,2,0,0,,0,,2,42,29,1,1,0,0,0,2,0,Matches,eade5337
116,Julian Chabot,de GER,DF,Sampdoria,23,1998,5.4,331,41,168,158,7,4,331,2,0,0,2,100,149,744,444,0,0,0,4,2,172,1,Matches,ae7058f9
117,Giorgio Chiellini,it ITA,DF,Juventus,36,1984,15,1108,140,486,563,63,7,1108,4,2,50,2,50,567,2812,1778,21,15,0,7,1,730,5,Matches,e85fb9b8
118,Federico Chiesa,it ITA,MFFW,Juventus,23,1997,9.6,427,7,58,167,208,47,427,41,21,51.2,21,51.2,258,1758,1134,36,20,14,20,15,266,59,Matches,b0f7e36c
119,Vlad Chiricheș,ro ROU,DF,Sassuolo,31,1989,25.6,1563,229,808,741,26,9,1563,6,4,66.7,2,33.3,941,3763,1903,4,6,1,13,9,1019,3,Matches,c316607a
120,Riccardo Ciervo,it ITA,MFDF,Sampdoria,19,2002,2.5,94,2,18,42,36,8,94,4,2,50,2,50,52,432,220,10,3,2,4,1,55,12,Matches,da77b60b
121,Moustapha Cissé,gn GUI,FW,Atalanta,17,2003,0.4,20,0,1,8,11,3,20,1,1,100,0,0,9,60,34,2,1,0,5,1,17,4,Matches,ee3c4b3f
122,Giorgio Cittadini,it ITA,DF,Atalanta,19,2002,0,3,1,1,1,1,0,3,0,0,,0,,2,8,0,0,0,0,0,0,0,0,Matches,e4ba67f2
123,Ebrima Colley,gm GAM,FWMF,Spezia,21,2000,4.4,195,5,34,88,78,10,195,18,12,66.7,6,33.3,126,891,460,17,12,4,14,9,139,27,Matches,bf356094
124,Omar Colley,gm GAM,DF,Sampdoria,28,1992,30.5,1791,300,1046,711,46,19,1791,3,3,100,0,0,986,4578,2476,12,11,0,11,1,1001,4,Matches,8b95acda
125,Andrea Consigli,it ITA,GK,Sassuolo,34,1987,36.9,1572,1199,1557,15,0,0,1572,0,0,,0,,915,5130,3501,0,0,0,0,0,783,0,Matches,8cabdc1e
126,Andrea Conti,it ITA,DFMF,Sampdoria,27,1994,2.6,114,11,41,42,31,8,114,3,2,66.7,1,33.3,54,186,79,3,3,1,4,0,64,13,Matches,8fef5412
127,Andrea Conti,it ITA,DF,Milan,27,1994,0.1,6,0,3,2,1,0,6,0,0,,0,,4,12,2,0,0,0,0,0,3,0,Matches,8fef5412
128,Diego Coppola,it ITA,DF,Hellas Verona,17,2003,2.8,127,14,62,56,10,4,127,0,0,,0,,56,399,181,2,0,1,2,1,68,1,Matches,22ae86f9
129,Joaquín Correa,ar ARG,FW,Inter,26,1994,11.4,492,4,21,178,304,85,492,40,17,42.5,23,57.5,326,2001,1100,41,22,26,28,12,385,93,Matches,45b9b619
130,Lassana Coulibaly,ml MLI,MF,Salernitana,25,1996,25.9,1139,64,273,666,229,8,1139,64,35,54.7,29,45.3,650,4205,1814,39,38,1,35,20,632,38,Matches,85a44ecc
131,Mamadou Coulibaly,sn SEN,MF,Salernitana,22,1999,9,444,11,96,228,131,12,444,26,18,69.2,8,30.8,245,1594,699,16,12,1,27,6,255,30,Matches,c976160c
132,Alessio Cragno,it ITA,GK,Cagliari,27,1994,35,1305,1064,1295,11,0,0,1305,0,0,,0,,638,3585,2184,0,0,0,1,1,487,0,Matches,f554e29b
133,Domenico Criscito,it ITA,DF,Genoa,34,1986,18,1218,110,439,563,227,14,1211,11,8,72.7,3,27.3,625,3007,1770,33,25,3,13,9,648,32,Matches,35dd6d80
134,Bryan Cristante,it ITA,MF,Roma,26,1995,29.8,2112,85,461,1393,272,42,2112,30,23,76.7,7,23.3,1099,5646,2749,31,33,0,19,15,1431,24,Matches,16657b95
135,Domen Črnigoj,si SVN,MF,Venezia,25,1995,20.9,938,60,246,440,269,34,938,38,18,47.4,20,52.6,496,2766,1169,34,22,9,41,17,569,66,Matches,22cd43d2
136,Giovanni Crociata,it ITA,FW,Empoli,23,1997,0.2,11,0,0,5,6,2,11,0,0,,0,,7,47,25,0,0,0,0,1,9,1,Matches,8c964914
137,Juan Cuadrado,co COL,DFMF,Juventus,33,1988,27.6,2170,59,492,1038,665,69,2169,74,46,62.2,28,37.8,1313,6878,3900,93,63,33,46,15,1544,175,Matches,0ab1f153
138,Mickaël Cuisance,fr FRA,MF,Venezia,21,1999,10.2,494,5,105,257,140,5,494,35,19,54.3,16,45.7,277,1394,497,10,11,0,13,26,303,22,Matches,5722eced
139,Patrick Cutrone,it ITA,FW,Empoli,23,1998,15.6,391,3,17,132,250,78,391,18,9,50,8,44.4,235,1281,442,20,4,9,37,18,293,139,Matches,a4fe8cda
140,Danilo D'Ambrosio,it ITA,DF,Inter,32,1988,11.1,872,84,401,379,98,24,872,6,4,66.7,2,33.3,522,2004,1027,8,11,1,16,5,628,31,Matches,44eb9093
141,Mikkel Damsgaard,dk DEN,MFFW,Sampdoria,21,2000,6.4,352,9,60,155,145,23,352,25,16,64,9,36,202,1050,522,11,11,2,12,10,235,40,Matches,215f3907
142,Danilo,br BRA,DFMF,Juventus,30,1991,21,1655,105,565,904,200,16,1655,9,4,44.4,5,55.6,832,3222,1871,25,17,2,9,4,1097,30,Matches,94b2001f
143,Ebrima Darboe,gm GAM,MF,Roma,20,2001,0.7,45,1,5,34,6,1,45,0,0,,0,,34,120,15,0,0,0,1,0,33,2,Matches,cf043a33
144,Matteo Darmian,it ITA,DF,Inter,31,1989,16.7,806,35,245,312,253,29,806,9,4,44.4,5,55.6,381,1572,772,25,16,8,15,2,483,96,Matches,96e0490d
145,Paweł Dawidowicz,pl POL,DF,Hellas Verona,26,1995,13.3,757,82,301,379,84,16,757,5,5,100,0,0,413,2108,1100,16,19,1,7,2,437,13,Matches,16bb656a
146,Sebastien De Maio,fr FRA,DF,Udinese,34,1987,2,97,13,69,29,0,0,97,1,1,100,0,0,40,203,61,0,0,0,2,0,44,0,Matches,952a03fe
147,Tommaso De Nipoti,it ITA,FW,Atalanta,18,2003,0.1,2,0,0,2,0,0,2,0,0,,0,,1,1,1,0,0,0,1,0,1,0,Matches,7f9d956a
148,Mattia De Sciglio,it ITA,DF,Juventus,28,1992,13,794,43,246,362,194,13,794,15,9,60,6,40,363,1791,959,36,18,5,12,3,450,70,Matches,ae4e2852
149,Lorenzo De Silvestri,it ITA,DF,Bologna,33,1988,25.5,1593,88,478,758,363,42,1593,18,6,33.3,12,66.7,743,3617,1879,47,29,2,32,17,983,75,Matches,e74f0e59
150,Grégoire Defrel,mq MTQ,FW,Sassuolo,30,1991,15.1,549,13,50,250,256,48,549,37,20,54.1,17,45.9,342,2076,835,26,19,12,39,32,405,94,Matches,854ee61a
151,Alessandro Deiola,it ITA,MF,Cagliari,25,1995,23.7,1028,68,300,536,205,24,1028,13,6,46.2,7,53.8,482,1828,660,12,10,1,30,11,559,51,Matches,7f267d66
152,Filippo Delli Carri,it ITA,DF,Salernitana,22,1999,3.7,168,21,83,61,26,6,168,1,1,100,0,0,68,232,110,3,5,0,6,1,80,7,Matches,d2e8fd9b
153,Merih Demiral,tr TUR,DF,Atalanta,23,1998,21.3,1070,132,554,465,61,34,1070,4,2,50,2,50,531,2903,1018,3,8,2,15,5,544,7,Matches,e3cceee6
154,Diego Demme,de GER,MF,Napoli,29,1991,7.7,662,17,152,410,106,4,662,4,3,75,1,25,430,1874,833,8,12,1,12,5,514,2,Matches,dc3fa3b5
155,Fabio Depaoli,it ITA,DF,Hellas Verona,24,1997,7.8,369,22,78,150,149,16,369,11,8,72.7,3,27.3,151,744,409,12,9,2,8,6,178,33,Matches,d97f2e8d
156,Fabio Depaoli,it ITA,MFDF,Sampdoria,24,1997,1.2,52,2,14,21,18,2,52,2,1,50,1,50,24,105,43,0,2,0,5,0,29,6,Matches,d97f2e8d
157,Mattia Destro,it ITA,FW,Genoa,30,1991,19.4,566,15,44,291,232,80,566,26,11,42.3,15,57.7,270,981,390,13,7,10,66,25,409,75,Matches,d7d32194
158,Gerard Deulofeu,es ESP,FWMF,Udinese,27,1994,29.1,1438,13,75,439,938,177,1437,117,50,42.7,67,57.3,889,6471,3582,154,79,83,100,44,991,259,Matches,39583cfd
159,Jacopo Dezi,it ITA,MF,Venezia,29,1992,0.2,30,0,1,19,11,1,30,2,1,50,1,50,14,115,76,1,1,1,0,0,20,0,Matches,e921b9db
160,Samuel Di Carmine,it ITA,FW,Hellas Verona,32,1988,0.4,8,0,0,6,2,1,8,0,0,,0,,7,28,16,1,1,0,2,0,8,0,Matches,ef94dc2f
161,Federico Di Francesco,it ITA,FWMF,Empoli,27,1994,15.2,550,8,49,197,307,68,550,35,13,37.1,22,62.9,348,1830,792,27,14,14,39,31,400,126,Matches,1fca9171
162,Giovanni Di Lorenzo,it ITA,DF,Napoli,27,1993,31.9,2579,103,682,1283,629,77,2579,46,20,43.5,26,56.5,1531,6275,3336,66,47,11,24,26,1775,154,Matches,230a2fac
163,Francesco Di Mariano,it ITA,FW,Venezia,25,1996,0.7,20,1,1,6,13,1,20,2,0,0,2,100,14,112,12,0,1,0,0,0,15,7,Matches,35a2557c
164,Francesco Di Tacchio,it ITA,MF,Salernitana,31,1990,13.9,683,44,169,438,84,8,683,10,6,60,4,40,338,1251,558,5,7,1,17,7,369,5,Matches,b5c3ff9f
165,Amadou Diawara,gn GUI,MF,Roma,24,1997,1.9,82,3,22,51,9,0,82,1,1,100,0,0,34,106,36,0,0,0,0,0,50,0,Matches,bf309d24
166,Brahim Díaz,es ESP,MF,Milan,21,1999,20.6,946,7,59,489,421,63,946,88,45,51.1,43,48.9,609,3812,1829,59,50,13,64,39,717,104,Matches,407feb71
167,Mitchell Dijks,nl NED,DFFW,Bologna,28,1993,7.7,427,18,147,156,131,13,427,28,12,42.9,16,57.1,228,1373,762,21,13,4,12,4,254,24,Matches,0a3065c8
168,Federico Dimarco,it ITA,DF,Inter,23,1997,15.9,1365,61,357,583,442,41,1364,16,10,62.5,6,37.5,789,3964,2350,54,31,10,14,10,928,116,Matches,970b8574
169,Filippo Distefano,it ITA,FW,Fiorentina,17,2003,0,2,0,1,0,1,0,2,1,0,0,1,100,1,3,0,0,0,0,0,0,1,0,Matches,2110f96c
170,Koffi Djidji,ci CIV,DF,Torino,28,1992,19.3,1073,79,416,541,120,10,1073,13,8,61.5,5,38.5,565,2395,1169,18,16,2,15,9,591,11,Matches,933d3b51
171,Berat Djimsiti,al ALB,DF,Atalanta,28,1993,25.1,1663,112,645,839,188,24,1663,6,4,66.7,2,33.3,909,3938,2025,19,19,0,18,3,1042,31,Matches,6eee05f1
172,Nicolás Domínguez,ar ARG,MF,Bologna,23,1998,22.4,1484,71,358,891,248,31,1484,34,14,41.2,20,58.8,717,3434,1417,18,21,1,34,21,904,44,Matches,20b3a502
173,Bartłomiej Drągowski,pl POL,GK,Fiorentina,23,1997,6.2,366,251,363,4,0,0,366,0,0,,0,,236,1236,618,0,0,0,0,0,247,0,Matches,085e71a7
174,Radu Drăgușin,ro ROU,DF,Sampdoria,19,2002,6.9,337,44,154,142,45,2,337,1,1,100,0,0,140,719,280,6,4,0,2,4,132,10,Matches,620922ed
175,Radu Drăgușin,ro ROU,DF,Salernitana,19,2002,5.4,215,36,109,102,9,2,215,1,0,0,1,100,107,569,194,1,3,2,3,0,96,1,Matches,620922ed
176,Denzel Dumfries,nl NED,DF,Inter,25,1996,22.5,1088,35,200,376,523,127,1088,30,15,50,15,50,568,3136,1540,55,24,27,39,23,683,204,Matches,481c9ece
177,Alfred Duncan,gh GHA,MF,Fiorentina,28,1993,21.5,1103,18,168,645,311,29,1103,23,13,56.5,10,43.5,685,3131,1559,29,27,6,26,16,808,71,Matches,528492ea
178,Paulo Dybala,ar ARG,FWMF,Juventus,27,1993,22.9,1451,5,155,690,628,86,1449,79,47,59.5,32,40.5,909,4692,1859,50,42,24,70,28,1100,155,Matches,e0921a4f
179,Edin Džeko,ba BIH,FW,Inter,35,1986,27.4,1139,49,121,503,524,178,1139,41,17,41.5,24,58.5,614,3167,1454,47,26,23,78,31,891,207,Matches,3bb7f478
180,Tyronne Ebuehi,ng NGA,DF,Venezia,25,1995,12.6,655,50,279,225,158,16,655,20,11,55,9,45,293,1804,924,29,20,3,15,5,330,52,Matches,6af30900
181,Éderson,br BRA,MF,Salernitana,22,1999,12.7,547,21,122,293,145,26,547,38,19,50,19,50,341,1867,948,25,27,4,24,17,353,39,Matches,a9202def
182,Albin Ekdal,se SWE,MF,Sampdoria,32,1989,18.2,941,51,279,547,126,24,941,23,15,65.2,8,34.8,455,2192,914,10,11,1,13,11,511,20,Matches,f503ea63
183,Caleb Ekuban,gh GHA,FWMF,Genoa,27,1994,19.1,687,16,70,327,299,83,687,52,26,50,26,50,394,2076,817,31,17,21,73,38,483,133,Matches,7afbd2c3
184,Elif Elmas,mk MKD,FWMF,Napoli,21,1999,18,986,27,115,512,370,50,986,35,24,68.6,11,31.4,669,3968,1950,59,45,19,23,23,804,96,Matches,cf007308
185,Martin Erlic,hr CRO,DF,Spezia,23,1998,28.6,1383,265,887,463,40,30,1383,4,3,75,1,25,662,2898,1380,6,5,0,14,2,751,3,Matches,0fee6bda
186,Gonzalo Escalante,ar ARG,MF,Lazio,28,1993,0.1,10,2,6,3,1,0,10,0,0,,0,,3,42,0,0,0,0,1,0,4,0,Matches,3f79a1c8
187,Diego Falcinelli,it ITA,FW,Bologna,30,1991,0.7,45,1,5,17,24,9,45,4,2,50,2,50,26,125,62,1,1,0,6,3,33,9,Matches,a39b9ef6
188,Wladimiro Falcone,it ITA,GK,Sampdoria,26,1995,9.5,389,355,387,1,1,0,389,0,0,,0,,226,1192,754,0,0,0,0,0,179,0,Matches,9f5a610b
189,Paolo Faragò,it ITA,MF,Cagliari,28,1993,0.2,15,0,5,5,7,3,15,1,1,100,0,0,7,54,38,1,1,0,1,0,7,2,Matches,9085dd7c
190,Davide Faraoni,it ITA,DF,Hellas Verona,29,1991,28.6,1715,94,440,784,503,55,1715,40,12,30,28,70,714,2589,1186,31,19,6,50,14,891,125,Matches,aae9d04a
191,Mohamed Fares,dz ALG,DFFW,Genoa,25,1996,6.5,331,9,82,141,114,16,331,16,9,56.3,7,43.8,173,915,452,16,12,1,10,10,187,22,Matches,b7a5bc86
192,Diego Farias,br BRA,MFFW,Cagliari,31,1990,0.7,38,0,2,15,21,1,38,1,1,100,0,0,25,120,56,2,0,1,1,0,28,7,Matches,157d29b6
193,Andrea Favilli,it ITA,FW,Genoa,24,1997,0.4,11,2,3,4,4,2,11,0,0,,0,,8,32,0,0,0,1,3,1,8,5,Matches,44510fde
194,Federico Fazio,ar ARG,DF,Salernitana,34,1987,15.9,817,107,347,403,77,27,817,11,9,81.8,2,18.2,361,2193,1390,19,16,4,12,3,418,6,Matches,4e358a2d
195,Luiz Felipe,it ITA,DF,Lazio,24,1997,27.7,2079,282,1046,997,44,10,2079,6,6,100,0,0,1215,6510,3496,12,9,0,9,6,1499,1,Matches,15d0c248
196,Alex Ferrari,it ITA,DF,Sampdoria,27,1994,18.3,1032,142,571,431,36,4,1032,14,4,28.6,10,71.4,544,2389,1147,7,7,1,10,3,581,5,Matches,d0dbca9f
197,Salvador Ferrer,es ESP,DFMF,Spezia,23,1998,16.6,927,71,305,428,199,8,927,12,8,66.7,4,33.3,419,2096,1107,24,18,2,11,10,484,52,Matches,eb76987d
198,Riccardo Fiamozzi,it ITA,DF,Empoli,28,1993,6.9,438,21,143,210,87,2,438,7,3,42.9,4,57.1,201,935,526,10,11,0,4,4,237,14,Matches,9f9b9269
199,Luca Fiordilino,it ITA,MF,Venezia,25,1996,7.3,387,23,128,203,61,10,387,5,3,60,2,40,206,854,298,3,3,1,10,8,246,10,Matches,9bb1ad91
200,Vincenzo Fiorillo,it ITA,GK,Salernitana,31,1990,1,35,33,35,0,0,0,35,0,0,,0,,16,55,46,0,0,0,0,0,15,0,Matches,a2565f79
201,Alessandro Florenzi,it ITA,DFFW,Milan,30,1991,12.8,925,31,223,496,217,20,925,10,8,80,2,20,493,2434,1397,30,16,4,11,1,584,51,Matches,e288d4b3
202,Fernando Forestieri,it ITA,FWMF,Udinese,31,1990,0.6,33,1,4,9,20,4,33,1,1,100,0,0,16,124,84,2,2,0,2,0,21,8,Matches,d60c26fc
203,Francesco Forte,it ITA,FW,Venezia,28,1993,4.7,118,2,10,62,49,19,118,1,1,100,0,0,46,181,65,3,3,1,13,2,82,16,Matches,69e11a01
204,Gianluca Frabotta,it ITA,DFMF,Hellas Verona,22,1999,0.2,12,1,1,5,6,1,12,0,0,,0,,4,61,40,1,1,0,0,0,6,3,Matches,d80b1835
205,Davide Frattesi,it ITA,MF,Sassuolo,21,1999,31.7,1642,103,376,880,419,86,1642,64,42,65.6,22,34.4,923,5167,2728,79,61,20,59,22,1186,104,Matches,2a7d27c1
206,Morten Frendrup,dk DEN,DFMF,Genoa,20,2001,7.7,461,13,120,247,99,5,461,5,3,60,2,40,170,981,357,13,8,2,15,3,162,9,Matches,f4d60499
207,Remo Freuler,ch SUI,MF,Atalanta,29,1992,26.3,2036,55,343,1162,546,37,2036,35,20,57.1,15,42.9,1187,6064,3054,52,52,7,40,24,1423,59,Matches,98d2c2c4
208,Matteo Gabbia,it ITA,DF,Milan,21,1999,6,471,50,256,208,9,6,471,0,0,,0,,289,1161,635,3,0,0,2,0,344,1,Matches,c235e803
209,Manolo Gabbiadini,it ITA,FWMF,Sampdoria,29,1991,12.7,465,14,53,220,193,32,465,10,4,40,6,60,270,1111,458,13,9,3,29,16,342,57,Matches,8f866fe8
210,Gianluca Gaetano,it ITA,MF,Napoli,21,2000,0.2,16,0,5,8,3,0,16,0,0,,0,,10,58,6,0,0,0,1,0,8,0,Matches,3b387cc7
211,Luca Gagliano,it ITA,FWDF,Cagliari,21,2000,0.1,9,1,2,4,3,1,9,1,0,0,1,100,5,16,3,0,0,0,0,0,5,1,Matches,1d00a56c
212,Roberto Gagliardini,it ITA,MF,Inter,27,1994,7.2,423,14,78,218,130,18,423,7,3,42.9,4,57.1,228,1081,553,8,9,1,13,7,296,31,Matches,ce30bfc8
213,Riccardo Gagliolo,se SWE,DF,Salernitana,31,1990,12.6,651,83,315,283,63,11,651,6,4,66.7,2,33.3,318,1514,883,10,4,0,6,3,318,8,Matches,173061c0
214,Nicolas Galazzi,it ITA,MF,Venezia,20,2000,0.2,12,1,1,1,10,1,12,0,0,,0,,6,23,17,0,1,0,2,1,7,3,Matches,a796492f
215,Pablo Galdames Millán,cl CHI,MF,Genoa,24,1996,11.4,568,19,99,334,139,13,568,15,7,46.7,8,53.3,293,990,356,4,4,0,10,17,325,22,Matches,dd403465
216,Luca Gemello,it ITA,GK,Torino,21,2000,1,37,27,37,0,0,0,37,0,0,,0,,24,132,74,0,0,0,0,0,20,0,Matches,53e494ec
217,Paolo Ghiglione,it ITA,DF,Genoa,24,1997,6.7,440,29,124,201,120,7,440,16,9,56.3,7,43.8,206,918,437,13,11,1,18,3,220,32,Matches,71dc23da
218,Faouzi Ghoulam,dz ALG,DF,Napoli,30,1991,3.7,304,14,72,141,93,2,304,2,1,50,1,50,181,796,450,10,7,1,2,2,216,19,Matches,c5adc293
219,Sebastian Giovinco,it ITA,MF,Sampdoria,34,1987,0.4,17,0,0,6,11,1,17,0,0,,0,,9,40,6,0,1,0,2,0,10,2,Matches,2b7c18ae
220,Olivier Giroud,fr FRA,FW,Milan,34,1986,21,698,26,47,278,376,123,696,8,4,50,4,50,261,860,248,8,6,4,58,11,539,102,Matches,16ceb862
221,Diego Godín,uy URU,DF,Cagliari,35,1986,9.1,548,87,315,207,29,14,548,11,10,90.9,1,9.1,294,1206,538,4,2,1,4,0,334,1,Matches,fc4f85b1
222,Edoardo Goldaniga,it ITA,DF,Cagliari,27,1993,10.4,587,51,257,265,68,8,587,6,3,50,3,50,272,1234,521,3,6,0,7,0,279,12,Matches,4b029b31
223,Edoardo Goldaniga,it ITA,DFMF,Sassuolo,27,1993,0,1,0,0,1,0,0,1,0,0,,0,,0,0,0,0,0,0,0,0,1,0,Matches,4b029b31
224,Cedric Gondo,ci CIV,FW,Salernitana,24,1996,7.8,281,6,32,103,151,41,281,20,11,55,9,45,197,1037,385,15,9,7,39,19,227,74,Matches,ff37d2ef
225,Nicolás González,ar ARG,FW,Fiorentina,23,1998,26.2,1313,7,111,572,657,137,1310,115,57,49.6,57,49.6,867,6278,2785,97,80,37,97,39,1055,210,Matches,2374aaca
226,Robin Gosens,de GER,DF,Atalanta,27,1994,5.1,310,9,62,143,105,22,310,3,0,0,3,100,161,509,319,8,5,3,6,1,196,24,Matches,2d970560
227,Robin Gosens,de GER,DF,Inter,27,1994,1.9,128,8,30,55,45,9,128,1,0,0,1,100,55,197,101,4,3,3,3,0,82,19,Matches,2d970560
228,Alberto Grassi,it ITA,MF,Cagliari,26,1995,24.2,1331,77,355,802,185,22,1331,27,18,66.7,9,33.3,682,3341,1194,13,13,0,27,16,751,25,Matches,6cc97b6a
229,Koray Günter,de GER,DF,Hellas Verona,26,1994,26.8,1576,236,821,727,38,16,1576,5,3,60,2,40,736,4249,2321,10,7,1,15,2,722,3,Matches,f1f1f238
230,Albert Guðmundsson,is ISL,FWMF,Genoa,24,1997,6.7,308,10,35,121,156,27,308,14,7,50,7,50,164,944,373,14,8,6,27,10,190,45,Matches,b79858d5
231,Emmanuel Gyasi,gh GHA,FWMF,Spezia,27,1994,33.7,1272,67,296,522,471,87,1272,55,33,60,22,40,767,4002,1567,44,38,17,81,52,865,145,Matches,f9758dae
232,Norbert Gyömbér,sk SVK,DF,Salernitana,29,1992,28.5,1359,206,701,572,92,18,1359,3,2,66.7,1,33.3,619,2881,1273,5,2,0,13,6,678,12,Matches,0be276c6
233,Nicolas Haas,ch SUI,MF,Empoli,25,1996,11.1,594,27,126,293,179,17,594,9,2,22.2,7,77.8,325,1374,527,8,9,3,18,8,374,49,Matches,fa449bba
234,Samir Handanović,si SVN,GK,Inter,37,1984,37,1331,1193,1330,0,1,1,1331,0,0,,0,,866,4090,2876,0,0,0,1,0,815,0,Matches,74419746
235,Ridgeciano Haps,sr SUR,DF,Venezia,28,1993,22.8,1120,94,453,442,233,15,1120,22,16,72.7,6,27.3,522,2761,1421,30,35,2,34,4,534,69,Matches,c8d7131c
236,Abdou Harroui,nl NED,MF,Sassuolo,23,1998,5,365,8,64,209,99,15,365,6,3,50,3,50,235,1027,409,9,9,1,12,5,251,15,Matches,65fd099c
237,Hans Hateboer,nl NED,DFMF,Atalanta,27,1994,15.4,973,33,172,396,408,39,973,10,5,50,5,50,582,2933,1596,37,27,6,21,9,681,121,Matches,3b333ac3
238,Silvan Hefti,ch SUI,DF,Genoa,23,1997,14.3,732,42,225,310,212,15,732,27,13,48.1,14,51.9,298,1849,985,30,23,3,18,14,273,43,Matches,f8342731
239,Liam Henderson,sct SCO,MF,Empoli,25,1996,22.4,1019,33,128,418,482,60,1019,13,5,38.5,8,61.5,566,2585,1123,22,19,1,27,14,681,133,Matches,d7918b13
240,Dalbert Henrique,br BRA,DFMF,Cagliari,27,1993,23.1,1110,48,250,508,363,21,1110,29,10,34.5,19,65.5,487,2352,1114,33,30,4,38,19,525,96,Matches,f45f9427
241,Matheus Henrique,br BRA,MF,Sassuolo,23,1997,12,703,27,135,414,160,8,703,31,20,64.5,11,35.5,490,2686,1178,17,30,3,11,18,554,21,Matches,a2d9f138
242,Thomas Henry,fr FRA,FW,Venezia,26,1994,23.5,716,34,59,352,311,97,716,38,12,31.6,26,68.4,427,1798,588,20,12,9,91,35,605,99,Matches,9ef42479
243,Theo Hernández,fr FRA,DF,Milan,23,1997,30.1,2060,65,515,983,605,56,2058,85,49,57.6,36,42.4,1138,8263,5294,120,88,27,55,24,1262,140,Matches,d4c9725f
244,Hernani,br BRA,MFFW,Genoa,27,1994,7.6,343,15,68,191,88,13,343,11,5,45.5,6,54.5,161,884,318,7,8,4,16,11,200,20,Matches,6f5ead86
245,Daan Heymans,be BEL,MFFW,Venezia,22,1999,2.8,129,8,29,65,36,6,129,3,2,66.7,1,33.3,58,253,85,2,2,0,7,0,85,13,Matches,6d70c771
246,Aaron Hickey,sct SCO,DF,Bologna,19,2002,31.3,1602,80,483,671,458,25,1602,49,30,61.2,19,38.8,831,4703,2261,57,43,8,48,27,961,156,Matches,1780bb4a
247,Martin Hongla,cm CMR,MF,Hellas Verona,23,1998,7.2,380,20,81,227,76,5,380,5,1,20,4,80,222,1083,374,6,10,2,12,8,222,12,Matches,b85bf253
248,Sydney van Hooijdonk,nl NED,FWMF,Bologna,21,2000,0.4,23,0,0,11,13,1,23,1,1,100,0,0,13,62,7,0,1,0,2,1,20,3,Matches,5b418e15
249,Petko Hristov,bg BUL,DF,Spezia,22,1999,13.9,760,113,449,299,13,4,760,2,2,100,0,0,363,1491,747,3,4,1,3,2,421,2,Matches,d8800a46
250,Elseid Hysaj,al ALB,DF,Lazio,27,1994,22.5,1599,59,472,861,286,17,1599,33,16,48.5,17,51.5,927,3662,1719,26,22,4,14,9,1087,69,Matches,2f3452eb
251,Roger Ibanez,br BRA,DF,Roma,22,1998,32.1,2275,195,1102,1088,110,37,2275,16,10,62.5,6,37.5,1359,7928,4376,33,29,2,33,12,1507,15,Matches,82efe6fa
252,Zlatan Ibrahimović,se SWE,FW,Milan,39,1981,11.3,537,12,16,209,316,89,536,9,5,55.6,4,44.4,267,1012,529,13,14,5,22,9,443,99,Matches,4cde5509
253,Igor,br BRA,DF,Fiorentina,23,1998,24.9,1905,134,947,935,39,15,1905,12,12,100,0,0,1206,6111,3553,20,8,0,18,3,1350,1,Matches,a4e85758
254,Jonathan Ikone,fr FRA,FW,Fiorentina,23,1998,7.2,369,6,31,159,183,28,369,23,13,56.5,10,43.5,244,1623,758,13,14,7,27,10,273,57,Matches,42eaa028
255,Ivan Ilić,rs SRB,MF,Hellas Verona,20,2001,28.1,1679,85,358,990,346,27,1679,43,26,60.5,17,39.5,969,5271,2229,39,47,5,48,22,1057,67,Matches,bb376bed
256,Josip Iličić,si SVN,MFFW,Atalanta,33,1988,9.3,618,4,40,242,344,53,617,40,27,67.5,13,32.5,455,2528,1146,43,20,18,39,10,516,98,Matches,68252d6d
257,Ciro Immobile,it ITA,FW,Lazio,31,1990,30.1,1199,20,91,496,622,190,1190,40,19,47.5,20,50,725,3351,1497,52,31,31,77,44,995,204,Matches,4431aed2
258,Lorenzo Insigne,it ITA,FW,Napoli,30,1991,25.4,1790,13,177,791,847,116,1777,80,41,51.3,39,48.8,1203,6540,3388,104,78,46,52,28,1383,208,Matches,2f557579
259,Ardian Ismajli,al ALB,DF,Empoli,24,1996,14.1,894,149,487,387,26,9,894,3,1,33.3,2,66.7,470,2876,1912,18,7,0,5,0,531,3,Matches,6b635f5c
260,Armando Izzo,it ITA,DF,Torino,29,1992,5.8,371,35,153,175,44,8,371,0,0,,0,,200,1036,583,6,7,0,3,2,219,8,Matches,89976232
261,Mato Jajalo,ba BIH,MF,Udinese,33,1988,7,399,21,108,225,68,4,399,4,3,75,1,25,184,744,321,3,3,1,10,5,223,7,Matches,8c65eb5f
262,Paweł Jaroszyński,pl POL,DF,Salernitana,26,1994,5.7,284,29,122,106,58,2,284,4,1,25,3,75,138,561,300,4,7,0,2,1,124,11,Matches,958a601f
263,Juan Jesus,br BRA,DF,Napoli,30,1991,14.2,950,103,442,497,17,10,950,2,1,50,1,50,586,2569,1282,1,2,1,3,0,643,0,Matches,79083382
264,Dennis Johnsen,no NOR,FWMF,Venezia,23,1998,16.1,508,8,75,176,271,59,508,66,20,30.3,46,69.7,346,2237,1077,36,23,19,61,23,369,140,Matches,66784dee
265,Kaio Jorge,br BRA,MFFW,Juventus,19,2002,1.3,56,2,8,23,26,7,56,1,1,100,0,0,41,145,41,2,1,1,4,2,47,12,Matches,0cf465f2
266,Flavio Junior Bianchi,it ITA,FWMF,Genoa,21,2000,3.5,114,0,10,71,35,9,114,3,3,100,0,0,68,272,74,2,2,1,15,6,81,18,Matches,3ef965c1
267,Hamed Junior Traorè,ci CIV,FWMF,Sassuolo,21,2000,19.7,1104,10,169,492,460,88,1104,104,61,58.7,43,41.3,743,5120,2733,90,56,46,45,43,779,134,Matches,570bb4b9
268,Nikola Kalinić,hr CRO,FW,Hellas Verona,33,1988,4.5,158,1,5,61,92,33,158,4,2,50,2,50,112,333,83,3,2,3,19,21,143,49,Matches,d4931a5a
269,Yayah Kallon,sl SLE,FWMF,Genoa,20,2001,7.1,265,3,31,93,146,32,265,28,18,64.3,10,35.7,171,1207,565,24,11,12,27,11,174,61,Matches,f95f49d2
270,Pierre Kalulu,fr FRA,DF,Milan,21,2000,21.6,1384,98,591,642,169,13,1384,11,6,54.5,5,45.5,788,4814,2454,21,19,0,22,6,860,35,Matches,85f7d1be
271,Dimitrije Kamenović,rs SRB,DF,Lazio,21,2000,0.5,25,3,13,11,1,1,25,0,0,,0,,9,61,1,0,1,0,0,1,10,0,Matches,d3e0c826
272,Rick Karsdorp,nl NED,DFFW,Roma,26,1995,32,2008,59,538,923,571,40,2008,23,13,56.5,10,43.5,1082,4702,2273,46,45,10,31,8,1303,210,Matches,9f84febe
273,Denso Kasius,nl NED,DFFW,Bologna,18,2002,2,161,4,40,73,48,2,161,8,3,37.5,5,62.5,89,619,271,6,4,2,6,0,97,20,Matches,7ae36711
274,Grigoris Kastanos,cy CYP,MFFW,Salernitana,23,1998,15,772,27,138,361,289,28,772,46,22,47.8,24,52.2,441,2105,1101,27,29,7,27,14,473,54,Matches,2a82aa85
275,Moise Kean,it ITA,FW,Juventus,21,2000,12.2,381,10,48,158,182,58,381,44,18,40.9,26,59.1,227,1400,519,20,9,10,43,21,289,77,Matches,3d50bcdb
276,Wajdi Kechrida,tn TUN,DFMF,Salernitana,25,1995,10.6,411,23,100,182,133,15,411,5,2,40,3,60,219,1061,589,16,14,2,10,10,234,30,Matches,11962fe7
277,Dimitrios Keramitsis,gr GRE,MF,Roma,17,2004,0,0,0,0,0,0,0,0,0,0,,0,,0,0,0,0,0,0,0,0,0,0,Matches,6f30a1d5
278,Franck Kessié,ci CIV,MF,Milan,24,1996,25.6,1600,52,337,919,361,58,1597,45,33,73.3,12,26.7,888,4510,2010,36,33,4,38,27,1101,61,Matches,05e19d6a
279,Jakub Kiwior,pl POL,MF,Spezia,21,2000,21.8,937,94,360,497,92,17,937,14,9,64.3,5,35.7,380,1607,667,5,3,1,14,9,467,13,Matches,dc3e663e
280,Sofian Kiyine,ma MAR,MFFW,Venezia,23,1997,13.8,710,22,149,362,217,17,710,80,55,68.8,25,31.3,424,3264,1699,48,33,10,38,32,447,44,Matches,ce1806be
281,Simon Kjær,dk DEN,DF,Milan,32,1989,8.9,559,86,256,292,14,6,559,0,0,,0,,298,1364,887,3,1,0,2,1,369,1,Matches,8b8a56ce
282,Aleksandr Kokorin,ru RUS,FWMF,Fiorentina,30,1991,0.6,33,0,2,18,13,1,33,0,0,,0,,19,102,19,2,1,0,5,0,25,8,Matches,fec5accc
283,Aleksandar Kolarov,rs SRB,DF,Inter,35,1985,0.5,44,5,15,23,6,0,44,2,1,50,1,50,32,122,88,1,1,0,0,0,37,0,Matches,eda40760
284,Teun Koopmeiners,nl NED,MF,Atalanta,23,1998,23.6,1715,35,333,854,550,39,1715,36,21,58.3,15,41.7,976,4381,2183,38,37,11,43,19,1180,81,Matches,a26fb8aa
285,Kalidou Koulibaly,sn SEN,DF,Napoli,30,1991,26.7,1915,247,902,980,58,22,1915,22,20,90.9,2,9.1,1163,5156,2986,21,12,1,15,3,1305,10,Matches,da974c7b
286,Christos Kourfalidis,gr GRE,MFFW,Cagliari,18,2002,0.2,16,1,1,8,7,1,16,0,0,,0,,6,17,11,0,1,0,1,0,6,2,Matches,5c522c88
287,Viktor Kovalenko,ua UKR,MF,Spezia,25,1996,14.7,723,14,138,408,180,14,723,14,4,28.6,10,71.4,416,2070,904,15,18,2,28,17,487,35,Matches,9d60028d
288,Julian Kristoffersen,no NOR,FW,Salernitana,24,1997,0.1,3,0,0,1,2,1,3,0,0,,0,,0,0,0,0,0,0,0,0,2,0,Matches,b804c280
289,Rade Krunić,ba BIH,MFFW,Milan,27,1993,15.7,710,31,126,369,226,25,710,15,12,80,3,20,340,1794,770,20,18,3,27,7,461,54,Matches,817c6964
290,Dejan Kulusevski,se SWE,FWMF,Juventus,21,2000,8.6,379,7,52,151,184,47,379,32,18,56.3,14,43.8,243,1522,709,24,15,7,41,23,266,89,Matches,df3cda47
291,Marash Kumbulla,al ALB,DF,Roma,21,2000,11.4,737,48,348,368,24,9,737,1,1,100,0,0,453,2036,1147,5,1,0,6,2,503,0,Matches,a40819d9
292,Giorgos Kyriakopoulos,gr GRE,DFFW,Sassuolo,25,1996,21.9,1510,83,516,586,425,26,1510,54,35,64.8,19,35.2,923,5116,2836,78,46,11,23,19,1020,114,Matches,0a483542
293,Andrea La Mantia,it ITA,FWMF,Empoli,30,1991,5.4,158,6,14,64,80,31,158,0,0,,0,,74,200,51,3,2,2,12,7,112,30,Matches,c375dfa5
294,Sam Lammers,nl NED,FWMF,Atalanta,24,1997,0.4,31,0,0,14,17,3,31,2,0,0,2,100,18,53,23,0,0,0,6,0,28,8,Matches,c283ddef
295,Kevin Lasagna,it ITA,MFFW,Hellas Verona,28,1992,13.2,447,11,42,181,237,63,447,19,10,52.6,9,47.4,226,1519,700,26,13,7,55,27,315,104,Matches,09538fdb
296,Darko Lazović,rs SRB,DF,Hellas Verona,30,1990,30.7,1812,72,369,759,700,120,1812,55,26,47.3,29,52.7,883,4848,3070,101,54,38,34,8,1075,243,Matches,5128bde4
297,Manuel Lazzari,it ITA,DF,Lazio,27,1993,18.5,1179,35,283,571,345,38,1179,58,29,50,29,50,693,4764,2960,80,64,15,24,6,775,107,Matches,02caf6e0
298,Patrick Leal,us USA,FW,Venezia,18,2003,0,1,0,1,0,0,0,1,0,0,,0,,0,0,0,0,0,0,0,0,0,0,Matches,d97ec0d1
299,Rafael Leão,pt POR,FW,Milan,22,1999,28.9,1166,12,58,434,707,172,1166,163,98,60.1,65,39.9,808,7959,4496,161,109,69,71,50,914,218,Matches,20730eae
300,Lucas Leiva,br BRA,MF,Lazio,34,1987,18.9,1412,71,359,953,108,0,1412,4,3,75,1,25,640,2009,832,10,6,0,4,8,974,4,Matches,4c78b5ed
301,Luca Lezzerini,it ITA,GK,Venezia,26,1995,5.5,215,193,214,1,0,0,215,0,0,,0,,115,600,392,0,0,0,0,0,80,0,Matches,c9c32262
302,Ben Lhassine Kone,ci CIV,MF,Torino,21,2000,0.9,41,2,10,28,3,0,41,0,0,,0,,21,71,25,1,0,0,1,0,23,0,Matches,7452c7a8
303,Matthijs de Ligt,nl NED,DF,Juventus,21,1999,29.7,1967,262,934,947,93,36,1967,6,4,66.7,2,33.3,1125,5170,2561,18,10,0,12,3,1356,6,Matches,d6e53a3a
304,Anderson Lima,br BRA,MF,Lazio,21,1999,0.7,47,3,15,26,7,1,47,1,1,100,0,0,27,97,30,0,0,0,3,2,38,3,Matches,59be3a74
305,Karol Linetty,pl POL,MFFW,Torino,26,1995,10,386,3,42,178,169,25,386,9,5,55.6,4,44.4,192,885,386,10,14,5,28,7,241,37,Matches,d023d70f
306,Stanislav Lobotka,sk SVK,MF,Napoli,26,1994,18.7,1541,48,277,1095,185,3,1541,16,13,81.3,3,18.8,1130,5428,2400,25,35,0,13,12,1249,13,Matches,e1cbb531
307,Manuel Locatelli,it ITA,MF,Juventus,23,1998,24,1676,86,445,976,268,28,1676,28,19,67.9,9,32.1,920,3468,1276,15,21,4,26,16,1183,32,Matches,a8a874f1
308,Maxime Lopez,fr FRA,MF,Sassuolo,23,1997,32.6,2895,128,746,1784,394,24,2895,46,30,65.2,16,34.8,1878,10544,5193,77,67,9,37,28,2231,41,Matches,20094685
309,Matteo Lovato,it ITA,DF,Atalanta,21,2000,3.4,230,17,80,127,24,3,230,1,0,0,1,100,115,451,265,2,3,1,6,2,158,4,Matches,5fa57166
310,Matteo Lovato,it ITA,DF,Cagliari,21,2000,13.8,729,110,418,305,15,6,729,4,3,75,1,25,319,1425,790,3,4,0,7,5,332,2,Matches,5fa57166
311,Hirving Lozano,mx MEX,FW,Napoli,26,1995,17.9,813,12,109,311,406,85,813,44,29,65.9,15,34.1,532,3785,1958,82,37,31,52,32,621,179,Matches,a69e4806
312,José Luis Palomino,ar ARG,DF,Atalanta,31,1990,29.7,2013,173,885,1051,103,35,2013,8,6,75,2,25,1029,5952,2746,15,14,1,15,7,1070,8,Matches,921f6058
313,Saša Lukić,rs SRB,MF,Torino,24,1996,33.1,2039,59,340,1254,469,36,2036,38,28,73.7,10,26.3,1222,6785,3735,68,72,12,43,8,1348,57,Matches,c6e8cf1f
314,Sebastiano Luperto,it ITA,DF,Empoli,24,1996,21.8,1256,273,717,503,40,13,1256,2,1,50,1,50,691,3629,2228,21,14,0,8,2,699,3,Matches,997fff07
315,Charalambos Lykogiannis,gr GRE,DFFW,Cagliari,27,1993,20.2,1003,89,364,386,269,18,1003,20,8,40,12,60,409,2063,973,28,22,3,34,9,487,57,Matches,5efc5389
316,Niki Mäenpää,fi FIN,GK,Venezia,36,1985,16.5,568,493,565,3,0,0,568,0,0,,0,,264,1435,950,0,0,0,0,2,212,0,Matches,14a96e1c
317,Giulio Maggiore,it ITA,MF,Spezia,23,1998,31.3,1481,54,358,802,343,45,1481,43,16,37.2,27,62.8,833,3652,1680,39,36,10,72,28,971,68,Matches,957e4c87
318,Francesco Magnanelli,it ITA,MF,Sassuolo,36,1984,3,274,18,66,186,24,0,274,0,0,,0,,130,544,270,1,1,0,1,1,183,3,Matches,07767f42
319,Giangiacomo Magnani,it ITA,DF,Hellas Verona,25,1995,5.9,318,49,147,160,13,5,318,0,0,,0,,158,752,425,5,1,0,4,0,157,1,Matches,cce9f582
320,Giangiacomo Magnani,it ITA,DF,Sampdoria,25,1995,2.7,185,30,126,59,0,0,185,0,0,,0,,117,562,339,2,0,0,1,0,132,0,Matches,cce9f582
321,Mike Maignan,fr FRA,GK,Milan,26,1995,32,1207,867,1195,13,0,0,1207,0,0,,0,,798,4871,3506,0,0,0,2,1,660,0,Matches,fcb38f57
322,Ainsley Maitland-Niles,eng ENG,DF,Roma,23,1997,5.4,376,9,100,157,120,7,376,10,6,60,4,40,175,851,477,13,7,1,6,3,216,33,Matches,e3a5814e
323,Jean-Victor Makengo,fr FRA,MF,Udinese,23,1998,26.1,1073,29,207,598,293,37,1073,53,39,73.6,14,26.4,658,4297,2246,55,51,11,41,19,706,61,Matches,22bfb57e
324,Nikola Maksimović,rs SRB,DF,Genoa,29,1991,12.4,634,121,369,248,23,9,634,3,1,33.3,2,66.7,291,1503,845,3,3,0,4,3,318,1,Matches,16b9d5cf
325,Kévin Malcuit,ma MAR,DFMF,Napoli,30,1991,3.2,193,10,72,72,49,4,193,6,3,50,3,50,99,545,280,8,3,1,5,2,115,19,Matches,d6a889ea
326,Daniel Maldini,it ITA,MF,Milan,19,2001,1.6,75,0,9,36,31,9,75,3,2,66.7,1,33.3,42,248,143,7,4,1,8,1,50,8,Matches,801831fe
327,Youssef Maleh,it ITA,MF,Fiorentina,22,1998,11.3,545,1,75,266,207,40,545,8,4,50,4,50,288,1265,620,12,9,3,27,8,391,74,Matches,4c8845f7
328,Ruslan Malinovskyi,ua UKR,MFFW,Atalanta,28,1993,17.7,1161,4,81,516,588,47,1161,65,47,72.3,18,27.7,731,4534,2212,59,54,10,70,48,883,141,Matches,48d5bd33
329,Rey Manaj,al ALB,FW,Spezia,24,1997,19.6,724,14,53,383,298,65,721,49,22,44.9,27,55.1,404,2121,841,32,21,13,73,59,540,93,Matches,7703afb6
330,Gianluca Mancini,it ITA,DF,Roma,25,1996,32,2067,229,951,1002,121,39,2067,5,4,80,1,20,1208,5810,3581,30,22,1,13,3,1525,17,Matches,5aa53281
331,Leonardo Mancuso,it ITA,FW,Empoli,29,1992,4.7,113,2,9,40,65,13,113,0,0,,0,,61,342,174,5,4,1,11,4,75,28,Matches,311027cb
332,Rolando Mandragora,it ITA,MF,Torino,24,1997,14.7,894,26,125,541,237,18,894,6,3,50,3,50,469,1821,1032,20,14,4,15,9,537,29,Matches,c7259b83
333,Kostas Manolas,gr GRE,DF,Napoli,30,1991,3.5,253,35,88,163,2,0,253,0,0,,0,,180,898,554,2,1,0,0,0,199,0,Matches,c707411f
334,Riccardo Marchizza,it ITA,DF,Empoli,23,1998,15,797,43,209,356,239,18,797,23,12,52.2,11,47.8,402,2248,1134,27,20,2,16,8,415,47,Matches,91d0fabf
335,Gian Marco Ferrari,it ITA,DF,Sassuolo,29,1992,34.7,2556,368,1343,1140,85,32,2556,12,8,66.7,4,33.3,1495,6849,4258,21,17,1,23,5,1741,7,Matches,8650af85
336,Davide Marfella,it ITA,GK,Napoli,21,1999,0.1,2,2,2,0,0,0,2,0,0,,0,,1,2,2,0,0,0,0,0,1,0,Matches,880fcdbb
337,Pablo Marí,es ESP,DF,Udinese,27,1993,14.9,784,148,440,275,73,16,784,4,2,50,2,50,326,1165,564,2,2,1,12,1,349,6,Matches,aa54ec6f
338,Răzvan Marin,ro ROU,MF,Cagliari,25,1996,31.3,1557,34,239,834,508,26,1557,43,22,51.2,21,48.8,899,5167,2423,49,51,5,53,32,966,68,Matches,7fac99d4
339,Lautaro Martínez,ar ARG,FW,Inter,23,1997,25.4,843,6,57,307,485,183,837,54,21,38.9,33,61.1,480,2284,911,34,16,17,63,24,603,149,Matches,f7036e1c
340,Lucas Martínez Quarta,ar ARG,DF,Fiorentina,25,1996,15.9,1291,127,630,617,62,21,1291,16,11,68.8,5,31.3,834,5472,3033,22,16,1,12,7,894,4,Matches,3ec3c1c9
341,Adam Marušić,me MNE,DF,Lazio,28,1992,30.2,2120,116,737,1064,333,15,2120,25,14,56,11,44,1173,4684,2290,52,27,6,19,16,1385,73,Matches,d4535821
342,Andrea Masiello,it ITA,DF,Genoa,35,1986,5.7,363,57,205,151,11,3,363,0,0,,0,,204,838,460,2,1,1,4,3,227,0,Matches,e0314d87
343,Aleš Matějů,cz CZE,DF,Venezia,25,1996,8.1,366,38,125,142,100,8,366,5,5,100,0,0,164,894,402,9,5,0,6,4,191,37,Matches,deb748c9
344,Borja Mayoral,es ESP,FWDF,Roma,24,1997,1.1,47,0,2,21,25,4,47,4,1,25,3,75,26,81,15,0,1,0,2,0,40,8,Matches,64e8ed6d
345,Pasquale Mazzocchi,it ITA,DF,Venezia,26,1995,13.8,762,49,285,291,198,5,762,37,17,45.9,20,54.1,426,3017,1502,44,32,1,34,13,406,43,Matches,eb0ec070
346,Pasquale Mazzocchi,it ITA,DF,Salernitana,26,1995,14.1,725,41,217,293,227,10,725,37,18,48.6,19,51.4,361,2547,1282,43,25,4,31,12,392,46,Matches,eb0ec070
347,Ibrahima Mbaye,sn SEN,DF,Bologna,26,1994,1.2,63,11,23,28,12,0,63,2,2,100,0,0,24,88,32,0,1,0,0,1,35,3,Matches,cfbf9881
348,Weston McKennie,us USA,MF,Juventus,22,1998,15.2,737,28,151,356,241,50,737,26,20,76.9,6,23.1,362,1979,913,30,15,10,22,19,470,75,Matches,01c3aff5
349,Gary Medel,cl CHI,DF,Bologna,33,1987,31.4,1943,379,1111,819,29,2,1943,13,10,76.9,3,23.1,1108,5151,2641,12,5,2,8,2,1195,5,Matches,563a68ad
350,Filippo Melegoni,it ITA,MFFW,Genoa,22,1999,10.9,492,12,75,195,229,26,492,16,8,50,8,50,279,1569,779,28,23,4,40,12,296,60,Matches,6604165d
351,Arthur Melo,br BRA,MF,Juventus,24,1996,10.7,784,28,199,487,108,7,784,11,10,90.9,1,9.1,469,2491,1061,13,12,0,8,3,566,15,Matches,48b3dd60
352,Alex Meret,it ITA,GK,Napoli,24,1997,6.9,206,183,205,1,0,0,206,0,0,,0,,124,574,413,0,0,0,0,0,98,0,Matches,9413b19f
353,Yıldırım Mert Çetin,tr TUR,MF,Hellas Verona,24,1997,0.5,44,3,12,17,15,0,44,2,1,50,1,50,16,71,19,0,2,0,1,1,21,2,Matches,c730da00
354,Dries Mertens,be BEL,FWMF,Napoli,34,1987,15.4,682,4,50,299,337,90,681,29,17,58.6,12,41.4,391,1608,814,30,16,21,23,9,546,101,Matches,89b2c8a9
355,Junior Messias,br BRA,FWMF,Milan,30,1991,15.9,795,25,97,292,428,69,795,63,30,47.6,33,52.4,462,3314,1949,63,47,19,46,17,501,124,Matches,f49c4ae9
356,Kingsley Michael,ng NGA,MF,Bologna,21,1999,0.8,39,4,17,20,3,0,39,0,0,,0,,17,68,16,0,0,0,1,0,21,0,Matches,e63e122d
357,Valentin Mihaila,ro ROU,MFFW,Atalanta,21,2000,0.8,49,0,7,14,28,6,49,3,2,66.7,1,33.3,24,145,78,3,0,3,7,1,31,8,Matches,81a4c239
358,Mikael,br BRA,FWMF,Salernitana,22,1999,1,39,1,1,17,21,2,39,2,0,0,2,100,19,93,13,0,2,0,5,1,30,3,Matches,33502726
359,Hilmir Mikaelsson,is ISL,FW,Venezia,17,2004,0.2,6,0,0,2,4,0,6,0,0,,0,,1,2,0,0,0,0,0,0,2,1,Matches,5add9b29
360,Nikola Milenković,rs SRB,DF,Fiorentina,23,1997,32.5,2373,227,1171,1137,86,28,2373,2,2,100,0,0,1412,5908,3240,13,11,1,11,4,1634,8,Matches,bee704fc
361,Sergej Milinković-Savić,rs SRB,MF,Lazio,26,1995,34.4,2838,83,448,1602,818,117,2838,77,45,58.4,32,41.6,1625,7062,2939,67,59,11,99,48,2306,191,Matches,4e6dbac4
362,Vanja Milinković-Savić,rs SRB,GK,Torino,24,1997,27,1065,704,1051,14,1,1,1065,2,2,100,0,0,655,3891,2200,0,0,0,1,0,527,0,Matches,9fa26bc2
363,Aleksei Miranchuk,ru RUS,MFFW,Atalanta,25,1995,8.6,486,8,37,195,258,40,486,28,16,57.1,12,42.9,371,2153,984,31,21,16,25,17,396,65,Matches,a9aa0d1d
364,Fabio Miretti,it ITA,MF,Juventus,17,2003,3.6,176,3,48,95,35,5,176,2,1,50,1,50,90,371,162,3,8,0,6,0,118,9,Matches,34693494
365,Henrikh Mkhitaryan,am ARM,MFFW,Roma,32,1989,27.7,1502,37,209,789,528,66,1502,56,34,60.7,22,39.3,788,4894,2549,81,61,15,58,27,1004,139,Matches,dd0daf32
366,Marco Modolo,it ITA,DF,Venezia,32,1989,4.4,209,79,150,56,3,2,209,1,0,0,1,100,89,367,163,1,0,0,1,0,119,0,Matches,fdcdb521
367,Nahuel Molina,ar ARG,DF,Udinese,23,1998,29.3,1508,54,366,600,562,53,1508,42,20,47.6,22,52.4,797,4065,2501,61,42,10,36,10,937,164,Matches,23610943
368,Cristian Molinaro,it ITA,DF,Venezia,38,1983,6.1,384,27,149,158,78,1,384,7,5,71.4,2,28.6,173,1025,719,13,11,1,6,3,219,16,Matches,1c8c5aed
369,Lorenzo Montipò,it ITA,GK,Hellas Verona,25,1996,34,1062,882,1058,4,0,0,1062,1,1,100,0,0,554,3360,1799,0,0,0,0,0,433,0,Matches,c1d95617
370,Álvaro Morata,es ESP,FW,Juventus,28,1992,25.6,957,27,104,406,459,127,956,47,23,48.9,24,51.1,573,3691,1847,65,46,24,78,43,771,154,Matches,129af0db
371,Raúl Moro,es ESP,FW,Lazio,18,2002,2.2,110,0,6,56,48,10,110,10,3,30,7,70,75,688,343,13,6,4,5,2,83,17,Matches,919dd4b1
372,Andrei Motoc,ro ROU,DF,Salernitana,19,2002,1,36,5,23,12,1,0,36,1,1,100,0,0,19,66,35,0,0,0,1,0,19,0,Matches,b64073a0
373,Lys Mousset,fr FRA,MFFW,Salernitana,25,1996,1.8,65,0,2,32,32,6,65,7,3,42.9,4,57.1,37,219,124,3,2,1,8,2,45,11,Matches,d9cfca3d
374,Samuel Mráz,sk SVK,FW,Spezia,24,1997,0.6,15,0,1,10,4,0,15,0,0,,0,,4,26,9,1,0,0,0,0,8,2,Matches,be6c1ccc
375,Mert Müldür,tr TUR,DF,Sassuolo,22,1999,22.7,1423,77,422,723,288,19,1423,28,20,71.4,8,28.6,799,4316,2733,67,49,13,28,10,896,90,Matches,1295552e
376,Luis Muriel,co COL,FWMF,Atalanta,30,1991,17.1,1014,6,41,355,630,118,1012,104,62,59.6,42,40.4,629,3982,1642,57,45,43,63,47,779,214,Matches,eb2fe5b6
377,Vedat Muriqi,xk KVX,FW,Lazio,27,1994,2.4,93,1,13,38,43,9,93,5,3,60,2,40,67,218,41,1,2,1,10,3,84,23,Matches,0cadc46d
378,Nicola Murru,it ITA,DF,Sampdoria,26,1994,10.9,576,38,208,258,116,12,576,9,4,44.4,5,55.6,282,1335,807,20,11,0,15,10,311,30,Matches,d183e9d6
379,Juan Musso,ar ARG,GK,Atalanta,27,1994,32.6,1019,831,1010,10,0,0,1019,1,1,100,0,0,589,3258,2006,0,0,0,0,0,451,0,Matches,a111cf41
380,Joakim Mæhle,dk DEN,DFMF,Atalanta,24,1997,16.3,1113,25,240,476,409,33,1113,41,12,29.3,29,70.7,618,3108,1707,48,35,6,16,19,693,109,Matches,c459a650
381,Nahitan Nández,uy URU,MFDF,Cagliari,25,1995,16.9,829,17,127,381,338,43,829,45,27,60,18,40,510,3646,1853,60,45,22,37,26,588,104,Matches,95facda1
382,Nani,pt POR,MFFW,Venezia,34,1986,3.2,169,0,18,73,79,6,169,12,5,41.7,7,58.3,103,680,201,6,8,1,9,6,119,22,Matches,15e9c7e6
383,Matija Nastasić,rs SRB,DF,Fiorentina,28,1993,2.4,175,24,93,79,4,1,175,0,0,,0,,113,369,135,0,1,0,1,0,127,0,Matches,f35430a4
384,Ilija Nestorovski,mk MKD,FW,Udinese,31,1990,2.1,86,4,9,50,27,8,86,1,0,0,1,100,48,190,99,5,2,0,5,0,70,18,Matches,b1236c63
385,Aurélien Nguiamba,fr FRA,MF,Spezia,22,1999,0.6,40,2,9,26,5,0,40,1,1,100,0,0,19,48,23,1,0,0,0,0,21,1,Matches,de135234
386,Dimitris Nikolaou,gr GRE,DF,Spezia,22,1998,36,2009,301,1137,831,58,6,2009,21,17,81,4,19,1155,6151,3416,33,18,1,28,10,1204,14,Matches,cf961d8d
387,Jean-Pierre Nsame,cm CMR,FW,Venezia,28,1993,2.7,87,1,2,35,50,16,87,3,1,33.3,2,66.7,43,164,46,4,0,2,8,5,75,18,Matches,12e6d21a
388,Bram Nuytinck,nl NED,DF,Udinese,31,1990,22.6,1175,243,748,395,37,19,1175,2,1,50,1,50,610,2962,1301,4,5,2,2,2,666,6,Matches,e33f36d5
389,Simeon Nwankwo,ng NGA,FW,Salernitana,29,1992,9.4,279,14,27,128,127,42,279,10,7,70,3,30,167,571,180,3,4,2,30,23,223,48,Matches,80dbbd10
390,M'Bala Nzola,ao ANG,FW,Spezia,24,1996,11.9,392,14,29,154,217,52,392,27,16,59.3,11,40.7,230,1271,401,16,11,12,53,21,283,63,Matches,a4948e67
391,Adam Obert,sk SVK,DFMF,Cagliari,18,2002,3,143,19,84,44,18,0,143,6,4,66.7,2,33.3,79,392,145,0,1,0,5,4,77,3,Matches,aa25ce92
392,Joel Obi,ng NGA,MFDF,Salernitana,30,1991,12.7,493,17,120,238,143,26,493,7,4,57.1,3,42.9,264,1220,373,10,12,0,20,16,289,46,Matches,614c38fb
393,Brian Oddei,it ITA,FW,Sassuolo,18,2002,0.1,6,0,2,1,4,1,6,1,1,100,0,0,5,52,29,1,0,0,0,0,5,1,Matches,97e8ea97
394,Álvaro Odriozola,es ESP,DF,Fiorentina,25,1995,19.3,1192,56,349,462,386,55,1192,25,12,48,13,52,693,4522,2157,75,41,17,25,12,773,136,Matches,1d1691ad
395,Stefano Okaka,it ITA,FW,Udinese,31,1989,0.2,9,1,1,5,4,2,9,0,0,,0,,4,44,28,0,1,0,0,0,5,2,Matches,601ef102
396,David Okereke,ng NGA,FWMF,Venezia,23,1997,22.8,693,27,84,280,345,82,693,50,26,52,24,48,419,3006,1477,60,31,25,53,29,495,137,Matches,d125f22f
397,Christian Oliva,uy URU,MF,Cagliari,25,1996,0.5,33,2,10,19,5,0,33,0,0,,0,,22,133,77,2,1,0,0,0,20,0,Matches,d3b888e3
398,Sérgio Oliveira,pt POR,MF,Roma,29,1992,9.9,600,14,126,349,133,11,599,15,8,53.3,7,46.7,285,1355,605,10,8,1,9,10,393,16,Matches,947e036f
399,Riccardo Orsolini,it ITA,FWMF,Bologna,24,1997,19.8,968,17,117,450,409,55,966,58,26,44.8,32,55.2,549,3095,1420,38,16,13,51,29,719,125,Matches,e14ec482
400,Victor Osimhen,ng NGA,FW,Napoli,22,1998,22,617,22,34,220,372,142,617,54,30,55.6,24,44.4,380,2521,1059,49,36,24,76,32,502,178,Matches,8c90fd7a
401,David Ospina,co COL,GK,Napoli,32,1988,31,1035,875,1022,14,0,0,1035,1,1,100,0,0,671,3454,2433,0,0,0,0,0,560,0,Matches,82b1198a
402,Adam Ounas,dz ALG,MFFW,Napoli,24,1996,3.6,268,4,28,99,151,20,268,28,24,85.7,4,14.3,184,1436,774,28,14,12,19,11,212,44,Matches,ed90babd
403,Daniele Padelli,it ITA,GK,Udinese,35,1985,3,122,114,122,0,0,0,122,0,0,,0,,65,300,190,0,0,0,0,0,55,0,Matches,cf1c23d8
404,Simone Pafundi,it ITA,FW,Udinese,15,2006,0.3,13,0,2,9,2,0,13,0,0,,0,,11,82,48,2,0,0,0,0,11,2,Matches,8daee720
405,Martin Palumbo,no NOR,FW,Juventus,19,2002,0.1,5,0,2,2,1,0,5,0,0,,0,,2,15,15,1,0,0,0,0,1,0,Matches,f8d41a8c
406,Goran Pandev,mk MKD,FWMF,Genoa,38,1983,9.4,312,1,25,147,142,27,312,22,10,45.5,12,54.5,234,954,308,9,10,4,26,25,272,57,Matches,d711d04f
407,Ivor Pandur,hr CRO,GK,Hellas Verona,21,2000,3,77,71,77,0,0,0,77,0,0,,0,,45,194,105,0,0,0,0,0,34,0,Matches,457cb02f
408,Fabiano Parisi,it ITA,DF,Empoli,20,2000,16.4,1040,79,381,424,263,17,1040,55,29,52.7,26,47.3,589,3860,2116,58,41,6,42,18,519,49,Matches,0967845b
409,Mario Pašalić,hr CRO,MFFW,Atalanta,26,1995,22.2,1257,24,163,657,444,109,1257,31,15,48.4,16,51.6,712,3305,1540,38,32,18,59,22,922,142,Matches,e599253a
410,Patric,es ESP,DF,Lazio,28,1993,18.3,1569,179,751,795,30,9,1569,2,2,100,0,0,983,4507,2190,5,3,1,7,1,1233,6,Matches,f7223718
411,Rui Patrício,pt POR,GK,Roma,33,1988,38,1138,1008,1136,2,0,0,1138,1,1,100,0,0,606,3288,1824,0,0,0,2,0,493,0,Matches,79b0d6a0
412,Leonardo Pavoletti,it ITA,FW,Cagliari,32,1988,16.9,667,19,64,320,287,89,667,10,6,60,4,40,301,682,176,2,5,2,39,13,516,82,Matches,d37b0350
413,Pedro,es ESP,FW,Lazio,34,1987,22.6,1166,13,149,583,457,67,1166,57,31,54.4,26,45.6,803,5187,2704,84,50,16,55,26,939,147,Matches,3ca7254a
414,João Pedro,it ITA,FW,Cagliari,29,1992,36.9,1093,22,83,507,512,148,1089,72,34,47.2,38,52.8,653,3217,1134,38,27,20,108,36,785,198,Matches,81255c03
415,Gianluca Pegolo,it ITA,GK,Sassuolo,40,1981,1,36,28,35,1,0,0,36,0,0,,0,,19,69,34,0,0,0,0,0,18,0,Matches,f058ed1f
416,Pietro Pellegri,it ITA,FW,Torino,20,2001,2.4,81,6,8,35,39,8,81,8,4,50,4,50,50,290,96,3,0,1,20,8,62,17,Matches,a44d3a3c
417,Pietro Pellegri,it ITA,FW,Milan,20,2001,1.5,37,1,3,11,23,7,37,4,1,25,3,75,18,101,33,3,1,1,2,4,19,5,Matches,a44d3a3c
418,Lorenzo Pellegrini,it ITA,MF,Roma,25,1996,25.4,1465,23,140,667,681,117,1462,91,43,47.3,48,52.7,784,4952,2202,76,51,24,64,24,976,181,Matches,4a5a45c7
419,Luca Pellegrini,it ITA,DF,Juventus,22,1999,12.3,800,28,260,333,212,9,800,18,9,50,9,50,409,1684,941,21,25,3,15,5,492,41,Matches,3b61c9ec
420,Federico Peluso,it ITA,DF,Sassuolo,37,1984,0.1,4,0,1,4,0,0,4,0,0,,0,,1,34,32,0,0,0,0,0,0,0,Matches,4f2908e5
421,Gastón Pereiro,uy URU,FWMF,Cagliari,26,1995,10.8,474,9,53,197,226,30,474,19,10,52.6,9,47.4,277,1707,933,32,23,7,14,17,331,46,Matches,7ec7738e
422,Dor Peretz,il ISR,MF,Venezia,26,1995,6.5,315,23,90,186,40,4,315,6,1,16.7,5,83.3,137,600,223,3,3,1,9,7,192,7,Matches,e2a302a8
423,Roberto Pereyra,ar ARG,MFFW,Udinese,30,1991,19.9,1053,18,138,529,402,85,1051,46,21,45.7,25,54.3,651,4380,2273,73,43,18,54,27,768,90,Matches,75f2c59f
424,Carles Pérez,es ESP,MFFW,Roma,23,1998,6.2,334,0,27,114,194,31,334,20,11,55,9,45,206,1431,735,25,20,9,15,11,231,52,Matches,a8f21b9f
425,Nehuén Pérez,ar ARG,DF,Udinese,21,2000,18.8,969,117,435,462,80,20,969,15,7,46.7,8,53.3,437,2335,1353,16,9,1,13,4,476,8,Matches,f7c491f1
426,Mattia Perin,it ITA,GK,Juventus,28,1992,4.5,143,128,143,0,0,0,143,0,0,,0,,81,315,191,0,0,0,0,0,73,0,Matches,4c62d0c8
427,Ivan Perišić,hr CRO,DF,Inter,32,1989,31.3,1817,73,405,659,779,143,1816,45,26,57.8,19,42.2,925,5768,3364,135,75,44,48,8,1145,242,Matches,6fe90922
428,Diego Perotti,ar ARG,MFFW,Salernitana,33,1988,3.2,197,9,32,77,92,15,196,13,8,61.5,5,38.5,112,820,492,14,13,4,7,6,124,25,Matches,a40d5a0c
429,Mario Perrone,it ITA,DF,Salernitana,18,2003,0.2,10,1,4,5,1,0,10,0,0,,0,,2,3,1,0,0,0,0,0,7,0,Matches,6cd33e2a
430,Matteo Pessina,it ITA,MFFW,Atalanta,24,1997,16,1064,14,168,549,370,54,1064,36,23,63.9,13,36.1,671,3530,1709,40,35,9,41,17,766,102,Matches,780e3631
431,Andrea Petagna,it ITA,FW,Napoli,26,1995,6.5,225,5,22,120,87,23,225,14,9,64.3,5,35.7,137,887,416,15,10,4,21,14,188,38,Matches,03f946ed
432,Giuseppe Pezzella,it ITA,DFMF,Atalanta,23,1997,11.9,788,22,169,348,285,23,788,19,8,42.1,11,57.9,443,2351,1237,35,29,7,18,12,495,80,Matches,149c5f5d
433,Krzysztof Piątek,pl POL,FW,Fiorentina,26,1995,8.1,249,8,22,111,118,38,248,6,3,50,3,50,120,596,173,7,9,1,23,7,162,33,Matches,17f3620a
434,Roberto Piccoli,it ITA,FW,Genoa,20,2001,2.4,80,2,6,44,31,7,80,3,2,66.7,1,33.3,35,154,43,1,2,0,12,6,59,15,Matches,1cadaf34
435,Roberto Piccoli,it ITA,FW,Atalanta,20,2001,2.2,72,0,4,29,40,12,72,3,1,33.3,2,66.7,41,145,31,2,1,2,7,10,56,15,Matches,1cadaf34
436,Andrea Pinamonti,it ITA,FW,Empoli,22,1999,31.9,945,28,59,357,534,164,941,40,17,42.5,23,57.5,557,2531,757,36,21,19,71,47,741,233,Matches,08aa9cd1
437,Carlo Pinsoglio,it ITA,GK,Juventus,31,1990,0.5,13,12,13,0,0,0,13,0,0,,0,,10,50,25,0,0,0,0,0,10,0,Matches,f6a06749
438,Riccardo Pinzi,it ITA,FW,Udinese,17,2003,0,1,0,0,1,0,0,1,0,0,,0,,1,2,2,0,0,0,0,0,1,0,Matches,5dafcdce
439,Marko Pjaca,hr CRO,MF,Torino,26,1995,12.8,559,8,42,229,292,49,559,41,23,56.1,18,43.9,365,1942,1010,39,29,19,34,30,440,102,Matches,2c38b327
440,Tommaso Pobega,it ITA,MF,Torino,22,1999,24.9,1491,48,233,882,392,55,1491,27,14,51.9,13,48.1,807,3799,1822,33,42,9,45,16,991,62,Matches,55a1cac2
441,Suf Podgoreanu,il ISR,FW,Spezia,19,2002,1.3,72,3,7,25,40,1,72,6,3,50,3,50,45,395,139,4,5,0,2,2,54,13,Matches,d697a2d0
442,Matteo Politano,it ITA,FW,Napoli,27,1993,18.3,974,10,126,296,561,81,974,47,21,44.7,26,55.3,651,4056,2184,76,35,32,31,21,719,191,Matches,5e861944
443,Manolo Portanova,it ITA,FWMF,Genoa,21,2000,14.7,577,24,95,277,217,37,577,46,25,54.3,21,45.7,296,1681,877,30,14,8,53,24,306,57,Matches,c8c0dccd
444,Dennis Praet,be BEL,MF,Torino,27,1994,17.1,723,6,69,300,361,49,723,28,12,42.9,16,57.1,412,2094,919,34,19,12,28,16,511,101,Matches,86695068
445,Mateusz Praszelik,pl POL,MF,Hellas Verona,20,2000,0.3,15,0,1,7,8,2,15,1,1,100,0,0,12,75,45,2,2,0,3,0,14,2,Matches,ec6773f5
446,Ivan Provedel,it ITA,GK,Spezia,27,1994,30.7,1281,1031,1266,16,0,0,1281,0,0,,0,,716,3740,2345,0,0,0,1,0,568,0,Matches,277da414
447,Erick Pulgar,cl CHI,MF,Fiorentina,27,1994,3.8,265,5,54,172,45,1,265,3,2,66.7,1,33.3,135,661,319,2,3,0,5,2,176,1,Matches,4.61E+31
448,Ignacio Pussetto,ar ARG,FWMF,Udinese,25,1995,13.4,509,16,43,229,247,60,508,56,25,44.6,31,55.4,266,1719,647,28,19,11,40,22,336,68,Matches,62437b4f
449,Niklas Pyyhtiä,fi FIN,MF,Bologna,17,2003,0.2,25,0,2,19,5,0,25,1,1,100,0,0,13,47,24,0,0,0,1,0,16,0,Matches,88f53b75
450,Fabio Quagliarella,it ITA,FW,Sampdoria,38,1983,18.5,655,14,49,291,321,74,654,23,11,47.8,12,52.2,383,1517,575,17,12,2,49,26,490,140,Matches,ee4f2f3b
451,Adrien Rabiot,fr FRA,MF,Juventus,26,1995,25.4,1332,74,337,686,330,54,1332,57,44,77.2,13,22.8,744,4777,2380,65,37,12,38,24,875,82,Matches,8.79E+254
452,Ivan Radovanović,rs SRB,DFMF,Salernitana,32,1988,11.7,607,60,272,276,66,14,607,1,1,100,0,0,313,1693,847,11,10,0,4,1,374,6,Matches,023937a9
453,Ionuț Radu,ro ROU,GK,Inter,24,1997,1,24,18,24,0,0,0,24,0,0,,0,,15,51,34,0,0,0,1,0,16,0,Matches,67f649be
454,Ștefan Radu,ro ROU,DF,Lazio,34,1986,6.2,379,35,163,176,41,2,379,1,1,100,0,0,173,937,469,6,4,0,5,3,232,7,Matches,53de807a
455,Boris Radunović,rs SRB,GK,Cagliari,25,1996,3,108,102,108,0,0,0,108,0,0,,0,,62,369,216,0,0,0,0,0,40,0,Matches,0dfce079
456,Antonio Raimondo,it ITA,FW,Bologna,17,2004,0.8,22,1,5,7,10,5,22,4,0,0,4,100,12,55,2,0,0,0,1,4,15,3,Matches,ce1a6c7e
457,Aaron Ramsey,wls WAL,MF,Juventus,30,1990,1.1,67,1,20,39,8,2,67,0,0,,0,,35,100,41,0,0,0,1,1,58,1,Matches,ef619b0b
458,Luca Ranieri,it ITA,DF,Salernitana,22,1999,23.4,1214,94,374,575,275,22,1214,36,17,47.2,19,52.8,564,2654,1488,37,22,1,21,10,644,69,Matches,8c63fae5
459,Andrea Ranocchia,it ITA,DF,Inter,33,1988,3.8,234,42,126,104,7,3,234,0,0,,0,,134,524,312,0,1,0,2,0,156,0,Matches,539230cf
460,Giacomo Raspadori,it ITA,MFFW,Sassuolo,21,2000,30.4,1359,25,180,610,585,113,1359,60,35,58.3,25,41.7,817,4044,1454,49,28,17,88,48,1002,178,Matches,6e058f06
461,Nicola Ravaglia,it ITA,GK,Sampdoria,32,1988,0.1,5,4,5,0,0,0,5,0,0,,0,,2,6,1,0,0,0,0,0,2,0,Matches,d7a35008
462,Ante Rebić,hr CRO,FW,Milan,27,1993,9.9,443,6,20,141,288,75,443,38,16,42.1,22,57.9,254,1569,738,36,16,20,33,16,325,80,Matches,536cebe5
463,Arkadiusz Reca,pl POL,DF,Spezia,26,1995,19.7,1101,85,433,446,229,10,1101,23,12,52.2,11,47.8,504,3188,1800,51,30,5,37,8,560,41,Matches,6213fd82
464,Pepe Reina,es ESP,GK,Lazio,38,1982,15,554,483,552,2,0,0,554,0,0,,0,,334,1885,1248,0,0,0,0,0,287,0,Matches,e358587b
465,Panagiotis Retsos,gr GRE,DF,Hellas Verona,22,1998,0.6,29,3,10,12,7,1,29,0,0,,0,,15,106,58,3,1,0,2,0,11,2,Matches,4bd00a50
466,Bryan Reynolds,us USA,DF,Roma,20,2001,0,4,0,2,1,1,0,4,0,0,,0,,2,3,1,0,0,0,0,0,2,1,Matches,2306bf5c
467,Franck Ribéry,fr FRA,MFFW,Salernitana,38,1983,15.8,865,3,80,407,386,59,865,63,28,44.4,35,55.6,569,3842,1864,65,48,30,70,52,621,95,Matches,f61c7c4e
468,Samuele Ricci,it ITA,MF,Torino,19,2001,8,467,27,92,310,71,5,467,7,4,57.1,3,42.9,291,1462,625,5,13,0,6,3,339,8,Matches,9823be92
469,Samuele Ricci,it ITA,MF,Empoli,19,2001,17,1078,53,291,673,125,2,1078,11,9,81.8,2,18.2,668,3799,1909,24,15,1,10,12,746,13,Matches,9823be92
470,Tomás Rincón,ve VEN,MF,Torino,33,1988,1.8,112,5,22,70,21,1,112,3,3,100,0,0,53,176,68,0,1,0,4,0,62,1,Matches,f1cfc209
471,Tomás Rincón,ve VEN,MF,Sampdoria,33,1988,13,681,24,179,418,94,6,681,19,16,84.2,3,15.8,399,1755,861,12,10,2,11,13,481,19,Matches,f1cfc209
472,Ricardo Rodríguez,ch SUI,DF,Torino,28,1992,27.5,1672,88,586,868,228,6,1672,5,5,100,0,0,1001,5203,3169,50,52,3,8,2,1092,27,Matches,7f78ad23
473,Marko Rog,hr CRO,MF,Cagliari,26,1995,3.5,191,4,25,89,79,4,191,9,4,44.4,5,55.6,110,553,275,7,10,1,6,7,125,10,Matches,b6b2b820
474,Rogério,br BRA,DF,Sassuolo,23,1998,19.2,1312,67,413,598,318,18,1312,25,14,56,11,44,769,4452,2436,61,45,6,19,16,879,80,Matches,10e7f486
475,Alessio Romagnoli,it ITA,DF,Milan,26,1995,15.7,1142,116,498,604,44,21,1142,2,2,100,0,0,614,2780,1442,6,0,0,3,0,786,3,Matches,3ead85f9
476,Simone Romagnoli,it ITA,DF,Empoli,31,1990,16.6,982,183,528,424,34,13,982,1,1,100,0,0,469,2756,1844,14,5,0,4,2,509,1,Matches,09899de8
477,Luka Romero,ar ARG,FW,Lazio,16,2004,0.9,46,0,2,18,28,1,46,3,2,66.7,1,33.3,35,297,120,6,4,1,2,0,35,9,Matches,ca6edaa0
478,Sergio Romero,ar ARG,GK,Venezia,34,1987,16,647,575,643,4,0,0,647,0,0,,0,,355,1934,1399,0,0,0,0,0,253,0,Matches,1e26e376
479,Cristiano Ronaldo,pt POR,FW,Juventus,36,1985,0.3,15,0,1,8,7,2,15,1,1,100,0,0,7,49,23,1,2,0,0,0,11,3,Matches,dea698d9
480,Marten de Roon,nl NED,MFDF,Atalanta,30,1991,28.3,1952,74,507,1129,327,19,1952,10,5,50,5,50,1090,4624,2313,19,23,2,13,7,1232,30,Matches,2a1beb34
481,Francesco Rossi,it ITA,GK,Atalanta,30,1991,0.4,17,17,17,0,0,0,17,0,0,,0,,8,24,12,0,0,0,0,0,10,0,Matches,7b5f516f
482,Nicolò Rovella,it ITA,MF,Genoa,19,2001,16.3,1138,34,220,633,301,9,1138,28,16,57.1,12,42.9,636,3073,1458,31,23,0,20,16,685,34,Matches,e58cbfd5
483,Amir Rrahmani,xk KVX,DF,Napoli,27,1994,32.5,2238,268,1084,1089,73,31,2238,6,5,83.3,1,16.7,1377,5822,3303,12,14,1,10,7,1583,3,Matches,4b3e1a38
484,Ruan,br BRA,DF,Sassuolo,22,1999,2.4,160,34,80,61,20,2,160,10,7,70,3,30,59,320,218,5,4,0,2,2,61,2,Matches,a378a02a
485,Daniele Rugani,it ITA,DF,Juventus,27,1994,9.8,631,94,327,290,16,5,631,0,0,,0,,390,1652,801,3,2,0,1,2,456,1,Matches,14b8fcdf
486,Matteo Ruggeri,it ITA,DF,Salernitana,19,2002,7.5,366,40,117,157,94,10,366,6,3,50,3,50,146,649,320,10,4,1,9,3,200,19,Matches,ae9898c5
487,Mário Rui,pt POR,DF,Napoli,30,1991,33.2,2736,102,764,1346,642,53,2736,24,14,58.3,10,41.7,1546,6455,3767,67,35,13,25,14,1892,155,Matches,0b5a292a
488,Fabián Ruiz Peña,es ESP,MF,Napoli,25,1996,26.5,2455,73,463,1495,516,39,2455,22,12,54.5,10,45.5,1488,6542,3400,58,46,9,28,11,1962,80,Matches,c0c7ff58
489,Alessandro Russo,it ITA,MF,Salernitana,17,2003,0.3,9,1,4,4,2,1,9,0,0,,0,,5,26,24,0,0,0,0,0,4,1,Matches,7152082d
490,Stefano Sabelli,it ITA,DF,Genoa,28,1993,3.9,203,13,68,76,61,5,203,4,1,25,3,75,109,500,275,11,4,1,12,4,110,21,Matches,0ccac09c
491,Abdelhamid Sabiri,ma MAR,MFFW,Sampdoria,24,1996,9.9,481,5,52,256,181,24,481,30,17,56.7,13,43.3,275,1246,525,13,14,4,32,18,347,36,Matches,4830e0af
492,Alexis Saelemaekers,be BEL,FW,Milan,22,1999,20.7,1129,14,111,511,530,68,1129,92,52,56.5,40,43.5,687,4482,2160,63,39,16,54,29,827,161,Matches,ee251371
493,Jacopo Sala,it ITA,MF,Spezia,29,1991,9.8,557,19,175,311,80,6,557,12,5,41.7,7,58.3,323,1242,476,7,8,0,9,4,345,9,Matches,da5a981b
494,Eddie Salcedo,it ITA,MFFW,Spezia,19,2001,4.8,205,7,22,85,100,28,205,9,3,33.3,6,66.7,109,541,182,8,5,5,14,7,145,29,Matches,0489bb30
495,Lazar Samardzic,de GER,MFFW,Udinese,19,2002,5.4,338,5,38,148,158,13,338,26,15,57.7,11,42.3,173,942,456,10,7,5,14,8,203,29,Matches,217c93a1
496,Luigi Samele,it ITA,FW,Sassuolo,19,2002,0.1,4,1,2,0,2,1,4,0,0,,0,,2,2,0,0,0,0,0,1,2,1,Matches,548fea2f
497,Antonio Sanabria,py PAR,FW,Torino,25,1996,20,707,12,33,325,354,84,707,20,13,65,6,30,414,1588,374,11,11,7,79,37,576,123,Matches,0a447501
498,Alexis Sánchez,cl CHI,FW,Inter,32,1988,9.8,565,4,33,237,299,51,565,39,21,53.8,18,46.2,363,1743,674,22,14,9,22,14,436,77,Matches,2c0f8e9e
499,Alex Sandro,br BRA,DF,Juventus,30,1991,19.8,1288,84,411,568,321,37,1288,29,14,48.3,15,51.7,725,4206,2255,68,32,9,15,20,835,86,Matches,0d82903c
500,Nicola Sansone,it ITA,FWMF,Bologna,29,1991,10,443,3,60,167,221,26,443,34,14,41.2,20,58.8,286,1797,830,21,20,8,23,15,326,64,Matches,7eb97a8e
501,Federico Santander,py PAR,FWDF,Bologna,30,1991,0.7,37,1,2,16,20,4,37,2,0,0,2,100,19,80,30,0,0,0,1,3,33,7,Matches,df85d472
502,Samir Santos,br BRA,DF,Udinese,26,1994,15.8,878,95,418,410,56,9,878,5,3,60,2,40,442,1960,1044,14,10,1,9,3,477,11,Matches,92b4758e
503,Riccardo Saponara,it ITA,FW,Fiorentina,29,1991,14.3,713,7,88,294,338,71,713,53,20,37.7,33,62.3,501,3872,1984,84,52,29,32,19,583,123,Matches,3bb7af3b
504,Giacomo Satalino,it ITA,GK,Sassuolo,22,1999,0.1,2,2,2,0,0,0,2,0,0,,0,,0,0,0,0,0,0,0,0,0,0,Matches,b1f0b916
505,Martin Satriano,uy URU,FWMF,Inter,20,2001,0.4,14,0,2,4,9,1,14,0,0,,0,,8,78,1,0,1,1,2,1,8,3,Matches,86383d0e
506,Giorgio Scalvini,it ITA,DFMF,Atalanta,17,2003,8.5,599,22,223,276,104,26,599,6,4,66.7,2,33.3,322,1253,644,9,7,2,13,6,385,15,Matches,1e9aa637
507,Gianluca Scamacca,it ITA,FW,Sassuolo,22,1999,23.8,808,26,62,413,342,89,807,30,21,70,9,30,461,2146,737,21,22,6,74,49,630,149,Matches,8790f988
508,Andrea Schiavone,it ITA,MF,Salernitana,28,1993,6.3,305,20,63,183,59,8,305,2,1,50,1,50,135,551,256,5,3,0,8,1,152,7,Matches,4b55eb4d
509,David Schnegg,at AUT,DF,Venezia,22,1998,1.6,112,8,55,41,20,0,112,6,1,16.7,5,83.3,63,406,230,2,1,0,3,5,58,5,Matches,1c341b14
510,Jerdy Schouten,nl NED,MF,Bologna,24,1997,15.5,968,63,279,547,148,4,968,25,22,88,3,12,447,2079,843,9,13,1,25,11,601,13,Matches,2cfae697
511,Demba Seck,sn SEN,MFFW,Torino,20,2001,1.6,60,0,2,25,33,10,60,6,4,66.7,2,33.3,42,346,199,6,2,6,4,2,46,8,Matches,16463a79
512,Adrian Šemper,hr CRO,GK,Genoa,23,1998,1,39,35,39,0,0,0,39,0,0,,0,,25,139,66,0,0,0,0,0,18,0,Matches,f02dde20
513,Stefano Sensi,it ITA,MFFW,Sampdoria,25,1995,8.4,488,10,78,258,160,15,488,25,13,52,12,48,305,1737,634,16,19,1,17,16,352,24,Matches,b70bde8f
514,Stefano Sensi,it ITA,MFFW,Inter,25,1995,1.9,154,0,19,81,56,8,154,4,3,75,1,25,106,621,278,7,5,0,6,4,125,13,Matches,b70bde8f
515,Luigi Sepe,it ITA,GK,Salernitana,30,1991,15.5,604,490,596,8,0,0,604,1,0,0,1,100,318,1697,1123,0,2,2,0,0,240,0,Matches,343f753a
516,Laurens Serpe,it ITA,DF,Genoa,20,2001,0.5,37,4,15,19,3,1,37,1,0,0,1,100,23,123,68,2,2,0,0,0,31,1,Matches,79d60e74
517,Stephan El Shaarawy,it ITA,FWDF,Roma,28,1992,11.7,727,8,96,316,326,61,727,39,20,51.3,19,48.7,425,3015,1745,58,42,20,22,13,495,105,Matches,d3aaad90
518,Aimar Sher,se SWE,MF,Spezia,18,2002,0.5,30,1,8,18,4,0,30,0,0,,0,,11,65,17,0,2,0,1,0,13,0,Matches,ef301f96
519,Eldor Shomurodov,uz UZB,FWMF,Roma,26,1995,8.7,341,3,24,130,191,69,341,12,3,25,9,75,179,1367,654,28,15,12,22,16,248,85,Matches,57469b2d
520,Alassane Sidibe,ci CIV,MF,Atalanta,19,2002,0.1,4,0,2,1,1,0,4,0,0,,0,,1,2,2,0,0,0,0,0,2,0,Matches,f944979d
521,Arnór Sigurðsson,is ISL,FWMF,Venezia,22,1999,2,74,0,9,32,35,5,74,6,3,50,3,50,55,294,112,6,1,1,7,5,50,16,Matches,f209b81e
522,Adrien Silva,pt POR,MF,Sampdoria,32,1989,12,750,40,197,461,99,6,750,13,10,76.9,3,23.1,418,1762,898,14,8,1,22,11,442,14,Matches,d6f88a1d
523,Marco Silvestri,it ITA,GK,Udinese,30,1991,35,1021,914,1018,3,0,0,1021,0,0,,0,,486,2632,1798,0,0,0,0,0,388,0,Matches,0d422df7
524,Giovanni Simeone,ar ARG,FW,Hellas Verona,26,1995,29.5,1099,28,94,458,563,142,1098,61,23,37.7,37,60.7,653,2966,949,40,34,16,136,80,862,259,Matches,343c0d52
525,Giovanni Simeone,ar ARG,FW,Cagliari,26,1995,0.1,5,0,0,3,2,2,5,0,0,,0,,4,26,3,0,0,0,0,0,4,2,Matches,343c0d52
526,Wilfried Singo,ci CIV,DF,Torino,20,2000,29,1773,66,339,804,654,71,1773,81,41,50.6,40,49.4,974,5708,2780,69,56,18,66,18,1038,157,Matches,8b609c34
527,Salvatore Sirigu,it ITA,GK,Genoa,34,1987,37,1282,1064,1277,5,0,0,1282,0,0,,0,,695,3650,2501,0,0,0,1,0,552,0,Matches,10dc46f0
528,Leo Skiri Østigård,no NOR,DF,Genoa,21,1999,13,678,96,342,309,32,15,678,3,2,66.7,1,33.3,318,1726,932,10,3,1,3,0,326,2,Matches,b35a7399
529,Łukasz Skorupski,pl POL,GK,Bologna,30,1991,36,1349,1177,1346,3,0,0,1349,0,0,,0,,680,3570,2185,0,0,0,0,0,567,0,Matches,ab4449d6
530,Andreas Skov Olsen,dk DEN,FWDF,Bologna,21,1999,8.3,491,12,90,203,202,19,491,15,5,33.3,10,66.7,253,1832,823,29,24,8,19,5,325,52,Matches,c50cee19
531,Milan Škriniar,sk SVK,DF,Inter,26,1995,35,2419,282,1164,1076,191,37,2419,13,12,92.3,1,7.7,1468,6826,3088,34,22,0,16,7,1792,31,Matches,30f5ffa9
532,Chris Smalling,eng ENG,DF,Roma,31,1989,23.2,1268,172,711,533,34,23,1268,4,3,75,1,25,672,2675,1125,4,3,0,6,1,790,5,Matches,b6964eb6
533,Brandon Soppy,fr FRA,DFMF,Udinese,19,2002,8.6,356,18,87,146,131,22,356,38,18,47.4,20,52.6,205,1405,748,25,20,9,16,8,203,50,Matches,28f66c2e
534,Roberto Soriano,it ITA,MF,Bologna,30,1991,29.1,1555,48,263,813,497,54,1555,37,21,56.8,16,43.2,901,5002,2282,48,53,8,44,14,1154,145,Matches,9d4c45d6
535,Riccardo Sottil,it ITA,FW,Fiorentina,22,1999,13.8,519,3,34,195,302,47,519,52,26,50,26,50,397,4260,2181,81,44,22,26,15,446,126,Matches,94816803
536,Matìas Soulé,ar ARG,FW,Juventus,18,2003,0.1,8,0,1,6,2,0,8,0,0,,0,,7,51,36,1,0,0,0,0,7,1,Matches,c13ddd3e
537,Adama Soumaoro,fr FRA,DF,Bologna,29,1992,25.2,1253,136,563,616,80,17,1253,10,8,80,2,20,628,3045,1642,16,20,1,13,5,766,10,Matches,7b075c75
538,Leonardo Spinazzola,it ITA,DF,Roma,28,1993,1.4,91,5,26,36,29,2,91,8,3,37.5,5,62.5,53,268,108,4,0,2,3,2,57,10,Matches,3626daea
539,Marco Sportiello,it ITA,GK,Atalanta,29,1992,5,145,123,143,2,0,0,145,0,0,,0,,87,403,248,0,0,0,0,0,56,0,Matches,ac4003af
540,Luca Stanga,it ITA,DF,Milan,19,2002,0,3,0,0,3,0,0,3,0,0,,0,,3,28,20,1,0,0,0,1,3,0,Matches,2967bcd0
541,Riccardo Stivanello,it ITA,DF,Bologna,17,2004,0.5,22,9,20,3,0,0,22,0,0,,0,,8,44,20,0,0,0,1,0,7,0,Matches,90e1d9dc
542,Petar Stojanović,si SVN,DF,Empoli,25,1995,30.4,2084,114,596,933,583,45,2084,93,52,55.9,41,44.1,1112,6625,3787,94,72,23,56,35,1139,110,Matches,13b44b02
543,Thomas Strakosha,al ALB,GK,Lazio,26,1995,23,779,690,776,3,0,0,779,0,0,,0,,469,2160,1239,0,0,0,0,0,434,0,Matches,339fe0e8
544,Stefan Strandberg,no NOR,DF,Salernitana,31,1990,10.4,629,86,315,280,41,12,629,2,2,100,0,0,341,1828,1147,8,4,0,3,1,362,1,Matches,6d5e62b0
545,Dávid Strelec,sk SVK,FWMF,Spezia,20,2001,5.6,197,5,39,83,81,20,197,10,4,40,6,60,97,517,297,13,8,3,15,3,120,21,Matches,2cb9486d
546,Kevin Strootman,nl NED,MF,Cagliari,31,1990,7.1,428,25,121,265,47,3,428,5,4,80,1,20,228,797,424,6,5,0,6,2,276,6,Matches,ef2e5e1a
547,Jens Stryger Larsen,dk DEN,DF,Udinese,30,1991,7.6,339,19,106,126,107,10,339,11,4,36.4,7,63.6,150,719,293,8,9,0,7,6,193,20,Matches,f91e81c9
548,Leo Štulac,si SVN,MF,Empoli,26,1994,9.3,554,33,165,301,93,0,554,4,3,75,1,25,298,1189,532,5,4,0,7,4,381,6,Matches,92948398
549,Stefano Sturaro,it ITA,MF,Genoa,28,1993,19.6,818,45,180,407,238,24,818,13,5,38.5,8,61.5,335,1217,396,10,11,3,30,25,416,53,Matches,2334478a
550,Isaac Success,ng NGA,FWMF,Udinese,25,1996,10.1,399,8,24,156,225,53,399,29,19,65.5,10,34.5,282,1262,575,16,12,7,37,27,355,84,Matches,f573a8bf
551,Vladyslav Supriaha,ua UKR,FW,Sampdoria,21,2000,0.2,6,0,0,3,3,0,6,0,0,,0,,4,37,8,0,1,0,2,0,6,0,Matches,73affbb6
552,Bosko Sutalo,hr CRO,DF,Hellas Verona,21,2000,10.2,622,58,259,276,93,8,622,19,10,52.6,9,47.4,298,1477,674,15,10,1,18,6,314,17,Matches,1d0bb7e4
553,Mattias Svanberg,se SWE,MF,Bologna,22,1999,28.5,1327,45,269,700,372,30,1327,53,28,52.8,25,47.2,712,3707,1840,39,40,3,37,22,908,57,Matches,92d83c27
554,Michael Svoboda,at AUT,DF,Venezia,22,1998,13.7,771,125,420,334,29,13,771,3,2,66.7,1,33.3,437,2379,1441,11,8,0,6,6,441,1,Matches,8abd174d
555,Wojciech Szczęsny,pl POL,GK,Juventus,31,1990,33,1063,903,1053,10,0,0,1063,0,0,,0,,657,3464,2025,0,0,0,0,0,562,1,Matches,01b8a2b2
556,Adrien Tameze,cm CMR,MFDF,Hellas Verona,27,1994,28.6,1634,79,384,909,364,42,1634,60,34,56.7,26,43.3,868,4631,2317,55,33,10,51,26,930,96,Matches,8da74c05
557,Ciprian Tătărușanu,ro ROU,GK,Milan,35,1986,6,217,176,215,2,0,0,217,0,0,,0,,125,739,513,0,0,0,0,0,119,0,Matches,b056e3da
558,Filippo Terracciano,it ITA,DF,Hellas Verona,18,2003,0.1,7,0,2,2,3,1,7,0,0,,0,,1,2,0,0,0,0,0,0,2,1,Matches,5cbb5ad6
559,Pietro Terracciano,it ITA,GK,Fiorentina,31,1990,31.8,1596,1283,1586,11,0,0,1596,2,1,50,1,50,1022,4983,2868,0,0,0,0,0,1032,0,Matches,e1b0a70d
560,Aleksa Terzić,rs SRB,DF,Fiorentina,21,1999,3,279,10,109,108,64,3,279,2,1,50,1,50,152,730,425,10,6,0,8,3,167,23,Matches,3ef0a2d7
561,Tanner Tessmann,us USA,MF,Venezia,19,2001,7.6,320,45,126,152,51,8,320,12,11,91.7,0,0,173,1089,586,12,10,2,13,7,176,18,Matches,ac277993
562,Arthur Theate,be BEL,DF,Bologna,21,2000,26.9,1723,144,776,839,135,21,1723,29,19,65.5,10,34.5,1045,5795,3384,37,38,1,22,10,1160,17,Matches,df8d6029
563,Morten Thorsby,no NOR,MF,Sampdoria,25,1996,32.7,1343,74,286,762,305,68,1343,25,13,52,12,48,572,2106,902,18,13,1,64,22,806,51,Matches,d1b49282
564,Jeremy Toljan,de GER,DF,Sassuolo,26,1994,15.5,975,55,342,429,209,21,975,13,4,30.8,9,69.2,506,2710,1313,36,19,3,18,6,597,78,Matches,a96e5dc0
565,Rafael Tolói,it ITA,DF,Atalanta,30,1990,16,1111,76,393,581,144,18,1111,14,7,50,7,50,648,2826,1402,12,22,0,12,5,698,14,Matches,c56dc39e
566,Takehiro Tomiyasu,jp JPN,DF,Bologna,22,1998,0.1,5,0,2,1,2,0,5,1,1,100,0,0,3,30,0,0,0,0,1,0,2,0,Matches,b3af9be1
567,Fikayo Tomori,eng ENG,DF,Milan,23,1997,30.2,2037,212,1018,970,61,16,2037,12,8,66.7,4,33.3,1111,5262,2910,14,8,1,16,0,1316,5,Matches,7edfbb8a
568,Sandro Tonali,it ITA,MF,Milan,21,2000,28.9,1755,56,361,1007,411,27,1755,45,30,66.7,15,33.3,938,5617,2650,51,43,5,33,23,1102,46,Matches,0db169ae
569,Lorenzo Tonelli,it ITA,DF,Empoli,31,1990,9.7,662,87,305,333,28,11,662,5,4,80,1,20,352,1770,1172,7,1,0,7,3,392,3,Matches,8cc29864
570,Ernesto Torregrossa,ve VEN,FW,Sampdoria,29,1992,1.3,58,1,3,24,31,6,58,4,0,0,4,100,32,159,61,2,3,1,6,1,50,14,Matches,bf39bdec
571,Lucas Torreira,uy URU,MF,Fiorentina,25,1996,24.4,1549,37,318,975,261,35,1549,13,6,46.2,7,53.8,832,3144,1249,10,11,3,24,8,1051,30,Matches,52611641
572,Abdoulaye Touré,fr FRA,MF,Genoa,27,1994,4.8,224,8,51,139,37,5,224,9,6,66.7,3,33.3,120,459,186,2,1,1,4,4,128,4,Matches,ef7cd87a
573,Simone Trimboli,it ITA,MF,Sampdoria,19,2002,0.7,57,0,14,33,11,2,57,0,0,,0,,34,191,97,2,0,0,3,0,42,4,Matches,f5f21026
574,Axel Tuanzebe,eng ENG,DF,Napoli,23,1997,0.1,5,1,3,2,0,0,5,0,0,,0,,3,13,6,0,0,0,0,0,3,0,Matches,2baec6ce
575,Iyenoma Udogie,it ITA,DF,Udinese,18,2002,27.5,1233,58,301,585,377,62,1233,67,38,56.7,29,43.3,631,4232,2149,56,37,20,50,35,655,113,Matches,7cd520e8
576,Maximilian Ullmann,at AUT,DF,Venezia,25,1996,2.7,85,8,28,44,13,1,85,1,1,100,0,0,34,139,74,0,2,0,1,0,41,4,Matches,caaf2ed1
577,Kacper Urbanski,pl POL,MF,Bologna,16,2004,0.5,30,2,11,17,2,0,30,2,0,0,2,100,13,58,18,0,0,0,1,0,12,0,Matches,2d9d9e42
578,Antonio Vacca,it ITA,MF,Venezia,31,1990,11.8,817,71,360,419,52,1,817,21,15,71.4,6,28.6,455,2209,1197,9,7,2,6,9,495,7,Matches,444c89d9
579,Zinho Vanheusden,be BEL,DF,Genoa,22,1999,11,546,85,325,183,41,11,546,4,1,25,3,75,272,1471,749,11,9,0,4,1,303,5,Matches,afbf187b
580,Johan Vásquez,mx MEX,DF,Genoa,22,1998,25.3,1494,149,688,688,130,30,1494,9,2,22.2,7,77.8,675,2785,1462,12,13,3,17,12,725,9,Matches,5eaed77a
581,Denis Vavro,sk SVK,DF,Lazio,25,1996,0.1,6,1,2,4,0,0,6,0,0,,0,,1,17,17,0,0,0,0,0,5,0,Matches,8990838
582,Matías Vecino,uy URU,MF,Inter,29,1991,4.2,249,10,54,133,66,15,249,3,1,33.3,2,66.7,131,717,383,10,10,0,1,5,161,14,Matches,44ac04e9
583,Miguel Veloso,pt POR,MF,Hellas Verona,35,1986,14.9,1042,23,177,638,238,8,1042,6,6,100,0,0,496,2955,1560,31,15,1,12,7,578,13,Matches,ab1ca213
584,Lorenzo Venuti,it ITA,DF,Fiorentina,26,1995,17.5,1165,40,386,558,230,10,1165,7,4,57.1,3,42.9,660,2894,1512,28,21,2,19,9,826,53,Matches,983ff2c7
585,Daniele Verde,it ITA,FWMF,Spezia,25,1996,21.7,987,17,158,381,457,49,985,38,15,39.5,23,60.5,575,3484,1465,51,32,19,17,12,652,98,Matches,d3298c99
586,Simone Verdi,it ITA,MFFW,Torino,29,1992,0.5,24,1,2,13,10,2,24,1,0,0,1,100,12,48,17,0,0,0,2,2,14,5,Matches,0375723e
587,Simone Verdi,it ITA,FWMF,Salernitana,29,1992,9.2,459,3,39,190,239,18,458,45,27,60,18,40,271,1924,882,35,26,7,19,19,285,38,Matches,0375723e
588,Jordan Veretout,fr FRA,MF,Roma,28,1993,25.8,1617,43,296,947,387,31,1615,19,14,73.7,5,26.3,912,4802,2204,49,32,4,24,11,1135,70,Matches,4a56052c
589,Edoardo Vergani,it ITA,FWMF,Salernitana,20,2001,1.1,41,5,11,15,15,3,41,1,0,0,1,100,21,66,9,0,0,0,7,1,28,7,Matches,2873973b
590,Valerio Verre,it ITA,MFFW,Sampdoria,27,1994,4.7,280,6,32,139,112,9,280,7,4,57.1,3,42.9,199,937,471,12,17,2,20,9,202,24,Matches,33ecf462
591,Valerio Verre,it ITA,MF,Empoli,27,1994,3.4,214,2,38,94,84,9,214,14,5,35.7,9,64.3,149,878,438,14,9,0,8,9,158,23,Matches,33ecf462
592,Freddie Veseli,al ALB,DF,Salernitana,28,1992,6.6,268,37,122,129,19,0,268,2,2,100,0,0,123,444,267,2,3,0,2,3,137,5,Matches,d541e703
593,Guglielmo Vicario,it ITA,GK,Empoli,24,1996,38,1455,1298,1451,5,0,0,1455,0,0,,0,,818,4160,2888,0,0,0,1,0,657,0,Matches,77d6fd4d
594,Arturo Vidal,cl CHI,MF,Inter,34,1987,8.2,673,23,159,374,144,27,673,8,6,75,2,25,369,1313,670,11,8,2,9,5,492,35,Matches,67cdbc0e
595,Ronaldo Vieira,gw GNB,MF,Sampdoria,23,1998,5.5,,,,,,,,,,,,,,,,,,,,,,,Matches,75e60d75
596,Luca Vignali,it ITA,DFMF,Spezia,25,1996,0.9,58,3,21,26,12,0,58,1,0,0,1,100,29,87,32,0,1,0,2,0,38,7,Matches,c1e8e74e
597,Emanuel Vignato,it ITA,MFDF,Bologna,20,2000,6.6,459,6,70,235,158,15,459,14,12,85.7,2,14.3,274,1787,834,22,17,4,10,9,320,37,Matches,ec5dae45
598,Matías Viña,uy URU,DFFW,Roma,23,1997,17.4,1053,48,311,501,254,26,1053,29,14,48.3,15,51.7,456,2275,1388,41,22,8,32,6,570,68,Matches,08eb3b58
599,Nicolas Viola,it ITA,MF,Bologna,31,1989,1.1,75,2,16,41,20,1,75,4,1,25,3,75,36,131,58,1,2,0,0,0,45,2,Matches,45392b06
600,Mattia Viti,it ITA,DF,Empoli,19,2002,16.6,866,149,434,399,38,6,866,18,14,77.8,4,22.2,471,2554,1601,10,3,1,7,3,466,3,Matches,75438a9a
601,Dušan Vlahović,rs SRB,FW,Fiorentina,21,2000,20.6,641,21,36,292,319,115,635,37,20,54.1,17,45.9,374,1474,473,18,13,11,82,42,534,138,Matches,79443529
602,Dušan Vlahović,rs SRB,FW,Juventus,21,2000,12,389,9,20,148,227,80,389,27,11,40.7,16,59.3,234,1023,387,15,11,5,56,28,323,113,Matches,79443529
603,Mërgim Vojvoda,xk KVX,DF,Torino,26,1995,22,1378,71,339,639,415,30,1378,26,18,69.2,8,30.8,758,3729,1894,44,37,8,21,12,825,87,Matches,be2706c0
604,Cristian Volpato,it ITA,FWMF,Roma,17,2003,0.4,30,0,1,11,19,6,30,2,1,50,1,50,25,197,82,4,3,3,2,1,24,7,Matches,72f87f25
605,Stefan de Vrij,nl NED,DF,Inter,29,1992,26.8,1752,205,928,796,39,25,1752,5,5,100,0,0,1001,5396,3191,15,6,1,6,3,1192,1,Matches,d0d8dd44
606,Walace,br BRA,MF,Udinese,26,1995,33,2040,102,586,1207,280,15,2040,39,24,61.5,15,38.5,1091,5677,2981,42,24,2,49,35,1224,20,Matches,26db8853
607,Sebastian Walukiewicz,pl POL,DF,Cagliari,21,2000,3.4,213,23,120,86,7,1,213,8,6,75,2,25,143,757,416,4,2,0,4,0,147,2,Matches,217875a4
608,Magnus Warming,dk DEN,MFFW,Torino,21,2000,0.6,32,0,6,11,15,3,32,1,0,0,1,100,15,134,83,6,1,2,1,2,18,6,Matches,55e098cd
609,Kelvin Yeboah,it ITA,FWMF,Genoa,21,2000,9.4,352,9,41,123,193,53,352,36,13,36.1,22,61.1,198,1318,527,23,15,10,44,13,240,60,Matches,ea0893d6
610,Gerard Yepes,es ESP,MFDF,Sampdoria,18,2002,0.2,24,1,9,15,0,0,24,0,0,,0,,12,92,37,0,0,0,0,0,14,1,Matches,ee9040b4
611,Maya Yoshida,jp JPN,DF,Sampdoria,32,1988,20.3,1139,179,630,471,39,15,1139,2,2,100,0,0,601,2440,1161,7,3,0,9,4,672,5,Matches,caffaf5a
612,Mattia Zaccagni,it ITA,MF,Hellas Verona,26,1995,2,99,1,5,36,62,10,98,11,7,63.6,4,36.4,62,468,250,10,7,4,2,8,66,20,Matches,d85c238b
613,Mattia Zaccagni,it ITA,FW,Lazio,26,1995,20.8,977,12,106,397,484,98,977,87,45,51.7,41,47.1,671,5005,2571,85,36,36,41,12,781,211,Matches,d85c238b
614,Denis Zakaria,ch SUI,MF,Juventus,24,1996,6.6,237,10,62,111,68,15,237,5,2,40,3,60,114,593,289,8,9,0,11,7,136,17,Matches,384d58d9
615,Nicola Zalewski,pl POL,DF,Roma,19,2002,8.8,635,6,201,294,155,13,635,30,15,50,15,50,316,2376,1443,43,24,8,16,7,354,35,Matches,45191c29
616,Andre-Frank Zambo Anguissa,cm CMR,MF,Napoli,25,1995,21.4,1490,47,271,893,338,45,1490,66,46,69.7,20,30.3,886,4257,1948,45,31,9,46,23,1091,60,Matches,6bb2c084
617,Nicolò Zaniolo,it ITA,FWMF,Roma,22,1999,21.9,882,7,78,362,475,100,882,114,56,49.1,57,50,589,4704,2143,87,67,27,95,53,690,205,Matches,9907b1c8
618,Alessandro Zanoli,it ITA,DF,Napoli,20,2000,5.1,333,22,110,167,60,3,333,11,6,54.5,5,45.5,174,792,463,11,8,3,5,2,212,13,Matches,3b12b11f
619,Mattia Zanotti,it ITA,DF,Inter,18,2003,0.1,13,0,3,1,9,1,13,0,0,,0,,10,25,6,0,0,0,0,0,10,2,Matches,875d65d1
620,Duván Zapata,co COL,FW,Atalanta,30,1991,19.1,814,8,22,259,539,192,811,61,28,45.9,33,54.1,543,3114,1478,66,40,38,87,43,675,213,Matches,d3de9af0
621,Gabriele Zappa,it ITA,DF,Cagliari,21,1999,12.7,744,46,272,321,161,11,744,26,11,42.3,15,57.7,414,2151,1086,22,23,2,18,10,441,37,Matches,ca3db240
622,Davide Zappacosta,it ITA,DF,Atalanta,29,1992,26.1,1744,45,352,721,685,87,1744,52,24,46.2,28,53.8,1000,5443,3095,94,61,25,29,23,1206,178,Matches,7fe90ccd
623,Simone Zaza,it ITA,FWDF,Torino,30,1991,1.4,71,5,8,24,41,12,71,3,2,66.7,1,33.3,35,137,53,2,4,1,10,6,51,7,Matches,9592289a
624,Marvin Zeegelaar,nl NED,DF,Udinese,30,1990,7.1,398,34,167,191,46,5,398,7,5,71.4,2,28.6,166,837,422,4,6,0,5,2,200,5,Matches,8abd0c03
625,Piotr Zieliński,pl POL,MF,Napoli,27,1994,23.2,1336,11,134,709,498,69,1336,36,17,47.2,19,52.8,795,3909,1825,50,47,3,39,17,1038,95,Matches,a5296e55
626,David Zima,cz CZE,DF,Torino,20,2000,14.6,755,71,331,346,79,12,755,7,5,71.4,2,28.6,407,1895,815,7,12,1,9,5,456,8,Matches,acf7e795
627,Jeroen Zoet,nl NED,GK,Spezia,30,1991,7,258,236,258,0,0,0,258,0,0,,0,,138,687,380,0,0,0,1,0,110,0,Matches,cc1a0c57
628,Nadir Zortea,it ITA,DFMF,Salernitana,22,1999,15.7,666,44,167,262,253,18,666,50,26,52,24,48,339,2287,1223,49,27,10,32,13,357,74,Matches,82598b71
629,Petar Zovko,ba BIH,GK,Spezia,19,2002,0.3,11,10,11,0,0,0,11,0,0,,0,,3,22,10,0,0,0,0,0,4,0,Matches,54f6afe3
630,Szymon Żurkowski,pl POL,MF,Empoli,23,1997,25.6,1278,62,288,575,439,58,1278,55,38,69.1,17,30.9,805,5566,2935,70,59,6,68,35,854,107,Matches,4e1d5e59
631,Milan Đurić,ba BIH,FW,Salernitana,31,1990,24.1,870,36,66,421,386,146,869,16,8,50,8,50,373,1065,305,7,12,1,37,20,731,100,Matches,405f6586
632,Filip Đuričić,rs SRB,MFFW,Sassuolo,29,1992,7.5,308,9,43,137,135,24,308,29,18,62.1,11,37.9,215,1397,780,25,20,8,19,14,243,40,Matches,eccbe56a